ISO-10303-21;
HEADER;
/* Generated by software containing ST-Developer
 * from STEP Tools, Inc. (www.steptools.com) 
 */

FILE_DESCRIPTION(
/* description */ (''),
/* implementation_level */ '2;1');

FILE_NAME(
/* name */ 'RetroCom Case Bottom.step',
/* time_stamp */ '2026-08-05T16:19:05+03:00',
/* author */ (''),
/* organization */ (''),
/* preprocessor_version */ 'ST-DEVELOPER v20.1',
/* originating_system */ 'Autodesk Translation Framework v15.8.0.0',
/* authorisation */ '');

FILE_SCHEMA (('AUTOMOTIVE_DESIGN { 1 0 10303 214 3 1 1 }'));
ENDSEC;

DATA;
#10=MECHANICAL_DESIGN_GEOMETRIC_PRESENTATION_REPRESENTATION('',(#13),#3791);
#11=SHAPE_REPRESENTATION_RELATIONSHIP('SRR','None',#3798,#12);
#12=ADVANCED_BREP_SHAPE_REPRESENTATION('',(#14),#3790);
#13=STYLED_ITEM('',(#3808),#14);
#14=MANIFOLD_SOLID_BREP('Body1',#2067);
#15=B_SPLINE_CURVE_WITH_KNOTS('',3,(#3069,#3070,#3071,#3072,#3073,#3074),
 .UNSPECIFIED.,.F.,.F.,(4,2,4),(1.56139862305139,1.58545980834954,1.68696918645953),
 .UNSPECIFIED.);
#16=B_SPLINE_CURVE_WITH_KNOTS('',3,(#3075,#3076,#3077,#3078),
 .UNSPECIFIED.,.F.,.F.,(4,4),(0.303257769410575,0.366623700119276),
 .UNSPECIFIED.);
#17=B_SPLINE_CURVE_WITH_KNOTS('',3,(#3086,#3087,#3088,#3089,#3090,#3091),
 .UNSPECIFIED.,.F.,.F.,(4,2,4),(1.43662374834604,1.6784063948753,1.8147339145692),
 .UNSPECIFIED.);
#18=B_SPLINE_CURVE_WITH_KNOTS('',3,(#3093,#3094,#3095,#3096,#3097,#3098),
 .UNSPECIFIED.,.F.,.F.,(4,2,4),(1.05851358212289,1.19484110181679,1.43662374834604),
 .UNSPECIFIED.);
#19=B_SPLINE_CURVE_WITH_KNOTS('',3,(#3112,#3113,#3114,#3115),
 .UNSPECIFIED.,.F.,.F.,(4,4),(-0.36132115385983,-0.302805681149672),
 .UNSPECIFIED.);
#20=B_SPLINE_CURVE_WITH_KNOTS('',3,(#3116,#3117,#3118,#3119,#3120,#3121),
 .UNSPECIFIED.,.F.,.F.,(4,2,4),(1.05506086905735,1.15218415509775,1.17602108763809),
 .UNSPECIFIED.);
#21=B_SPLINE_CURVE_WITH_KNOTS('',3,(#3129,#3130,#3131,#3132,#3133,#3134,
#3135,#3136,#3137,#3138,#3139,#3140,#3141,#3142),.UNSPECIFIED.,.F.,.F.,
(4,2,2,2,2,2,4),(1.09935378361382,1.23345751804562,1.36032383809176,1.48719015813789,
1.61405647818403,1.74092279823017,1.89338421923908),.UNSPECIFIED.);
#22=B_SPLINE_CURVE_WITH_KNOTS('',3,(#3154,#3155,#3156,#3157,#3158,#3159),
 .UNSPECIFIED.,.F.,.F.,(4,2,4),(1.05433585270398,1.14936402189005,1.35355092111868),
 .UNSPECIFIED.);
#23=B_SPLINE_CURVE_WITH_KNOTS('',3,(#3161,#3162,#3163,#3164,#3165,#3166,
#3167,#3168,#3169,#3170),.UNSPECIFIED.,.F.,.F.,(4,2,2,2,4),(1.07674534908115,
1.2103907453045,1.45724553482483,1.70410032434515,1.83774572056851),
 .UNSPECIFIED.);
#24=B_SPLINE_CURVE_WITH_KNOTS('',3,(#3173,#3174,#3175,#3176,#3177,#3178),
 .UNSPECIFIED.,.F.,.F.,(4,2,4),(1.35355092111868,1.55773782034732,1.65276598953339),
 .UNSPECIFIED.);
#25=B_SPLINE_CURVE_WITH_KNOTS('',3,(#3182,#3183,#3184,#3185,#3186,#3187,
#3188,#3189,#3190,#3191),.UNSPECIFIED.,.F.,.F.,(4,2,2,2,4),(1.05284070992336,
1.1210930342324,1.27776320314921,1.43443337206603,1.50268569637507),
 .UNSPECIFIED.);
#26=B_SPLINE_CURVE_WITH_KNOTS('',3,(#3199,#3200,#3201,#3202,#3203,#3204,
#3205,#3206,#3207,#3208,#3209,#3210,#3211,#3212),.UNSPECIFIED.,.F.,.F.,
(4,2,2,2,2,2,4),(1.03635195625073,1.13985589599939,1.24596956484012,1.35208323368085,
1.45819690252158,1.56431057136231,1.66781451111097),.UNSPECIFIED.);
#27=B_SPLINE_CURVE_WITH_KNOTS('',3,(#3224,#3225,#3226,#3227,#3228,#3229,
#3230,#3231,#3232,#3233,#3234,#3235,#3236,#3237),.UNSPECIFIED.,.F.,.F.,
(4,2,2,2,2,2,4),(1.08283398705205,1.23340257682587,1.36051786395776,1.48763315108964,
1.61474843822153,1.74186372535342,1.88939940120902),.UNSPECIFIED.);
#28=B_SPLINE_CURVE_WITH_KNOTS('',3,(#3254,#3255,#3256,#3257),
 .UNSPECIFIED.,.F.,.F.,(4,4),(-0.3305705451002,-0.311276800528792),
 .UNSPECIFIED.);
#29=B_SPLINE_CURVE_WITH_KNOTS('',3,(#3259,#3260,#3261,#3262,#3263,#3264,
#3265,#3266,#3267,#3268),.UNSPECIFIED.,.F.,.F.,(4,2,2,2,4),(1.05428402902913,
1.14927433474715,1.35340398064175,1.55753362653635,1.61985327844643),
 .UNSPECIFIED.);
#30=B_SPLINE_CURVE_WITH_KNOTS('',3,(#3275,#3276,#3277,#3278,#3279,#3280,
#3281,#3282),.UNSPECIFIED.,.F.,.F.,(4,2,2,4),(1.45916894793903,1.58269977452565,
1.70623060111226,1.83433859754198),.UNSPECIFIED.);
#31=B_SPLINE_CURVE_WITH_KNOTS('',3,(#3284,#3285,#3286,#3287,#3288,#3289,
#3290,#3291),.UNSPECIFIED.,.F.,.F.,(4,2,2,4),(1.06635978948105,1.21210729476581,
1.33563812135242,1.45916894793903),.UNSPECIFIED.);
#32=B_SPLINE_CURVE_WITH_KNOTS('',3,(#3299,#3300,#3301,#3302,#3303,#3304,
#3305,#3306,#3307,#3308,#3309,#3310,#3311,#3312,#3313,#3314,#3315,#3316,
#3317,#3318,#3319,#3320),.UNSPECIFIED.,.F.,.F.,(4,2,2,2,2,2,2,2,2,2,4),
(1.08637887658708,1.22272821252992,1.28717492135005,1.32247048318154,1.36166622416471,
1.46908917312003,1.57651212207535,1.61570786305851,1.65100342489,1.71545013371013,
1.86913918484431),.UNSPECIFIED.);
#33=B_SPLINE_CURVE_WITH_KNOTS('',3,(#3365,#3366,#3367,#3368,#3369,#3370,
#3371,#3372,#3373,#3374,#3375,#3376,#3377,#3378),.UNSPECIFIED.,.F.,.F.,
(4,2,2,2,2,2,4),(-1.66781451111097,-1.56431057136231,-1.45819690252158,
-1.35208323368085,-1.24596956484012,-1.13985589599939,-1.03635195625073),
 .UNSPECIFIED.);
#34=B_SPLINE_CURVE_WITH_KNOTS('',3,(#3382,#3383,#3384,#3385,#3386,#3387,
#3388,#3389,#3390,#3391,#3392,#3393,#3394,#3395),.UNSPECIFIED.,.F.,.F.,
(4,2,2,2,2,2,4),(1.03635196784041,1.13985593012545,1.24596961281002,1.35208329549458,
1.45819697817915,1.56431066086371,1.66781462314875),.UNSPECIFIED.);
#35=B_SPLINE_CURVE_WITH_KNOTS('',3,(#3399,#3400,#3401,#3402,#3403,#3404,
#3405,#3406,#3407,#3408),.UNSPECIFIED.,.F.,.F.,(4,2,2,2,4),(1.06104998438491,
1.20052133136671,1.44418671141495,1.68785209146319,1.827323438445),
 .UNSPECIFIED.);
#36=B_SPLINE_CURVE_WITH_KNOTS('',3,(#3420,#3421,#3422,#3423,#3424,#3425,
#3426,#3427,#3428,#3429,#3430,#3431,#3432,#3433),.UNSPECIFIED.,.F.,.F.,
(4,2,2,2,2,2,4),(-1.66781462314875,-1.56431066086371,-1.45819697817915,
-1.35208329549458,-1.24596961281002,-1.13985593012545,-1.03635196784041),
 .UNSPECIFIED.);
#37=B_SPLINE_CURVE_WITH_KNOTS('',3,(#3464,#3465,#3466,#3467,#3468,#3469,
#3470,#3471),.UNSPECIFIED.,.F.,.F.,(4,2,2,4),(-1.7420068957731,-1.62593644926959,
-1.5117423823315,-1.39754831539342),.UNSPECIFIED.);
#38=B_SPLINE_CURVE_WITH_KNOTS('',3,(#3475,#3476,#3477,#3478,#3479,#3480,
#3481,#3482,#3483,#3484,#3485,#3486,#3487,#3488),.UNSPECIFIED.,.F.,.F.,
(4,2,2,2,2,2,4),(1.05402649278265,1.17156138726269,1.28648161067187,1.40140183408104,
1.51632205749022,1.63124228089939,1.74877717537943),.UNSPECIFIED.);
#39=B_SPLINE_CURVE_WITH_KNOTS('',3,(#3491,#3492,#3493,#3494,#3495,#3496,
#3497,#3498,#3499,#3500,#3501,#3502,#3503,#3504,#3505,#3506,#3507,#3508,
#3509,#3510,#3511,#3512,#3513,#3514,#3515,#3516),.UNSPECIFIED.,.F.,.F.,
(4,2,2,2,2,2,2,2,2,2,2,2,4),(1.08573968725682,1.16772890523966,1.2497181232225,
1.31916883932683,1.35689960085301,1.39847639711915,1.50225513223031,1.60603386734146,
1.6476106636076,1.68534142513378,1.75479214123811,1.83678135922095,1.90079515274842),
 .UNSPECIFIED.);
#40=B_SPLINE_CURVE_WITH_KNOTS('',3,(#3519,#3520,#3521,#3522,#3523,#3524,
#3525,#3526),.UNSPECIFIED.,.F.,.F.,(4,2,2,4),(-1.39754831539342,-1.28335424845533,
-1.16916018151725,-1.05308973501374),.UNSPECIFIED.);
#41=B_SPLINE_CURVE_WITH_KNOTS('',3,(#3556,#3557,#3558,#3559,#3560,#3561),
 .UNSPECIFIED.,.F.,.F.,(4,2,4),(1.07059607495154,1.20620231547155,1.45191862302311),
 .UNSPECIFIED.);
#42=B_SPLINE_CURVE_WITH_KNOTS('',3,(#3565,#3566,#3567,#3568,#3569,#3570,
#3571,#3572,#3573,#3574,#3575,#3576,#3577,#3578),.UNSPECIFIED.,.F.,.F.,
(4,2,2,2,2,2,4),(1.08283398705205,1.23340257682587,1.36051786395776,1.48763315108965,
1.61474843822154,1.74186372535342,1.88939940120902),.UNSPECIFIED.);
#43=B_SPLINE_CURVE_WITH_KNOTS('',3,(#3579,#3580,#3581,#3582,#3583,#3584,
#3585,#3586,#3587,#3588,#3589,#3590,#3591,#3592),.UNSPECIFIED.,.F.,.F.,
(4,2,2,2,2,2,4),(1.08877733488407,1.23967207074378,1.36755654157235,1.49544101240091,
1.62332548322948,1.75120995405804,1.90210468991776),.UNSPECIFIED.);
#44=B_SPLINE_CURVE_WITH_KNOTS('',3,(#3595,#3596,#3597,#3598,#3599,#3600),
 .UNSPECIFIED.,.F.,.F.,(4,2,4),(1.45191862302311,1.69763493057466,1.83324117109467),
 .UNSPECIFIED.);
#45=CYLINDRICAL_SURFACE('',#2099,0.399999999999999);
#46=CYLINDRICAL_SURFACE('',#2105,0.399999999999999);
#47=CYLINDRICAL_SURFACE('',#2111,0.4);
#48=CYLINDRICAL_SURFACE('',#2117,0.4);
#49=CYLINDRICAL_SURFACE('',#2119,0.124999999999999);
#50=CYLINDRICAL_SURFACE('',#2124,0.124999999999999);
#51=CYLINDRICAL_SURFACE('',#2128,0.125);
#52=CYLINDRICAL_SURFACE('',#2133,0.125);
#53=CYLINDRICAL_SURFACE('',#2138,0.977690244164428);
#54=CYLINDRICAL_SURFACE('',#2140,0.977690244164428);
#55=CYLINDRICAL_SURFACE('',#2151,0.399999999999999);
#56=CYLINDRICAL_SURFACE('',#2158,0.4);
#57=CYLINDRICAL_SURFACE('',#2168,0.400000005960464);
#58=CYLINDRICAL_SURFACE('',#2177,0.4);
#59=CYLINDRICAL_SURFACE('',#2179,0.125);
#60=CYLINDRICAL_SURFACE('',#2184,0.125);
#61=CYLINDRICAL_SURFACE('',#2189,0.125);
#62=CYLINDRICAL_SURFACE('',#2194,0.125);
#63=CYLINDRICAL_SURFACE('',#2211,0.360555132919089);
#64=CYLINDRICAL_SURFACE('',#2213,0.125000000000002);
#65=CYLINDRICAL_SURFACE('',#2227,0.37807700802554);
#66=CYLINDRICAL_SURFACE('',#2229,0.125);
#67=CYLINDRICAL_SURFACE('',#2243,0.385119105855486);
#68=CYLINDRICAL_SURFACE('',#2245,0.125);
#69=CYLINDRICAL_SURFACE('',#2259,0.360555132919089);
#70=CYLINDRICAL_SURFACE('',#2261,0.125);
#71=FACE_BOUND('',#622,.T.);
#72=FACE_BOUND('',#623,.T.);
#73=FACE_BOUND('',#624,.T.);
#74=FACE_BOUND('',#625,.T.);
#75=FACE_BOUND('',#626,.T.);
#76=FACE_BOUND('',#627,.T.);
#77=FACE_BOUND('',#637,.T.);
#78=FACE_BOUND('',#641,.T.);
#79=FACE_BOUND('',#644,.T.);
#80=FACE_BOUND('',#648,.T.);
#81=FACE_BOUND('',#664,.T.);
#82=FACE_BOUND('',#674,.T.);
#83=FACE_BOUND('',#678,.T.);
#84=FACE_BOUND('',#682,.T.);
#85=FACE_BOUND('',#686,.T.);
#86=FACE_BOUND('',#696,.T.);
#87=FACE_BOUND('',#704,.T.);
#88=FACE_BOUND('',#713,.T.);
#89=FACE_BOUND('',#721,.T.);
#90=FACE_BOUND('',#754,.T.);
#91=FACE_BOUND('',#756,.T.);
#92=FACE_BOUND('',#757,.T.);
#93=FACE_BOUND('',#758,.T.);
#94=FACE_BOUND('',#759,.T.);
#95=FACE_BOUND('',#760,.T.);
#96=FACE_BOUND('',#761,.T.);
#97=FACE_BOUND('',#765,.T.);
#98=LINE('',#2920,#258);
#99=LINE('',#2922,#259);
#100=LINE('',#2924,#260);
#101=LINE('',#2930,#261);
#102=LINE('',#2934,#262);
#103=LINE('',#2936,#263);
#104=LINE('',#2938,#264);
#105=LINE('',#2940,#265);
#106=LINE('',#2946,#266);
#107=LINE('',#2948,#267);
#108=LINE('',#2950,#268);
#109=LINE('',#2952,#269);
#110=LINE('',#2954,#270);
#111=LINE('',#2969,#271);
#112=LINE('',#2979,#272);
#113=LINE('',#2989,#273);
#114=LINE('',#2999,#274);
#115=LINE('',#3004,#275);
#116=LINE('',#3012,#276);
#117=LINE('',#3019,#277);
#118=LINE('',#3027,#278);
#119=LINE('',#3034,#279);
#120=LINE('',#3038,#280);
#121=LINE('',#3042,#281);
#122=LINE('',#3044,#282);
#123=LINE('',#3046,#283);
#124=LINE('',#3047,#284);
#125=LINE('',#3050,#285);
#126=LINE('',#3052,#286);
#127=LINE('',#3053,#287);
#128=LINE('',#3056,#288);
#129=LINE('',#3058,#289);
#130=LINE('',#3059,#290);
#131=LINE('',#3061,#291);
#132=LINE('',#3062,#292);
#133=LINE('',#3082,#293);
#134=LINE('',#3084,#294);
#135=LINE('',#3100,#295);
#136=LINE('',#3101,#296);
#137=LINE('',#3105,#297);
#138=LINE('',#3125,#298);
#139=LINE('',#3127,#299);
#140=LINE('',#3143,#300);
#141=LINE('',#3147,#301);
#142=LINE('',#3193,#302);
#143=LINE('',#3195,#303);
#144=LINE('',#3197,#304);
#145=LINE('',#3214,#305);
#146=LINE('',#3216,#306);
#147=LINE('',#3218,#307);
#148=LINE('',#3220,#308);
#149=LINE('',#3222,#309);
#150=LINE('',#3239,#310);
#151=LINE('',#3240,#311);
#152=LINE('',#3243,#312);
#153=LINE('',#3247,#313);
#154=LINE('',#3273,#314);
#155=LINE('',#3292,#315);
#156=LINE('',#3293,#316);
#157=LINE('',#3296,#317);
#158=LINE('',#3298,#318);
#159=LINE('',#3324,#319);
#160=LINE('',#3329,#320);
#161=LINE('',#3337,#321);
#162=LINE('',#3345,#322);
#163=LINE('',#3353,#323);
#164=LINE('',#3413,#324);
#165=LINE('',#3415,#325);
#166=LINE('',#3416,#326);
#167=LINE('',#3418,#327);
#168=LINE('',#3434,#328);
#169=LINE('',#3436,#329);
#170=LINE('',#3437,#330);
#171=LINE('',#3439,#331);
#172=LINE('',#3441,#332);
#173=LINE('',#3443,#333);
#174=LINE('',#3447,#334);
#175=LINE('',#3452,#335);
#176=LINE('',#3456,#336);
#177=LINE('',#3530,#337);
#178=LINE('',#3531,#338);
#179=LINE('',#3534,#339);
#180=LINE('',#3535,#340);
#181=LINE('',#3539,#341);
#182=LINE('',#3544,#342);
#183=LINE('',#3548,#343);
#184=LINE('',#3604,#344);
#185=LINE('',#3605,#345);
#186=LINE('',#3606,#346);
#187=LINE('',#3608,#347);
#188=LINE('',#3609,#348);
#189=LINE('',#3610,#349);
#190=LINE('',#3613,#350);
#191=LINE('',#3617,#351);
#192=LINE('',#3622,#352);
#193=LINE('',#3640,#353);
#194=LINE('',#3645,#354);
#195=LINE('',#3652,#355);
#196=LINE('',#3654,#356);
#197=LINE('',#3656,#357);
#198=LINE('',#3657,#358);
#199=LINE('',#3660,#359);
#200=LINE('',#3662,#360);
#201=LINE('',#3663,#361);
#202=LINE('',#3667,#362);
#203=LINE('',#3668,#363);
#204=LINE('',#3671,#364);
#205=LINE('',#3672,#365);
#206=LINE('',#3674,#366);
#207=LINE('',#3676,#367);
#208=LINE('',#3681,#368);
#209=LINE('',#3683,#369);
#210=LINE('',#3685,#370);
#211=LINE('',#3686,#371);
#212=LINE('',#3688,#372);
#213=LINE('',#3691,#373);
#214=LINE('',#3693,#374);
#215=LINE('',#3694,#375);
#216=LINE('',#3698,#376);
#217=LINE('',#3699,#377);
#218=LINE('',#3702,#378);
#219=LINE('',#3703,#379);
#220=LINE('',#3705,#380);
#221=LINE('',#3711,#381);
#222=LINE('',#3713,#382);
#223=LINE('',#3715,#383);
#224=LINE('',#3716,#384);
#225=LINE('',#3719,#385);
#226=LINE('',#3721,#386);
#227=LINE('',#3722,#387);
#228=LINE('',#3725,#388);
#229=LINE('',#3726,#389);
#230=LINE('',#3729,#390);
#231=LINE('',#3730,#391);
#232=LINE('',#3732,#392);
#233=LINE('',#3736,#393);
#234=LINE('',#3738,#394);
#235=LINE('',#3740,#395);
#236=LINE('',#3741,#396);
#237=LINE('',#3743,#397);
#238=LINE('',#3746,#398);
#239=LINE('',#3748,#399);
#240=LINE('',#3749,#400);
#241=LINE('',#3753,#401);
#242=LINE('',#3754,#402);
#243=LINE('',#3757,#403);
#244=LINE('',#3758,#404);
#245=LINE('',#3760,#405);
#246=LINE('',#3765,#406);
#247=LINE('',#3767,#407);
#248=LINE('',#3769,#408);
#249=LINE('',#3770,#409);
#250=LINE('',#3774,#410);
#251=LINE('',#3776,#411);
#252=LINE('',#3778,#412);
#253=LINE('',#3779,#413);
#254=LINE('',#3781,#414);
#255=LINE('',#3782,#415);
#256=LINE('',#3784,#416);
#257=LINE('',#3786,#417);
#258=VECTOR('',#2318,1.);
#259=VECTOR('',#2319,1.);
#260=VECTOR('',#2320,1.);
#261=VECTOR('',#2325,1.);
#262=VECTOR('',#2328,1.);
#263=VECTOR('',#2329,1.);
#264=VECTOR('',#2330,1.);
#265=VECTOR('',#2331,1.);
#266=VECTOR('',#2336,1.);
#267=VECTOR('',#2337,1.);
#268=VECTOR('',#2338,1.);
#269=VECTOR('',#2339,1.);
#270=VECTOR('',#2340,1.);
#271=VECTOR('',#2357,0.399999999999999);
#272=VECTOR('',#2370,0.399999999999999);
#273=VECTOR('',#2383,0.4);
#274=VECTOR('',#2396,0.4);
#275=VECTOR('',#2401,0.124999999999999);
#276=VECTOR('',#2412,0.124999999999999);
#277=VECTOR('',#2421,0.125);
#278=VECTOR('',#2432,0.125);
#279=VECTOR('',#2443,0.977690244164428);
#280=VECTOR('',#2448,0.977690244164428);
#281=VECTOR('',#2451,1.);
#282=VECTOR('',#2452,1.);
#283=VECTOR('',#2453,1.);
#284=VECTOR('',#2454,1.);
#285=VECTOR('',#2457,1.);
#286=VECTOR('',#2458,1.);
#287=VECTOR('',#2459,1.);
#288=VECTOR('',#2462,1.);
#289=VECTOR('',#2463,1.);
#290=VECTOR('',#2464,1.);
#291=VECTOR('',#2467,1.);
#292=VECTOR('',#2468,1.);
#293=VECTOR('',#2479,1.);
#294=VECTOR('',#2480,1.);
#295=VECTOR('',#2481,1.);
#296=VECTOR('',#2482,1.);
#297=VECTOR('',#2487,0.399999999999999);
#298=VECTOR('',#2498,1.);
#299=VECTOR('',#2499,1.);
#300=VECTOR('',#2500,1.);
#301=VECTOR('',#2505,0.4);
#302=VECTOR('',#2518,1.);
#303=VECTOR('',#2519,1.);
#304=VECTOR('',#2520,1.);
#305=VECTOR('',#2521,1.);
#306=VECTOR('',#2522,1.);
#307=VECTOR('',#2523,1.);
#308=VECTOR('',#2524,1.);
#309=VECTOR('',#2525,1.);
#310=VECTOR('',#2526,1.);
#311=VECTOR('',#2527,1.);
#312=VECTOR('',#2532,1.);
#313=VECTOR('',#2537,0.400000005960465);
#314=VECTOR('',#2550,1.);
#315=VECTOR('',#2551,1.);
#316=VECTOR('',#2552,1.);
#317=VECTOR('',#2555,1.);
#318=VECTOR('',#2556,1.);
#319=VECTOR('',#2561,0.4);
#320=VECTOR('',#2566,0.125);
#321=VECTOR('',#2577,0.125);
#322=VECTOR('',#2588,0.125);
#323=VECTOR('',#2599,0.125);
#324=VECTOR('',#2624,1.);
#325=VECTOR('',#2625,1.);
#326=VECTOR('',#2626,1.);
#327=VECTOR('',#2627,1.);
#328=VECTOR('',#2628,1.);
#329=VECTOR('',#2629,1.);
#330=VECTOR('',#2630,1.);
#331=VECTOR('',#2633,1.);
#332=VECTOR('',#2636,1.);
#333=VECTOR('',#2639,1.);
#334=VECTOR('',#2644,0.360555132919089);
#335=VECTOR('',#2649,0.125000000000002);
#336=VECTOR('',#2656,1.);
#337=VECTOR('',#2673,1.);
#338=VECTOR('',#2674,1.);
#339=VECTOR('',#2677,1.);
#340=VECTOR('',#2678,1.);
#341=VECTOR('',#2683,0.37807700802554);
#342=VECTOR('',#2688,0.125);
#343=VECTOR('',#2695,1.);
#344=VECTOR('',#2710,1.);
#345=VECTOR('',#2711,1.);
#346=VECTOR('',#2712,1.);
#347=VECTOR('',#2713,1.);
#348=VECTOR('',#2714,1.);
#349=VECTOR('',#2715,1.);
#350=VECTOR('',#2720,1.);
#351=VECTOR('',#2725,0.385119105855486);
#352=VECTOR('',#2730,0.125);
#353=VECTOR('',#2759,0.360555132919089);
#354=VECTOR('',#2764,0.125);
#355=VECTOR('',#2773,1.);
#356=VECTOR('',#2774,1.);
#357=VECTOR('',#2775,1.);
#358=VECTOR('',#2776,1.);
#359=VECTOR('',#2779,1.);
#360=VECTOR('',#2780,1.);
#361=VECTOR('',#2781,1.);
#362=VECTOR('',#2786,1.);
#363=VECTOR('',#2787,1.);
#364=VECTOR('',#2790,1.);
#365=VECTOR('',#2791,1.);
#366=VECTOR('',#2794,1.);
#367=VECTOR('',#2797,1.);
#368=VECTOR('',#2802,1.);
#369=VECTOR('',#2803,1.);
#370=VECTOR('',#2804,1.);
#371=VECTOR('',#2805,1.);
#372=VECTOR('',#2808,1.);
#373=VECTOR('',#2811,1.);
#374=VECTOR('',#2812,1.);
#375=VECTOR('',#2813,1.);
#376=VECTOR('',#2818,1.);
#377=VECTOR('',#2819,1.);
#378=VECTOR('',#2822,1.);
#379=VECTOR('',#2823,1.);
#380=VECTOR('',#2826,1.);
#381=VECTOR('',#2833,1.);
#382=VECTOR('',#2834,1.);
#383=VECTOR('',#2835,1.);
#384=VECTOR('',#2836,1.);
#385=VECTOR('',#2839,1.);
#386=VECTOR('',#2840,1.);
#387=VECTOR('',#2841,1.);
#388=VECTOR('',#2844,1.);
#389=VECTOR('',#2845,1.);
#390=VECTOR('',#2848,1.);
#391=VECTOR('',#2849,1.);
#392=VECTOR('',#2852,1.);
#393=VECTOR('',#2855,1.);
#394=VECTOR('',#2856,1.);
#395=VECTOR('',#2857,1.);
#396=VECTOR('',#2858,1.);
#397=VECTOR('',#2861,1.);
#398=VECTOR('',#2864,1.);
#399=VECTOR('',#2865,1.);
#400=VECTOR('',#2866,1.);
#401=VECTOR('',#2871,1.);
#402=VECTOR('',#2872,1.);
#403=VECTOR('',#2875,1.);
#404=VECTOR('',#2876,1.);
#405=VECTOR('',#2879,1.);
#406=VECTOR('',#2884,1.);
#407=VECTOR('',#2885,1.);
#408=VECTOR('',#2886,1.);
#409=VECTOR('',#2887,1.);
#410=VECTOR('',#2890,1.);
#411=VECTOR('',#2891,1.);
#412=VECTOR('',#2892,1.);
#413=VECTOR('',#2893,1.);
#414=VECTOR('',#2896,1.);
#415=VECTOR('',#2897,1.);
#416=VECTOR('',#2900,1.);
#417=VECTOR('',#2903,1.);
#418=PLANE('',#2086);
#419=PLANE('',#2122);
#420=PLANE('',#2123);
#421=PLANE('',#2127);
#422=PLANE('',#2131);
#423=PLANE('',#2132);
#424=PLANE('',#2136);
#425=PLANE('',#2137);
#426=PLANE('',#2142);
#427=PLANE('',#2143);
#428=PLANE('',#2144);
#429=PLANE('',#2145);
#430=PLANE('',#2150);
#431=PLANE('',#2157);
#432=PLANE('',#2165);
#433=PLANE('',#2166);
#434=PLANE('',#2167);
#435=PLANE('',#2175);
#436=PLANE('',#2176);
#437=PLANE('',#2182);
#438=PLANE('',#2183);
#439=PLANE('',#2187);
#440=PLANE('',#2188);
#441=PLANE('',#2192);
#442=PLANE('',#2193);
#443=PLANE('',#2197);
#444=PLANE('',#2198);
#445=PLANE('',#2207);
#446=PLANE('',#2208);
#447=PLANE('',#2209);
#448=PLANE('',#2210);
#449=PLANE('',#2216);
#450=PLANE('',#2217);
#451=PLANE('',#2225);
#452=PLANE('',#2226);
#453=PLANE('',#2232);
#454=PLANE('',#2233);
#455=PLANE('',#2240);
#456=PLANE('',#2241);
#457=PLANE('',#2242);
#458=PLANE('',#2248);
#459=PLANE('',#2256);
#460=PLANE('',#2257);
#461=PLANE('',#2258);
#462=PLANE('',#2264);
#463=PLANE('',#2265);
#464=PLANE('',#2266);
#465=PLANE('',#2267);
#466=PLANE('',#2268);
#467=PLANE('',#2269);
#468=PLANE('',#2270);
#469=PLANE('',#2271);
#470=PLANE('',#2272);
#471=PLANE('',#2273);
#472=PLANE('',#2274);
#473=PLANE('',#2275);
#474=PLANE('',#2276);
#475=PLANE('',#2277);
#476=PLANE('',#2278);
#477=PLANE('',#2279);
#478=PLANE('',#2280);
#479=PLANE('',#2281);
#480=PLANE('',#2282);
#481=PLANE('',#2283);
#482=PLANE('',#2284);
#483=PLANE('',#2285);
#484=PLANE('',#2286);
#485=PLANE('',#2287);
#486=PLANE('',#2288);
#487=PLANE('',#2289);
#488=PLANE('',#2290);
#489=PLANE('',#2291);
#490=PLANE('',#2292);
#491=PLANE('',#2293);
#492=PLANE('',#2294);
#493=PLANE('',#2295);
#494=PLANE('',#2296);
#495=PLANE('',#2297);
#496=PLANE('',#2298);
#497=PLANE('',#2299);
#498=PLANE('',#2300);
#499=PLANE('',#2301);
#500=FACE_OUTER_BOUND('',#620,.T.);
#501=FACE_OUTER_BOUND('',#621,.T.);
#502=FACE_OUTER_BOUND('',#628,.T.);
#503=FACE_OUTER_BOUND('',#629,.T.);
#504=FACE_OUTER_BOUND('',#630,.T.);
#505=FACE_OUTER_BOUND('',#631,.T.);
#506=FACE_OUTER_BOUND('',#632,.T.);
#507=FACE_OUTER_BOUND('',#633,.T.);
#508=FACE_OUTER_BOUND('',#634,.T.);
#509=FACE_OUTER_BOUND('',#635,.T.);
#510=FACE_OUTER_BOUND('',#636,.T.);
#511=FACE_OUTER_BOUND('',#638,.T.);
#512=FACE_OUTER_BOUND('',#639,.T.);
#513=FACE_OUTER_BOUND('',#640,.T.);
#514=FACE_OUTER_BOUND('',#642,.T.);
#515=FACE_OUTER_BOUND('',#643,.T.);
#516=FACE_OUTER_BOUND('',#645,.T.);
#517=FACE_OUTER_BOUND('',#646,.T.);
#518=FACE_OUTER_BOUND('',#647,.T.);
#519=FACE_OUTER_BOUND('',#649,.T.);
#520=FACE_OUTER_BOUND('',#650,.T.);
#521=FACE_OUTER_BOUND('',#651,.T.);
#522=FACE_OUTER_BOUND('',#652,.T.);
#523=FACE_OUTER_BOUND('',#653,.T.);
#524=FACE_OUTER_BOUND('',#654,.T.);
#525=FACE_OUTER_BOUND('',#655,.T.);
#526=FACE_OUTER_BOUND('',#656,.T.);
#527=FACE_OUTER_BOUND('',#657,.T.);
#528=FACE_OUTER_BOUND('',#658,.T.);
#529=FACE_OUTER_BOUND('',#659,.T.);
#530=FACE_OUTER_BOUND('',#660,.T.);
#531=FACE_OUTER_BOUND('',#661,.T.);
#532=FACE_OUTER_BOUND('',#662,.T.);
#533=FACE_OUTER_BOUND('',#663,.T.);
#534=FACE_OUTER_BOUND('',#665,.T.);
#535=FACE_OUTER_BOUND('',#666,.T.);
#536=FACE_OUTER_BOUND('',#667,.T.);
#537=FACE_OUTER_BOUND('',#668,.T.);
#538=FACE_OUTER_BOUND('',#669,.T.);
#539=FACE_OUTER_BOUND('',#670,.T.);
#540=FACE_OUTER_BOUND('',#671,.T.);
#541=FACE_OUTER_BOUND('',#672,.T.);
#542=FACE_OUTER_BOUND('',#673,.T.);
#543=FACE_OUTER_BOUND('',#675,.T.);
#544=FACE_OUTER_BOUND('',#676,.T.);
#545=FACE_OUTER_BOUND('',#677,.T.);
#546=FACE_OUTER_BOUND('',#679,.T.);
#547=FACE_OUTER_BOUND('',#680,.T.);
#548=FACE_OUTER_BOUND('',#681,.T.);
#549=FACE_OUTER_BOUND('',#683,.T.);
#550=FACE_OUTER_BOUND('',#684,.T.);
#551=FACE_OUTER_BOUND('',#685,.T.);
#552=FACE_OUTER_BOUND('',#687,.T.);
#553=FACE_OUTER_BOUND('',#688,.T.);
#554=FACE_OUTER_BOUND('',#689,.T.);
#555=FACE_OUTER_BOUND('',#690,.T.);
#556=FACE_OUTER_BOUND('',#691,.T.);
#557=FACE_OUTER_BOUND('',#692,.T.);
#558=FACE_OUTER_BOUND('',#693,.T.);
#559=FACE_OUTER_BOUND('',#694,.T.);
#560=FACE_OUTER_BOUND('',#695,.T.);
#561=FACE_OUTER_BOUND('',#697,.T.);
#562=FACE_OUTER_BOUND('',#698,.T.);
#563=FACE_OUTER_BOUND('',#699,.T.);
#564=FACE_OUTER_BOUND('',#700,.T.);
#565=FACE_OUTER_BOUND('',#701,.T.);
#566=FACE_OUTER_BOUND('',#702,.T.);
#567=FACE_OUTER_BOUND('',#703,.T.);
#568=FACE_OUTER_BOUND('',#705,.T.);
#569=FACE_OUTER_BOUND('',#706,.T.);
#570=FACE_OUTER_BOUND('',#707,.T.);
#571=FACE_OUTER_BOUND('',#708,.T.);
#572=FACE_OUTER_BOUND('',#709,.T.);
#573=FACE_OUTER_BOUND('',#710,.T.);
#574=FACE_OUTER_BOUND('',#711,.T.);
#575=FACE_OUTER_BOUND('',#712,.T.);
#576=FACE_OUTER_BOUND('',#714,.T.);
#577=FACE_OUTER_BOUND('',#715,.T.);
#578=FACE_OUTER_BOUND('',#716,.T.);
#579=FACE_OUTER_BOUND('',#717,.T.);
#580=FACE_OUTER_BOUND('',#718,.T.);
#581=FACE_OUTER_BOUND('',#719,.T.);
#582=FACE_OUTER_BOUND('',#720,.T.);
#583=FACE_OUTER_BOUND('',#722,.T.);
#584=FACE_OUTER_BOUND('',#723,.T.);
#585=FACE_OUTER_BOUND('',#724,.T.);
#586=FACE_OUTER_BOUND('',#725,.T.);
#587=FACE_OUTER_BOUND('',#726,.T.);
#588=FACE_OUTER_BOUND('',#727,.T.);
#589=FACE_OUTER_BOUND('',#728,.T.);
#590=FACE_OUTER_BOUND('',#729,.T.);
#591=FACE_OUTER_BOUND('',#730,.T.);
#592=FACE_OUTER_BOUND('',#731,.T.);
#593=FACE_OUTER_BOUND('',#732,.T.);
#594=FACE_OUTER_BOUND('',#733,.T.);
#595=FACE_OUTER_BOUND('',#734,.T.);
#596=FACE_OUTER_BOUND('',#735,.T.);
#597=FACE_OUTER_BOUND('',#736,.T.);
#598=FACE_OUTER_BOUND('',#737,.T.);
#599=FACE_OUTER_BOUND('',#738,.T.);
#600=FACE_OUTER_BOUND('',#739,.T.);
#601=FACE_OUTER_BOUND('',#740,.T.);
#602=FACE_OUTER_BOUND('',#741,.T.);
#603=FACE_OUTER_BOUND('',#742,.T.);
#604=FACE_OUTER_BOUND('',#743,.T.);
#605=FACE_OUTER_BOUND('',#744,.T.);
#606=FACE_OUTER_BOUND('',#745,.T.);
#607=FACE_OUTER_BOUND('',#746,.T.);
#608=FACE_OUTER_BOUND('',#747,.T.);
#609=FACE_OUTER_BOUND('',#748,.T.);
#610=FACE_OUTER_BOUND('',#749,.T.);
#611=FACE_OUTER_BOUND('',#750,.T.);
#612=FACE_OUTER_BOUND('',#751,.T.);
#613=FACE_OUTER_BOUND('',#752,.T.);
#614=FACE_OUTER_BOUND('',#753,.T.);
#615=FACE_OUTER_BOUND('',#755,.T.);
#616=FACE_OUTER_BOUND('',#762,.T.);
#617=FACE_OUTER_BOUND('',#763,.T.);
#618=FACE_OUTER_BOUND('',#764,.T.);
#619=FACE_OUTER_BOUND('',#766,.T.);
#620=EDGE_LOOP('',(#1353,#1354,#1355,#1356,#1357));
#621=EDGE_LOOP('',(#1358,#1359,#1360,#1361,#1362,#1363,#1364,#1365,#1366,
#1367,#1368,#1369,#1370,#1371,#1372,#1373,#1374,#1375,#1376,#1377));
#622=EDGE_LOOP('',(#1378));
#623=EDGE_LOOP('',(#1379));
#624=EDGE_LOOP('',(#1380));
#625=EDGE_LOOP('',(#1381));
#626=EDGE_LOOP('',(#1382));
#627=EDGE_LOOP('',(#1383));
#628=EDGE_LOOP('',(#1384,#1385,#1386,#1387,#1388));
#629=EDGE_LOOP('',(#1389,#1390,#1391,#1392,#1393));
#630=EDGE_LOOP('',(#1394,#1395,#1396,#1397,#1398));
#631=EDGE_LOOP('',(#1399,#1400,#1401,#1402,#1403));
#632=EDGE_LOOP('',(#1404,#1405,#1406,#1407,#1408));
#633=EDGE_LOOP('',(#1409,#1410,#1411,#1412,#1413));
#634=EDGE_LOOP('',(#1414,#1415,#1416,#1417,#1418));
#635=EDGE_LOOP('',(#1419,#1420,#1421,#1422));
#636=EDGE_LOOP('',(#1423));
#637=EDGE_LOOP('',(#1424));
#638=EDGE_LOOP('',(#1425));
#639=EDGE_LOOP('',(#1426,#1427,#1428,#1429));
#640=EDGE_LOOP('',(#1430));
#641=EDGE_LOOP('',(#1431));
#642=EDGE_LOOP('',(#1432,#1433,#1434,#1435));
#643=EDGE_LOOP('',(#1436));
#644=EDGE_LOOP('',(#1437));
#645=EDGE_LOOP('',(#1438));
#646=EDGE_LOOP('',(#1439,#1440,#1441,#1442));
#647=EDGE_LOOP('',(#1443));
#648=EDGE_LOOP('',(#1444));
#649=EDGE_LOOP('',(#1445));
#650=EDGE_LOOP('',(#1446,#1447,#1448,#1449));
#651=EDGE_LOOP('',(#1450,#1451,#1452,#1453));
#652=EDGE_LOOP('',(#1454,#1455,#1456,#1457));
#653=EDGE_LOOP('',(#1458,#1459,#1460,#1461));
#654=EDGE_LOOP('',(#1462,#1463,#1464,#1465));
#655=EDGE_LOOP('',(#1466,#1467,#1468,#1469));
#656=EDGE_LOOP('',(#1470,#1471,#1472,#1473,#1474,#1475,#1476,#1477));
#657=EDGE_LOOP('',(#1478,#1479,#1480,#1481,#1482,#1483,#1484,#1485));
#658=EDGE_LOOP('',(#1486,#1487,#1488,#1489,#1490));
#659=EDGE_LOOP('',(#1491,#1492,#1493,#1494,#1495,#1496,#1497,#1498));
#660=EDGE_LOOP('',(#1499,#1500,#1501,#1502,#1503,#1504));
#661=EDGE_LOOP('',(#1505,#1506,#1507,#1508,#1509));
#662=EDGE_LOOP('',(#1510,#1511,#1512,#1513,#1514,#1515,#1516,#1517,#1518));
#663=EDGE_LOOP('',(#1519,#1520,#1521,#1522,#1523,#1524,#1525,#1526,#1527,
#1528,#1529,#1530,#1531,#1532,#1533));
#664=EDGE_LOOP('',(#1534,#1535,#1536,#1537));
#665=EDGE_LOOP('',(#1538));
#666=EDGE_LOOP('',(#1539,#1540,#1541));
#667=EDGE_LOOP('',(#1542,#1543,#1544,#1545,#1546));
#668=EDGE_LOOP('',(#1547,#1548,#1549,#1550,#1551,#1552,#1553,#1554,#1555,
#1556));
#669=EDGE_LOOP('',(#1557,#1558,#1559,#1560,#1561,#1562,#1563));
#670=EDGE_LOOP('',(#1564,#1565,#1566,#1567,#1568,#1569));
#671=EDGE_LOOP('',(#1570,#1571,#1572,#1573,#1574));
#672=EDGE_LOOP('',(#1575,#1576,#1577,#1578));
#673=EDGE_LOOP('',(#1579));
#674=EDGE_LOOP('',(#1580));
#675=EDGE_LOOP('',(#1581,#1582,#1583));
#676=EDGE_LOOP('',(#1584,#1585,#1586,#1587));
#677=EDGE_LOOP('',(#1588));
#678=EDGE_LOOP('',(#1589));
#679=EDGE_LOOP('',(#1590));
#680=EDGE_LOOP('',(#1591,#1592,#1593,#1594));
#681=EDGE_LOOP('',(#1595));
#682=EDGE_LOOP('',(#1596));
#683=EDGE_LOOP('',(#1597));
#684=EDGE_LOOP('',(#1598,#1599,#1600,#1601));
#685=EDGE_LOOP('',(#1602));
#686=EDGE_LOOP('',(#1603));
#687=EDGE_LOOP('',(#1604));
#688=EDGE_LOOP('',(#1605,#1606,#1607,#1608,#1609,#1610,#1611,#1612,#1613,
#1614,#1615,#1616,#1617));
#689=EDGE_LOOP('',(#1618,#1619,#1620,#1621,#1622,#1623,#1624,#1625,#1626,
#1627,#1628,#1629));
#690=EDGE_LOOP('',(#1630,#1631,#1632));
#691=EDGE_LOOP('',(#1633,#1634,#1635));
#692=EDGE_LOOP('',(#1636,#1637,#1638));
#693=EDGE_LOOP('',(#1639,#1640,#1641,#1642,#1643));
#694=EDGE_LOOP('',(#1644,#1645,#1646,#1647));
#695=EDGE_LOOP('',(#1648));
#696=EDGE_LOOP('',(#1649));
#697=EDGE_LOOP('',(#1650,#1651,#1652));
#698=EDGE_LOOP('',(#1653,#1654,#1655,#1656,#1657,#1658,#1659,#1660,#1661,
#1662,#1663,#1664));
#699=EDGE_LOOP('',(#1665,#1666,#1667));
#700=EDGE_LOOP('',(#1668,#1669,#1670));
#701=EDGE_LOOP('',(#1671,#1672,#1673,#1674,#1675));
#702=EDGE_LOOP('',(#1676,#1677,#1678,#1679));
#703=EDGE_LOOP('',(#1680));
#704=EDGE_LOOP('',(#1681));
#705=EDGE_LOOP('',(#1682,#1683,#1684));
#706=EDGE_LOOP('',(#1685,#1686,#1687,#1688,#1689,#1690,#1691,#1692,#1693,
#1694,#1695));
#707=EDGE_LOOP('',(#1696,#1697,#1698,#1699,#1700,#1701,#1702,#1703,#1704,
#1705,#1706,#1707,#1708,#1709,#1710,#1711));
#708=EDGE_LOOP('',(#1712,#1713,#1714));
#709=EDGE_LOOP('',(#1715,#1716,#1717));
#710=EDGE_LOOP('',(#1718,#1719,#1720,#1721,#1722));
#711=EDGE_LOOP('',(#1723,#1724,#1725,#1726));
#712=EDGE_LOOP('',(#1727));
#713=EDGE_LOOP('',(#1728));
#714=EDGE_LOOP('',(#1729,#1730,#1731,#1732,#1733,#1734,#1735,#1736,#1737,
#1738,#1739,#1740));
#715=EDGE_LOOP('',(#1741,#1742,#1743));
#716=EDGE_LOOP('',(#1744,#1745,#1746));
#717=EDGE_LOOP('',(#1747,#1748,#1749));
#718=EDGE_LOOP('',(#1750,#1751,#1752,#1753,#1754));
#719=EDGE_LOOP('',(#1755,#1756,#1757,#1758));
#720=EDGE_LOOP('',(#1759));
#721=EDGE_LOOP('',(#1760));
#722=EDGE_LOOP('',(#1761));
#723=EDGE_LOOP('',(#1762,#1763,#1764,#1765));
#724=EDGE_LOOP('',(#1766,#1767,#1768,#1769));
#725=EDGE_LOOP('',(#1770,#1771,#1772,#1773,#1774,#1775,#1776));
#726=EDGE_LOOP('',(#1777,#1778,#1779,#1780));
#727=EDGE_LOOP('',(#1781,#1782,#1783,#1784));
#728=EDGE_LOOP('',(#1785,#1786,#1787,#1788));
#729=EDGE_LOOP('',(#1789,#1790,#1791,#1792,#1793,#1794,#1795,#1796));
#730=EDGE_LOOP('',(#1797));
#731=EDGE_LOOP('',(#1798,#1799,#1800,#1801));
#732=EDGE_LOOP('',(#1802,#1803,#1804,#1805,#1806,#1807));
#733=EDGE_LOOP('',(#1808,#1809,#1810,#1811));
#734=EDGE_LOOP('',(#1812,#1813,#1814,#1815,#1816,#1817));
#735=EDGE_LOOP('',(#1818,#1819,#1820,#1821));
#736=EDGE_LOOP('',(#1822,#1823,#1824,#1825));
#737=EDGE_LOOP('',(#1826,#1827,#1828,#1829));
#738=EDGE_LOOP('',(#1830));
#739=EDGE_LOOP('',(#1831));
#740=EDGE_LOOP('',(#1832,#1833,#1834,#1835));
#741=EDGE_LOOP('',(#1836,#1837,#1838,#1839));
#742=EDGE_LOOP('',(#1840,#1841,#1842,#1843));
#743=EDGE_LOOP('',(#1844,#1845,#1846,#1847));
#744=EDGE_LOOP('',(#1848,#1849,#1850,#1851));
#745=EDGE_LOOP('',(#1852,#1853,#1854,#1855));
#746=EDGE_LOOP('',(#1856,#1857,#1858,#1859,#1860));
#747=EDGE_LOOP('',(#1861,#1862,#1863,#1864));
#748=EDGE_LOOP('',(#1865,#1866,#1867,#1868,#1869,#1870,#1871));
#749=EDGE_LOOP('',(#1872,#1873,#1874,#1875));
#750=EDGE_LOOP('',(#1876,#1877,#1878,#1879));
#751=EDGE_LOOP('',(#1880,#1881,#1882,#1883));
#752=EDGE_LOOP('',(#1884));
#753=EDGE_LOOP('',(#1885,#1886,#1887,#1888));
#754=EDGE_LOOP('',(#1889,#1890,#1891,#1892));
#755=EDGE_LOOP('',(#1893,#1894,#1895,#1896));
#756=EDGE_LOOP('',(#1897));
#757=EDGE_LOOP('',(#1898));
#758=EDGE_LOOP('',(#1899,#1900,#1901,#1902));
#759=EDGE_LOOP('',(#1903,#1904,#1905,#1906));
#760=EDGE_LOOP('',(#1907,#1908,#1909,#1910));
#761=EDGE_LOOP('',(#1911,#1912,#1913,#1914));
#762=EDGE_LOOP('',(#1915,#1916,#1917,#1918));
#763=EDGE_LOOP('',(#1919,#1920,#1921,#1922));
#764=EDGE_LOOP('',(#1923,#1924,#1925,#1926));
#765=EDGE_LOOP('',(#1927,#1928,#1929,#1930));
#766=EDGE_LOOP('',(#1931,#1932,#1933,#1934));
#767=CIRCLE('',#2082,0.399999999999999);
#768=CIRCLE('',#2083,0.2);
#769=CIRCLE('',#2084,0.599999999999999);
#770=CIRCLE('',#2085,0.399999999999999);
#771=CIRCLE('',#2087,0.599999999999999);
#772=CIRCLE('',#2088,0.6);
#773=CIRCLE('',#2089,0.6);
#774=CIRCLE('',#2090,0.600000005960464);
#775=CIRCLE('',#2091,0.6);
#776=CIRCLE('',#2092,0.6);
#777=CIRCLE('',#2093,0.599999999999999);
#778=CIRCLE('',#2094,0.599999999999999);
#779=CIRCLE('',#2095,0.6);
#780=CIRCLE('',#2096,0.977690244164428);
#781=CIRCLE('',#2097,0.977690244164428);
#782=CIRCLE('',#2098,0.6);
#783=CIRCLE('',#2100,0.399999999999999);
#784=CIRCLE('',#2102,0.399999999999999);
#785=CIRCLE('',#2103,0.2);
#786=CIRCLE('',#2104,0.399999999999999);
#787=CIRCLE('',#2106,0.399999999999999);
#788=CIRCLE('',#2108,0.4);
#789=CIRCLE('',#2109,0.2);
#790=CIRCLE('',#2110,0.4);
#791=CIRCLE('',#2112,0.4);
#792=CIRCLE('',#2114,0.4);
#793=CIRCLE('',#2115,0.2);
#794=CIRCLE('',#2116,0.4);
#795=CIRCLE('',#2118,0.4);
#796=CIRCLE('',#2120,0.124999999999999);
#797=CIRCLE('',#2121,0.124999999999999);
#798=CIRCLE('',#2125,0.124999999999999);
#799=CIRCLE('',#2126,0.124999999999999);
#800=CIRCLE('',#2129,0.125);
#801=CIRCLE('',#2130,0.125);
#802=CIRCLE('',#2134,0.125);
#803=CIRCLE('',#2135,0.125);
#804=CIRCLE('',#2139,0.977690244164428);
#805=CIRCLE('',#2141,0.977690244164428);
#806=CIRCLE('',#2147,0.399999999999999);
#807=CIRCLE('',#2148,0.2);
#808=CIRCLE('',#2149,0.399999999999999);
#809=CIRCLE('',#2152,0.399999999999999);
#810=CIRCLE('',#2154,0.4);
#811=CIRCLE('',#2155,0.2);
#812=CIRCLE('',#2156,0.4);
#813=CIRCLE('',#2159,0.4);
#814=CIRCLE('',#2161,0.400000005960464);
#815=CIRCLE('',#2162,0.2);
#816=CIRCLE('',#2163,0.600000005960464);
#817=CIRCLE('',#2164,0.400000005960464);
#818=CIRCLE('',#2169,0.400000005960464);
#819=CIRCLE('',#2171,0.4);
#820=CIRCLE('',#2172,0.2);
#821=CIRCLE('',#2173,0.6);
#822=CIRCLE('',#2174,0.4);
#823=CIRCLE('',#2178,0.4);
#824=CIRCLE('',#2180,0.125);
#825=CIRCLE('',#2181,0.125);
#826=CIRCLE('',#2185,0.125);
#827=CIRCLE('',#2186,0.125);
#828=CIRCLE('',#2190,0.125);
#829=CIRCLE('',#2191,0.125);
#830=CIRCLE('',#2195,0.125);
#831=CIRCLE('',#2196,0.125);
#832=CIRCLE('',#2200,0.360555132919089);
#833=CIRCLE('',#2201,0.2);
#834=CIRCLE('',#2202,0.560555132919089);
#835=CIRCLE('',#2203,0.560555132919089);
#836=CIRCLE('',#2204,0.560555132919089);
#837=CIRCLE('',#2205,0.560555132919089);
#838=CIRCLE('',#2206,0.360555132919089);
#839=CIRCLE('',#2212,0.360555132919089);
#840=CIRCLE('',#2214,0.125000000000002);
#841=CIRCLE('',#2215,0.125000000000002);
#842=CIRCLE('',#2219,0.37807700802554);
#843=CIRCLE('',#2220,0.2);
#844=CIRCLE('',#2221,0.57807700802554);
#845=CIRCLE('',#2222,0.57807700802554);
#846=CIRCLE('',#2223,0.57807700802554);
#847=CIRCLE('',#2224,0.37807700802554);
#848=CIRCLE('',#2228,0.37807700802554);
#849=CIRCLE('',#2230,0.125);
#850=CIRCLE('',#2231,0.125);
#851=CIRCLE('',#2235,0.385119105855486);
#852=CIRCLE('',#2236,0.2);
#853=CIRCLE('',#2237,0.585119105855486);
#854=CIRCLE('',#2238,0.585119105855486);
#855=CIRCLE('',#2239,0.385119105855486);
#856=CIRCLE('',#2244,0.385119105855486);
#857=CIRCLE('',#2246,0.125);
#858=CIRCLE('',#2247,0.125);
#859=CIRCLE('',#2250,0.360555132919089);
#860=CIRCLE('',#2251,0.2);
#861=CIRCLE('',#2252,0.560555132919089);
#862=CIRCLE('',#2253,0.560555132919089);
#863=CIRCLE('',#2254,0.560555132919089);
#864=CIRCLE('',#2255,0.360555132919089);
#865=CIRCLE('',#2260,0.360555132919089);
#866=CIRCLE('',#2262,0.125);
#867=CIRCLE('',#2263,0.125);
#868=VERTEX_POINT('',#2908);
#869=VERTEX_POINT('',#2909);
#870=VERTEX_POINT('',#2911);
#871=VERTEX_POINT('',#2916);
#872=VERTEX_POINT('',#2917);
#873=VERTEX_POINT('',#2919);
#874=VERTEX_POINT('',#2921);
#875=VERTEX_POINT('',#2923);
#876=VERTEX_POINT('',#2925);
#877=VERTEX_POINT('',#2927);
#878=VERTEX_POINT('',#2929);
#879=VERTEX_POINT('',#2931);
#880=VERTEX_POINT('',#2933);
#881=VERTEX_POINT('',#2935);
#882=VERTEX_POINT('',#2937);
#883=VERTEX_POINT('',#2939);
#884=VERTEX_POINT('',#2941);
#885=VERTEX_POINT('',#2943);
#886=VERTEX_POINT('',#2945);
#887=VERTEX_POINT('',#2947);
#888=VERTEX_POINT('',#2949);
#889=VERTEX_POINT('',#2951);
#890=VERTEX_POINT('',#2953);
#891=VERTEX_POINT('',#2956);
#892=VERTEX_POINT('',#2958);
#893=VERTEX_POINT('',#2960);
#894=VERTEX_POINT('',#2962);
#895=VERTEX_POINT('',#2964);
#896=VERTEX_POINT('',#2967);
#897=VERTEX_POINT('',#2971);
#898=VERTEX_POINT('',#2972);
#899=VERTEX_POINT('',#2977);
#900=VERTEX_POINT('',#2981);
#901=VERTEX_POINT('',#2982);
#902=VERTEX_POINT('',#2987);
#903=VERTEX_POINT('',#2991);
#904=VERTEX_POINT('',#2992);
#905=VERTEX_POINT('',#2997);
#906=VERTEX_POINT('',#3001);
#907=VERTEX_POINT('',#3003);
#908=VERTEX_POINT('',#3009);
#909=VERTEX_POINT('',#3011);
#910=VERTEX_POINT('',#3016);
#911=VERTEX_POINT('',#3018);
#912=VERTEX_POINT('',#3024);
#913=VERTEX_POINT('',#3026);
#914=VERTEX_POINT('',#3032);
#915=VERTEX_POINT('',#3036);
#916=VERTEX_POINT('',#3040);
#917=VERTEX_POINT('',#3041);
#918=VERTEX_POINT('',#3043);
#919=VERTEX_POINT('',#3045);
#920=VERTEX_POINT('',#3049);
#921=VERTEX_POINT('',#3051);
#922=VERTEX_POINT('',#3055);
#923=VERTEX_POINT('',#3057);
#924=VERTEX_POINT('',#3064);
#925=VERTEX_POINT('',#3065);
#926=VERTEX_POINT('',#3068);
#927=VERTEX_POINT('',#3081);
#928=VERTEX_POINT('',#3083);
#929=VERTEX_POINT('',#3085);
#930=VERTEX_POINT('',#3092);
#931=VERTEX_POINT('',#3099);
#932=VERTEX_POINT('',#3103);
#933=VERTEX_POINT('',#3107);
#934=VERTEX_POINT('',#3108);
#935=VERTEX_POINT('',#3111);
#936=VERTEX_POINT('',#3124);
#937=VERTEX_POINT('',#3126);
#938=VERTEX_POINT('',#3128);
#939=VERTEX_POINT('',#3145);
#940=VERTEX_POINT('',#3149);
#941=VERTEX_POINT('',#3150);
#942=VERTEX_POINT('',#3152);
#943=VERTEX_POINT('',#3160);
#944=VERTEX_POINT('',#3171);
#945=VERTEX_POINT('',#3181);
#946=VERTEX_POINT('',#3192);
#947=VERTEX_POINT('',#3194);
#948=VERTEX_POINT('',#3196);
#949=VERTEX_POINT('',#3198);
#950=VERTEX_POINT('',#3213);
#951=VERTEX_POINT('',#3215);
#952=VERTEX_POINT('',#3217);
#953=VERTEX_POINT('',#3219);
#954=VERTEX_POINT('',#3221);
#955=VERTEX_POINT('',#3223);
#956=VERTEX_POINT('',#3238);
#957=VERTEX_POINT('',#3245);
#958=VERTEX_POINT('',#3249);
#959=VERTEX_POINT('',#3250);
#960=VERTEX_POINT('',#3253);
#961=VERTEX_POINT('',#3258);
#962=VERTEX_POINT('',#3272);
#963=VERTEX_POINT('',#3274);
#964=VERTEX_POINT('',#3283);
#965=VERTEX_POINT('',#3295);
#966=VERTEX_POINT('',#3297);
#967=VERTEX_POINT('',#3322);
#968=VERTEX_POINT('',#3326);
#969=VERTEX_POINT('',#3328);
#970=VERTEX_POINT('',#3334);
#971=VERTEX_POINT('',#3336);
#972=VERTEX_POINT('',#3342);
#973=VERTEX_POINT('',#3344);
#974=VERTEX_POINT('',#3350);
#975=VERTEX_POINT('',#3352);
#976=VERTEX_POINT('',#3358);
#977=VERTEX_POINT('',#3359);
#978=VERTEX_POINT('',#3362);
#979=VERTEX_POINT('',#3364);
#980=VERTEX_POINT('',#3379);
#981=VERTEX_POINT('',#3381);
#982=VERTEX_POINT('',#3396);
#983=VERTEX_POINT('',#3398);
#984=VERTEX_POINT('',#3412);
#985=VERTEX_POINT('',#3414);
#986=VERTEX_POINT('',#3417);
#987=VERTEX_POINT('',#3419);
#988=VERTEX_POINT('',#3435);
#989=VERTEX_POINT('',#3445);
#990=VERTEX_POINT('',#3449);
#991=VERTEX_POINT('',#3451);
#992=VERTEX_POINT('',#3458);
#993=VERTEX_POINT('',#3459);
#994=VERTEX_POINT('',#3461);
#995=VERTEX_POINT('',#3463);
#996=VERTEX_POINT('',#3472);
#997=VERTEX_POINT('',#3474);
#998=VERTEX_POINT('',#3489);
#999=VERTEX_POINT('',#3517);
#1000=VERTEX_POINT('',#3529);
#1001=VERTEX_POINT('',#3533);
#1002=VERTEX_POINT('',#3537);
#1003=VERTEX_POINT('',#3541);
#1004=VERTEX_POINT('',#3543);
#1005=VERTEX_POINT('',#3550);
#1006=VERTEX_POINT('',#3551);
#1007=VERTEX_POINT('',#3553);
#1008=VERTEX_POINT('',#3555);
#1009=VERTEX_POINT('',#3562);
#1010=VERTEX_POINT('',#3564);
#1011=VERTEX_POINT('',#3593);
#1012=VERTEX_POINT('',#3603);
#1013=VERTEX_POINT('',#3607);
#1014=VERTEX_POINT('',#3615);
#1015=VERTEX_POINT('',#3619);
#1016=VERTEX_POINT('',#3621);
#1017=VERTEX_POINT('',#3626);
#1018=VERTEX_POINT('',#3627);
#1019=VERTEX_POINT('',#3638);
#1020=VERTEX_POINT('',#3642);
#1021=VERTEX_POINT('',#3644);
#1022=VERTEX_POINT('',#3650);
#1023=VERTEX_POINT('',#3651);
#1024=VERTEX_POINT('',#3653);
#1025=VERTEX_POINT('',#3655);
#1026=VERTEX_POINT('',#3659);
#1027=VERTEX_POINT('',#3661);
#1028=VERTEX_POINT('',#3666);
#1029=VERTEX_POINT('',#3670);
#1030=VERTEX_POINT('',#3679);
#1031=VERTEX_POINT('',#3680);
#1032=VERTEX_POINT('',#3682);
#1033=VERTEX_POINT('',#3684);
#1034=VERTEX_POINT('',#3690);
#1035=VERTEX_POINT('',#3692);
#1036=VERTEX_POINT('',#3697);
#1037=VERTEX_POINT('',#3701);
#1038=VERTEX_POINT('',#3709);
#1039=VERTEX_POINT('',#3710);
#1040=VERTEX_POINT('',#3712);
#1041=VERTEX_POINT('',#3714);
#1042=VERTEX_POINT('',#3718);
#1043=VERTEX_POINT('',#3720);
#1044=VERTEX_POINT('',#3724);
#1045=VERTEX_POINT('',#3728);
#1046=VERTEX_POINT('',#3734);
#1047=VERTEX_POINT('',#3735);
#1048=VERTEX_POINT('',#3737);
#1049=VERTEX_POINT('',#3739);
#1050=VERTEX_POINT('',#3745);
#1051=VERTEX_POINT('',#3747);
#1052=VERTEX_POINT('',#3752);
#1053=VERTEX_POINT('',#3756);
#1054=VERTEX_POINT('',#3763);
#1055=VERTEX_POINT('',#3764);
#1056=VERTEX_POINT('',#3766);
#1057=VERTEX_POINT('',#3768);
#1058=VERTEX_POINT('',#3772);
#1059=VERTEX_POINT('',#3773);
#1060=VERTEX_POINT('',#3775);
#1061=VERTEX_POINT('',#3777);
#1062=EDGE_CURVE('',#868,#869,#767,.T.);
#1063=EDGE_CURVE('',#869,#870,#768,.T.);
#1064=EDGE_CURVE('',#870,#870,#769,.T.);
#1065=EDGE_CURVE('',#869,#868,#770,.T.);
#1066=EDGE_CURVE('',#871,#872,#771,.T.);
#1067=EDGE_CURVE('',#871,#873,#98,.T.);
#1068=EDGE_CURVE('',#874,#873,#99,.T.);
#1069=EDGE_CURVE('',#874,#875,#100,.T.);
#1070=EDGE_CURVE('',#876,#875,#772,.T.);
#1071=EDGE_CURVE('',#877,#876,#773,.T.);
#1072=EDGE_CURVE('',#878,#877,#101,.T.);
#1073=EDGE_CURVE('',#879,#878,#774,.T.);
#1074=EDGE_CURVE('',#879,#880,#102,.T.);
#1075=EDGE_CURVE('',#880,#881,#103,.T.);
#1076=EDGE_CURVE('',#882,#881,#104,.T.);
#1077=EDGE_CURVE('',#882,#883,#105,.T.);
#1078=EDGE_CURVE('',#884,#883,#775,.T.);
#1079=EDGE_CURVE('',#885,#884,#776,.T.);
#1080=EDGE_CURVE('',#885,#886,#106,.T.);
#1081=EDGE_CURVE('',#886,#887,#107,.T.);
#1082=EDGE_CURVE('',#888,#887,#108,.T.);
#1083=EDGE_CURVE('',#889,#888,#109,.T.);
#1084=EDGE_CURVE('',#889,#890,#110,.T.);
#1085=EDGE_CURVE('',#872,#890,#777,.T.);
#1086=EDGE_CURVE('',#891,#891,#778,.T.);
#1087=EDGE_CURVE('',#892,#892,#779,.T.);
#1088=EDGE_CURVE('',#893,#893,#780,.T.);
#1089=EDGE_CURVE('',#894,#894,#781,.T.);
#1090=EDGE_CURVE('',#895,#895,#782,.T.);
#1091=EDGE_CURVE('',#896,#896,#783,.T.);
#1092=EDGE_CURVE('',#896,#868,#111,.T.);
#1093=EDGE_CURVE('',#897,#898,#784,.T.);
#1094=EDGE_CURVE('',#898,#891,#785,.T.);
#1095=EDGE_CURVE('',#898,#897,#786,.T.);
#1096=EDGE_CURVE('',#899,#899,#787,.T.);
#1097=EDGE_CURVE('',#899,#897,#112,.T.);
#1098=EDGE_CURVE('',#900,#901,#788,.T.);
#1099=EDGE_CURVE('',#901,#895,#789,.T.);
#1100=EDGE_CURVE('',#901,#900,#790,.T.);
#1101=EDGE_CURVE('',#902,#902,#791,.T.);
#1102=EDGE_CURVE('',#902,#900,#113,.T.);
#1103=EDGE_CURVE('',#903,#904,#792,.T.);
#1104=EDGE_CURVE('',#904,#892,#793,.T.);
#1105=EDGE_CURVE('',#904,#903,#794,.T.);
#1106=EDGE_CURVE('',#905,#905,#795,.T.);
#1107=EDGE_CURVE('',#905,#903,#114,.T.);
#1108=EDGE_CURVE('',#906,#906,#796,.T.);
#1109=EDGE_CURVE('',#906,#907,#115,.T.);
#1110=EDGE_CURVE('',#907,#907,#797,.T.);
#1111=EDGE_CURVE('',#908,#908,#798,.T.);
#1112=EDGE_CURVE('',#908,#909,#116,.T.);
#1113=EDGE_CURVE('',#909,#909,#799,.T.);
#1114=EDGE_CURVE('',#910,#910,#800,.T.);
#1115=EDGE_CURVE('',#910,#911,#117,.T.);
#1116=EDGE_CURVE('',#911,#911,#801,.T.);
#1117=EDGE_CURVE('',#912,#912,#802,.T.);
#1118=EDGE_CURVE('',#912,#913,#118,.T.);
#1119=EDGE_CURVE('',#913,#913,#803,.T.);
#1120=EDGE_CURVE('',#914,#914,#804,.T.);
#1121=EDGE_CURVE('',#914,#893,#119,.T.);
#1122=EDGE_CURVE('',#915,#915,#805,.T.);
#1123=EDGE_CURVE('',#915,#894,#120,.T.);
#1124=EDGE_CURVE('',#916,#917,#121,.T.);
#1125=EDGE_CURVE('',#918,#916,#122,.T.);
#1126=EDGE_CURVE('',#919,#918,#123,.T.);
#1127=EDGE_CURVE('',#919,#917,#124,.T.);
#1128=EDGE_CURVE('',#917,#920,#125,.T.);
#1129=EDGE_CURVE('',#921,#919,#126,.T.);
#1130=EDGE_CURVE('',#921,#920,#127,.T.);
#1131=EDGE_CURVE('',#920,#922,#128,.T.);
#1132=EDGE_CURVE('',#923,#921,#129,.T.);
#1133=EDGE_CURVE('',#923,#922,#130,.T.);
#1134=EDGE_CURVE('',#922,#916,#131,.T.);
#1135=EDGE_CURVE('',#918,#923,#132,.T.);
#1136=EDGE_CURVE('',#924,#925,#806,.T.);
#1137=EDGE_CURVE('',#925,#872,#807,.T.);
#1138=EDGE_CURVE('',#926,#890,#15,.T.);
#1139=EDGE_CURVE('',#871,#926,#16,.T.);
#1140=EDGE_CURVE('',#925,#924,#808,.T.);
#1141=EDGE_CURVE('',#927,#889,#133,.T.);
#1142=EDGE_CURVE('',#928,#927,#134,.T.);
#1143=EDGE_CURVE('',#928,#929,#17,.F.);
#1144=EDGE_CURVE('',#929,#930,#18,.F.);
#1145=EDGE_CURVE('',#931,#930,#135,.T.);
#1146=EDGE_CURVE('',#931,#926,#136,.T.);
#1147=EDGE_CURVE('',#932,#932,#809,.T.);
#1148=EDGE_CURVE('',#932,#924,#137,.T.);
#1149=EDGE_CURVE('',#933,#934,#810,.T.);
#1150=EDGE_CURVE('',#934,#884,#811,.T.);
#1151=EDGE_CURVE('',#935,#883,#19,.T.);
#1152=EDGE_CURVE('',#885,#935,#20,.T.);
#1153=EDGE_CURVE('',#934,#933,#812,.T.);
#1154=EDGE_CURVE('',#936,#882,#138,.T.);
#1155=EDGE_CURVE('',#937,#936,#139,.T.);
#1156=EDGE_CURVE('',#937,#938,#21,.F.);
#1157=EDGE_CURVE('',#935,#938,#140,.T.);
#1158=EDGE_CURVE('',#939,#939,#813,.T.);
#1159=EDGE_CURVE('',#939,#933,#141,.T.);
#1160=EDGE_CURVE('',#940,#941,#814,.T.);
#1161=EDGE_CURVE('',#941,#942,#815,.T.);
#1162=EDGE_CURVE('',#879,#942,#22,.T.);
#1163=EDGE_CURVE('',#943,#878,#23,.T.);
#1164=EDGE_CURVE('',#943,#944,#816,.T.);
#1165=EDGE_CURVE('',#942,#944,#24,.T.);
#1166=EDGE_CURVE('',#941,#940,#817,.T.);
#1167=EDGE_CURVE('',#877,#945,#25,.T.);
#1168=EDGE_CURVE('',#945,#946,#142,.T.);
#1169=EDGE_CURVE('',#946,#947,#143,.T.);
#1170=EDGE_CURVE('',#947,#948,#144,.T.);
#1171=EDGE_CURVE('',#948,#949,#26,.T.);
#1172=EDGE_CURVE('',#949,#950,#145,.T.);
#1173=EDGE_CURVE('',#951,#950,#146,.T.);
#1174=EDGE_CURVE('',#952,#951,#147,.T.);
#1175=EDGE_CURVE('',#952,#953,#148,.T.);
#1176=EDGE_CURVE('',#953,#954,#149,.T.);
#1177=EDGE_CURVE('',#954,#955,#27,.T.);
#1178=EDGE_CURVE('',#955,#956,#150,.T.);
#1179=EDGE_CURVE('',#956,#943,#151,.T.);
#1180=EDGE_CURVE('',#956,#944,#152,.T.);
#1181=EDGE_CURVE('',#957,#957,#818,.T.);
#1182=EDGE_CURVE('',#957,#940,#153,.T.);
#1183=EDGE_CURVE('',#958,#959,#819,.T.);
#1184=EDGE_CURVE('',#959,#876,#820,.T.);
#1185=EDGE_CURVE('',#960,#875,#28,.T.);
#1186=EDGE_CURVE('',#961,#960,#29,.T.);
#1187=EDGE_CURVE('',#961,#945,#821,.T.);
#1188=EDGE_CURVE('',#959,#958,#822,.T.);
#1189=EDGE_CURVE('',#962,#960,#154,.T.);
#1190=EDGE_CURVE('',#963,#962,#30,.T.);
#1191=EDGE_CURVE('',#964,#963,#31,.T.);
#1192=EDGE_CURVE('',#947,#964,#155,.T.);
#1193=EDGE_CURVE('',#961,#946,#156,.T.);
#1194=EDGE_CURVE('',#965,#874,#157,.T.);
#1195=EDGE_CURVE('',#966,#965,#158,.T.);
#1196=EDGE_CURVE('',#966,#962,#32,.F.);
#1197=EDGE_CURVE('',#967,#967,#823,.T.);
#1198=EDGE_CURVE('',#967,#958,#159,.T.);
#1199=EDGE_CURVE('',#968,#968,#824,.T.);
#1200=EDGE_CURVE('',#968,#969,#160,.T.);
#1201=EDGE_CURVE('',#969,#969,#825,.T.);
#1202=EDGE_CURVE('',#970,#970,#826,.T.);
#1203=EDGE_CURVE('',#970,#971,#161,.T.);
#1204=EDGE_CURVE('',#971,#971,#827,.T.);
#1205=EDGE_CURVE('',#972,#972,#828,.T.);
#1206=EDGE_CURVE('',#972,#973,#162,.T.);
#1207=EDGE_CURVE('',#973,#973,#829,.T.);
#1208=EDGE_CURVE('',#974,#974,#830,.T.);
#1209=EDGE_CURVE('',#974,#975,#163,.T.);
#1210=EDGE_CURVE('',#975,#975,#831,.T.);
#1211=EDGE_CURVE('',#976,#977,#832,.T.);
#1212=EDGE_CURVE('',#977,#929,#833,.T.);
#1213=EDGE_CURVE('',#928,#978,#834,.T.);
#1214=EDGE_CURVE('',#979,#978,#33,.T.);
#1215=EDGE_CURVE('',#979,#980,#835,.T.);
#1216=EDGE_CURVE('',#981,#980,#34,.T.);
#1217=EDGE_CURVE('',#981,#982,#836,.T.);
#1218=EDGE_CURVE('',#983,#982,#35,.F.);
#1219=EDGE_CURVE('',#983,#930,#837,.T.);
#1220=EDGE_CURVE('',#977,#976,#838,.T.);
#1221=EDGE_CURVE('',#980,#984,#164,.T.);
#1222=EDGE_CURVE('',#985,#984,#165,.F.);
#1223=EDGE_CURVE('',#951,#985,#166,.T.);
#1224=EDGE_CURVE('',#950,#986,#167,.T.);
#1225=EDGE_CURVE('',#986,#987,#36,.T.);
#1226=EDGE_CURVE('',#987,#965,#168,.T.);
#1227=EDGE_CURVE('',#873,#988,#169,.T.);
#1228=EDGE_CURVE('',#988,#981,#170,.T.);
#1229=EDGE_CURVE('',#984,#979,#171,.T.);
#1230=EDGE_CURVE('',#988,#982,#172,.T.);
#1231=EDGE_CURVE('',#978,#927,#173,.T.);
#1232=EDGE_CURVE('',#989,#989,#839,.T.);
#1233=EDGE_CURVE('',#989,#976,#174,.T.);
#1234=EDGE_CURVE('',#990,#990,#840,.T.);
#1235=EDGE_CURVE('',#990,#991,#175,.T.);
#1236=EDGE_CURVE('',#991,#991,#841,.T.);
#1237=EDGE_CURVE('',#983,#931,#176,.T.);
#1238=EDGE_CURVE('',#992,#993,#842,.T.);
#1239=EDGE_CURVE('',#993,#994,#843,.T.);
#1240=EDGE_CURVE('',#995,#994,#37,.T.);
#1241=EDGE_CURVE('',#995,#996,#844,.T.);
#1242=EDGE_CURVE('',#997,#996,#38,.F.);
#1243=EDGE_CURVE('',#997,#998,#845,.T.);
#1244=EDGE_CURVE('',#998,#938,#39,.T.);
#1245=EDGE_CURVE('',#937,#999,#846,.T.);
#1246=EDGE_CURVE('',#994,#999,#40,.T.);
#1247=EDGE_CURVE('',#993,#992,#847,.T.);
#1248=EDGE_CURVE('',#997,#1000,#177,.T.);
#1249=EDGE_CURVE('',#1000,#998,#178,.T.);
#1250=EDGE_CURVE('',#1001,#995,#179,.T.);
#1251=EDGE_CURVE('',#1001,#996,#180,.T.);
#1252=EDGE_CURVE('',#1002,#1002,#848,.T.);
#1253=EDGE_CURVE('',#1002,#992,#181,.T.);
#1254=EDGE_CURVE('',#1003,#1003,#849,.T.);
#1255=EDGE_CURVE('',#1003,#1004,#182,.T.);
#1256=EDGE_CURVE('',#1004,#1004,#850,.T.);
#1257=EDGE_CURVE('',#999,#936,#183,.T.);
#1258=EDGE_CURVE('',#1005,#1006,#851,.T.);
#1259=EDGE_CURVE('',#1006,#1007,#852,.T.);
#1260=EDGE_CURVE('',#1008,#1007,#41,.T.);
#1261=EDGE_CURVE('',#1008,#1009,#853,.T.);
#1262=EDGE_CURVE('',#1009,#1010,#42,.T.);
#1263=EDGE_CURVE('',#1010,#955,#43,.T.);
#1264=EDGE_CURVE('',#954,#1011,#854,.T.);
#1265=EDGE_CURVE('',#1007,#1011,#44,.T.);
#1266=EDGE_CURVE('',#1006,#1005,#855,.T.);
#1267=EDGE_CURVE('',#881,#1012,#184,.T.);
#1268=EDGE_CURVE('',#1012,#1008,#185,.T.);
#1269=EDGE_CURVE('',#1011,#953,#186,.T.);
#1270=EDGE_CURVE('',#1013,#952,#187,.T.);
#1271=EDGE_CURVE('',#1013,#888,#188,.T.);
#1272=EDGE_CURVE('',#887,#1001,#189,.T.);
#1273=EDGE_CURVE('',#1012,#1009,#190,.T.);
#1274=EDGE_CURVE('',#1014,#1014,#856,.T.);
#1275=EDGE_CURVE('',#1014,#1005,#191,.T.);
#1276=EDGE_CURVE('',#1015,#1015,#857,.T.);
#1277=EDGE_CURVE('',#1015,#1016,#192,.T.);
#1278=EDGE_CURVE('',#1016,#1016,#858,.T.);
#1279=EDGE_CURVE('',#1017,#1018,#859,.T.);
#1280=EDGE_CURVE('',#1018,#963,#860,.T.);
#1281=EDGE_CURVE('',#966,#987,#861,.T.);
#1282=EDGE_CURVE('',#986,#949,#862,.T.);
#1283=EDGE_CURVE('',#948,#964,#863,.T.);
#1284=EDGE_CURVE('',#1018,#1017,#864,.T.);
#1285=EDGE_CURVE('',#1019,#1019,#865,.T.);
#1286=EDGE_CURVE('',#1019,#1017,#193,.T.);
#1287=EDGE_CURVE('',#1020,#1020,#866,.T.);
#1288=EDGE_CURVE('',#1020,#1021,#194,.T.);
#1289=EDGE_CURVE('',#1021,#1021,#867,.T.);
#1290=EDGE_CURVE('',#1022,#1023,#195,.T.);
#1291=EDGE_CURVE('',#1022,#1024,#196,.T.);
#1292=EDGE_CURVE('',#1025,#1024,#197,.T.);
#1293=EDGE_CURVE('',#1025,#1023,#198,.T.);
#1294=EDGE_CURVE('',#1026,#1022,#199,.T.);
#1295=EDGE_CURVE('',#1027,#1026,#200,.T.);
#1296=EDGE_CURVE('',#1024,#1027,#201,.T.);
#1297=EDGE_CURVE('',#1027,#1028,#202,.T.);
#1298=EDGE_CURVE('',#1028,#1025,#203,.T.);
#1299=EDGE_CURVE('',#1029,#1026,#204,.T.);
#1300=EDGE_CURVE('',#1028,#1029,#205,.T.);
#1301=EDGE_CURVE('',#1023,#1029,#206,.T.);
#1302=EDGE_CURVE('',#985,#1013,#207,.T.);
#1303=EDGE_CURVE('',#1030,#1031,#208,.T.);
#1304=EDGE_CURVE('',#1032,#1030,#209,.T.);
#1305=EDGE_CURVE('',#1033,#1032,#210,.T.);
#1306=EDGE_CURVE('',#1031,#1033,#211,.T.);
#1307=EDGE_CURVE('',#886,#1000,#212,.T.);
#1308=EDGE_CURVE('',#1031,#1034,#213,.T.);
#1309=EDGE_CURVE('',#1035,#1033,#214,.T.);
#1310=EDGE_CURVE('',#1035,#1034,#215,.T.);
#1311=EDGE_CURVE('',#1032,#1036,#216,.T.);
#1312=EDGE_CURVE('',#1036,#1035,#217,.T.);
#1313=EDGE_CURVE('',#1037,#1030,#218,.T.);
#1314=EDGE_CURVE('',#1036,#1037,#219,.T.);
#1315=EDGE_CURVE('',#1034,#1037,#220,.T.);
#1316=EDGE_CURVE('',#1038,#1039,#221,.T.);
#1317=EDGE_CURVE('',#1038,#1040,#222,.T.);
#1318=EDGE_CURVE('',#1041,#1040,#223,.T.);
#1319=EDGE_CURVE('',#1041,#1039,#224,.T.);
#1320=EDGE_CURVE('',#1042,#1038,#225,.T.);
#1321=EDGE_CURVE('',#1043,#1042,#226,.T.);
#1322=EDGE_CURVE('',#1040,#1043,#227,.T.);
#1323=EDGE_CURVE('',#1043,#1044,#228,.T.);
#1324=EDGE_CURVE('',#1044,#1041,#229,.T.);
#1325=EDGE_CURVE('',#1045,#1042,#230,.T.);
#1326=EDGE_CURVE('',#1044,#1045,#231,.T.);
#1327=EDGE_CURVE('',#1039,#1045,#232,.T.);
#1328=EDGE_CURVE('',#1046,#1047,#233,.T.);
#1329=EDGE_CURVE('',#1048,#1046,#234,.T.);
#1330=EDGE_CURVE('',#1049,#1048,#235,.T.);
#1331=EDGE_CURVE('',#1047,#1049,#236,.T.);
#1332=EDGE_CURVE('',#880,#1010,#237,.T.);
#1333=EDGE_CURVE('',#1047,#1050,#238,.T.);
#1334=EDGE_CURVE('',#1051,#1049,#239,.T.);
#1335=EDGE_CURVE('',#1051,#1050,#240,.T.);
#1336=EDGE_CURVE('',#1048,#1052,#241,.T.);
#1337=EDGE_CURVE('',#1052,#1051,#242,.T.);
#1338=EDGE_CURVE('',#1053,#1046,#243,.T.);
#1339=EDGE_CURVE('',#1052,#1053,#244,.T.);
#1340=EDGE_CURVE('',#1050,#1053,#245,.T.);
#1341=EDGE_CURVE('',#1054,#1055,#246,.T.);
#1342=EDGE_CURVE('',#1055,#1056,#247,.T.);
#1343=EDGE_CURVE('',#1056,#1057,#248,.T.);
#1344=EDGE_CURVE('',#1057,#1054,#249,.T.);
#1345=EDGE_CURVE('',#1058,#1059,#250,.T.);
#1346=EDGE_CURVE('',#1059,#1060,#251,.T.);
#1347=EDGE_CURVE('',#1060,#1061,#252,.T.);
#1348=EDGE_CURVE('',#1061,#1058,#253,.T.);
#1349=EDGE_CURVE('',#1057,#1060,#254,.T.);
#1350=EDGE_CURVE('',#1054,#1059,#255,.T.);
#1351=EDGE_CURVE('',#1056,#1061,#256,.T.);
#1352=EDGE_CURVE('',#1055,#1058,#257,.T.);
#1353=ORIENTED_EDGE('',*,*,#1062,.T.);
#1354=ORIENTED_EDGE('',*,*,#1063,.T.);
#1355=ORIENTED_EDGE('',*,*,#1064,.T.);
#1356=ORIENTED_EDGE('',*,*,#1063,.F.);
#1357=ORIENTED_EDGE('',*,*,#1065,.T.);
#1358=ORIENTED_EDGE('',*,*,#1066,.F.);
#1359=ORIENTED_EDGE('',*,*,#1067,.T.);
#1360=ORIENTED_EDGE('',*,*,#1068,.F.);
#1361=ORIENTED_EDGE('',*,*,#1069,.T.);
#1362=ORIENTED_EDGE('',*,*,#1070,.F.);
#1363=ORIENTED_EDGE('',*,*,#1071,.F.);
#1364=ORIENTED_EDGE('',*,*,#1072,.F.);
#1365=ORIENTED_EDGE('',*,*,#1073,.F.);
#1366=ORIENTED_EDGE('',*,*,#1074,.T.);
#1367=ORIENTED_EDGE('',*,*,#1075,.T.);
#1368=ORIENTED_EDGE('',*,*,#1076,.F.);
#1369=ORIENTED_EDGE('',*,*,#1077,.T.);
#1370=ORIENTED_EDGE('',*,*,#1078,.F.);
#1371=ORIENTED_EDGE('',*,*,#1079,.F.);
#1372=ORIENTED_EDGE('',*,*,#1080,.T.);
#1373=ORIENTED_EDGE('',*,*,#1081,.T.);
#1374=ORIENTED_EDGE('',*,*,#1082,.F.);
#1375=ORIENTED_EDGE('',*,*,#1083,.F.);
#1376=ORIENTED_EDGE('',*,*,#1084,.T.);
#1377=ORIENTED_EDGE('',*,*,#1085,.F.);
#1378=ORIENTED_EDGE('',*,*,#1086,.F.);
#1379=ORIENTED_EDGE('',*,*,#1087,.F.);
#1380=ORIENTED_EDGE('',*,*,#1088,.T.);
#1381=ORIENTED_EDGE('',*,*,#1089,.T.);
#1382=ORIENTED_EDGE('',*,*,#1090,.F.);
#1383=ORIENTED_EDGE('',*,*,#1064,.F.);
#1384=ORIENTED_EDGE('',*,*,#1091,.F.);
#1385=ORIENTED_EDGE('',*,*,#1092,.T.);
#1386=ORIENTED_EDGE('',*,*,#1065,.F.);
#1387=ORIENTED_EDGE('',*,*,#1062,.F.);
#1388=ORIENTED_EDGE('',*,*,#1092,.F.);
#1389=ORIENTED_EDGE('',*,*,#1093,.T.);
#1390=ORIENTED_EDGE('',*,*,#1094,.T.);
#1391=ORIENTED_EDGE('',*,*,#1086,.T.);
#1392=ORIENTED_EDGE('',*,*,#1094,.F.);
#1393=ORIENTED_EDGE('',*,*,#1095,.T.);
#1394=ORIENTED_EDGE('',*,*,#1096,.F.);
#1395=ORIENTED_EDGE('',*,*,#1097,.T.);
#1396=ORIENTED_EDGE('',*,*,#1095,.F.);
#1397=ORIENTED_EDGE('',*,*,#1093,.F.);
#1398=ORIENTED_EDGE('',*,*,#1097,.F.);
#1399=ORIENTED_EDGE('',*,*,#1098,.T.);
#1400=ORIENTED_EDGE('',*,*,#1099,.T.);
#1401=ORIENTED_EDGE('',*,*,#1090,.T.);
#1402=ORIENTED_EDGE('',*,*,#1099,.F.);
#1403=ORIENTED_EDGE('',*,*,#1100,.T.);
#1404=ORIENTED_EDGE('',*,*,#1101,.F.);
#1405=ORIENTED_EDGE('',*,*,#1102,.T.);
#1406=ORIENTED_EDGE('',*,*,#1100,.F.);
#1407=ORIENTED_EDGE('',*,*,#1098,.F.);
#1408=ORIENTED_EDGE('',*,*,#1102,.F.);
#1409=ORIENTED_EDGE('',*,*,#1103,.T.);
#1410=ORIENTED_EDGE('',*,*,#1104,.T.);
#1411=ORIENTED_EDGE('',*,*,#1087,.T.);
#1412=ORIENTED_EDGE('',*,*,#1104,.F.);
#1413=ORIENTED_EDGE('',*,*,#1105,.T.);
#1414=ORIENTED_EDGE('',*,*,#1106,.F.);
#1415=ORIENTED_EDGE('',*,*,#1107,.T.);
#1416=ORIENTED_EDGE('',*,*,#1105,.F.);
#1417=ORIENTED_EDGE('',*,*,#1103,.F.);
#1418=ORIENTED_EDGE('',*,*,#1107,.F.);
#1419=ORIENTED_EDGE('',*,*,#1108,.F.);
#1420=ORIENTED_EDGE('',*,*,#1109,.T.);
#1421=ORIENTED_EDGE('',*,*,#1110,.F.);
#1422=ORIENTED_EDGE('',*,*,#1109,.F.);
#1423=ORIENTED_EDGE('',*,*,#1106,.T.);
#1424=ORIENTED_EDGE('',*,*,#1108,.T.);
#1425=ORIENTED_EDGE('',*,*,#1110,.T.);
#1426=ORIENTED_EDGE('',*,*,#1111,.F.);
#1427=ORIENTED_EDGE('',*,*,#1112,.T.);
#1428=ORIENTED_EDGE('',*,*,#1113,.F.);
#1429=ORIENTED_EDGE('',*,*,#1112,.F.);
#1430=ORIENTED_EDGE('',*,*,#1091,.T.);
#1431=ORIENTED_EDGE('',*,*,#1111,.T.);
#1432=ORIENTED_EDGE('',*,*,#1114,.F.);
#1433=ORIENTED_EDGE('',*,*,#1115,.T.);
#1434=ORIENTED_EDGE('',*,*,#1116,.F.);
#1435=ORIENTED_EDGE('',*,*,#1115,.F.);
#1436=ORIENTED_EDGE('',*,*,#1101,.T.);
#1437=ORIENTED_EDGE('',*,*,#1114,.T.);
#1438=ORIENTED_EDGE('',*,*,#1113,.T.);
#1439=ORIENTED_EDGE('',*,*,#1117,.F.);
#1440=ORIENTED_EDGE('',*,*,#1118,.T.);
#1441=ORIENTED_EDGE('',*,*,#1119,.F.);
#1442=ORIENTED_EDGE('',*,*,#1118,.F.);
#1443=ORIENTED_EDGE('',*,*,#1096,.T.);
#1444=ORIENTED_EDGE('',*,*,#1117,.T.);
#1445=ORIENTED_EDGE('',*,*,#1116,.T.);
#1446=ORIENTED_EDGE('',*,*,#1120,.F.);
#1447=ORIENTED_EDGE('',*,*,#1121,.T.);
#1448=ORIENTED_EDGE('',*,*,#1088,.F.);
#1449=ORIENTED_EDGE('',*,*,#1121,.F.);
#1450=ORIENTED_EDGE('',*,*,#1122,.F.);
#1451=ORIENTED_EDGE('',*,*,#1123,.T.);
#1452=ORIENTED_EDGE('',*,*,#1089,.F.);
#1453=ORIENTED_EDGE('',*,*,#1123,.F.);
#1454=ORIENTED_EDGE('',*,*,#1124,.F.);
#1455=ORIENTED_EDGE('',*,*,#1125,.F.);
#1456=ORIENTED_EDGE('',*,*,#1126,.F.);
#1457=ORIENTED_EDGE('',*,*,#1127,.T.);
#1458=ORIENTED_EDGE('',*,*,#1128,.F.);
#1459=ORIENTED_EDGE('',*,*,#1127,.F.);
#1460=ORIENTED_EDGE('',*,*,#1129,.F.);
#1461=ORIENTED_EDGE('',*,*,#1130,.T.);
#1462=ORIENTED_EDGE('',*,*,#1131,.F.);
#1463=ORIENTED_EDGE('',*,*,#1130,.F.);
#1464=ORIENTED_EDGE('',*,*,#1132,.F.);
#1465=ORIENTED_EDGE('',*,*,#1133,.T.);
#1466=ORIENTED_EDGE('',*,*,#1134,.F.);
#1467=ORIENTED_EDGE('',*,*,#1133,.F.);
#1468=ORIENTED_EDGE('',*,*,#1135,.F.);
#1469=ORIENTED_EDGE('',*,*,#1125,.T.);
#1470=ORIENTED_EDGE('',*,*,#1136,.T.);
#1471=ORIENTED_EDGE('',*,*,#1137,.T.);
#1472=ORIENTED_EDGE('',*,*,#1085,.T.);
#1473=ORIENTED_EDGE('',*,*,#1138,.F.);
#1474=ORIENTED_EDGE('',*,*,#1139,.F.);
#1475=ORIENTED_EDGE('',*,*,#1066,.T.);
#1476=ORIENTED_EDGE('',*,*,#1137,.F.);
#1477=ORIENTED_EDGE('',*,*,#1140,.T.);
#1478=ORIENTED_EDGE('',*,*,#1138,.T.);
#1479=ORIENTED_EDGE('',*,*,#1084,.F.);
#1480=ORIENTED_EDGE('',*,*,#1141,.F.);
#1481=ORIENTED_EDGE('',*,*,#1142,.F.);
#1482=ORIENTED_EDGE('',*,*,#1143,.T.);
#1483=ORIENTED_EDGE('',*,*,#1144,.T.);
#1484=ORIENTED_EDGE('',*,*,#1145,.F.);
#1485=ORIENTED_EDGE('',*,*,#1146,.T.);
#1486=ORIENTED_EDGE('',*,*,#1147,.F.);
#1487=ORIENTED_EDGE('',*,*,#1148,.T.);
#1488=ORIENTED_EDGE('',*,*,#1140,.F.);
#1489=ORIENTED_EDGE('',*,*,#1136,.F.);
#1490=ORIENTED_EDGE('',*,*,#1148,.F.);
#1491=ORIENTED_EDGE('',*,*,#1149,.T.);
#1492=ORIENTED_EDGE('',*,*,#1150,.T.);
#1493=ORIENTED_EDGE('',*,*,#1078,.T.);
#1494=ORIENTED_EDGE('',*,*,#1151,.F.);
#1495=ORIENTED_EDGE('',*,*,#1152,.F.);
#1496=ORIENTED_EDGE('',*,*,#1079,.T.);
#1497=ORIENTED_EDGE('',*,*,#1150,.F.);
#1498=ORIENTED_EDGE('',*,*,#1153,.T.);
#1499=ORIENTED_EDGE('',*,*,#1151,.T.);
#1500=ORIENTED_EDGE('',*,*,#1077,.F.);
#1501=ORIENTED_EDGE('',*,*,#1154,.F.);
#1502=ORIENTED_EDGE('',*,*,#1155,.F.);
#1503=ORIENTED_EDGE('',*,*,#1156,.T.);
#1504=ORIENTED_EDGE('',*,*,#1157,.F.);
#1505=ORIENTED_EDGE('',*,*,#1158,.F.);
#1506=ORIENTED_EDGE('',*,*,#1159,.T.);
#1507=ORIENTED_EDGE('',*,*,#1153,.F.);
#1508=ORIENTED_EDGE('',*,*,#1149,.F.);
#1509=ORIENTED_EDGE('',*,*,#1159,.F.);
#1510=ORIENTED_EDGE('',*,*,#1160,.T.);
#1511=ORIENTED_EDGE('',*,*,#1161,.T.);
#1512=ORIENTED_EDGE('',*,*,#1162,.F.);
#1513=ORIENTED_EDGE('',*,*,#1073,.T.);
#1514=ORIENTED_EDGE('',*,*,#1163,.F.);
#1515=ORIENTED_EDGE('',*,*,#1164,.T.);
#1516=ORIENTED_EDGE('',*,*,#1165,.F.);
#1517=ORIENTED_EDGE('',*,*,#1161,.F.);
#1518=ORIENTED_EDGE('',*,*,#1166,.T.);
#1519=ORIENTED_EDGE('',*,*,#1163,.T.);
#1520=ORIENTED_EDGE('',*,*,#1072,.T.);
#1521=ORIENTED_EDGE('',*,*,#1167,.T.);
#1522=ORIENTED_EDGE('',*,*,#1168,.T.);
#1523=ORIENTED_EDGE('',*,*,#1169,.T.);
#1524=ORIENTED_EDGE('',*,*,#1170,.T.);
#1525=ORIENTED_EDGE('',*,*,#1171,.T.);
#1526=ORIENTED_EDGE('',*,*,#1172,.T.);
#1527=ORIENTED_EDGE('',*,*,#1173,.F.);
#1528=ORIENTED_EDGE('',*,*,#1174,.F.);
#1529=ORIENTED_EDGE('',*,*,#1175,.T.);
#1530=ORIENTED_EDGE('',*,*,#1176,.T.);
#1531=ORIENTED_EDGE('',*,*,#1177,.T.);
#1532=ORIENTED_EDGE('',*,*,#1178,.T.);
#1533=ORIENTED_EDGE('',*,*,#1179,.T.);
#1534=ORIENTED_EDGE('',*,*,#1132,.T.);
#1535=ORIENTED_EDGE('',*,*,#1129,.T.);
#1536=ORIENTED_EDGE('',*,*,#1126,.T.);
#1537=ORIENTED_EDGE('',*,*,#1135,.T.);
#1538=ORIENTED_EDGE('',*,*,#1119,.T.);
#1539=ORIENTED_EDGE('',*,*,#1164,.F.);
#1540=ORIENTED_EDGE('',*,*,#1179,.F.);
#1541=ORIENTED_EDGE('',*,*,#1180,.T.);
#1542=ORIENTED_EDGE('',*,*,#1181,.F.);
#1543=ORIENTED_EDGE('',*,*,#1182,.T.);
#1544=ORIENTED_EDGE('',*,*,#1166,.F.);
#1545=ORIENTED_EDGE('',*,*,#1160,.F.);
#1546=ORIENTED_EDGE('',*,*,#1182,.F.);
#1547=ORIENTED_EDGE('',*,*,#1183,.T.);
#1548=ORIENTED_EDGE('',*,*,#1184,.T.);
#1549=ORIENTED_EDGE('',*,*,#1070,.T.);
#1550=ORIENTED_EDGE('',*,*,#1185,.F.);
#1551=ORIENTED_EDGE('',*,*,#1186,.F.);
#1552=ORIENTED_EDGE('',*,*,#1187,.T.);
#1553=ORIENTED_EDGE('',*,*,#1167,.F.);
#1554=ORIENTED_EDGE('',*,*,#1071,.T.);
#1555=ORIENTED_EDGE('',*,*,#1184,.F.);
#1556=ORIENTED_EDGE('',*,*,#1188,.T.);
#1557=ORIENTED_EDGE('',*,*,#1186,.T.);
#1558=ORIENTED_EDGE('',*,*,#1189,.F.);
#1559=ORIENTED_EDGE('',*,*,#1190,.F.);
#1560=ORIENTED_EDGE('',*,*,#1191,.F.);
#1561=ORIENTED_EDGE('',*,*,#1192,.F.);
#1562=ORIENTED_EDGE('',*,*,#1169,.F.);
#1563=ORIENTED_EDGE('',*,*,#1193,.F.);
#1564=ORIENTED_EDGE('',*,*,#1185,.T.);
#1565=ORIENTED_EDGE('',*,*,#1069,.F.);
#1566=ORIENTED_EDGE('',*,*,#1194,.F.);
#1567=ORIENTED_EDGE('',*,*,#1195,.F.);
#1568=ORIENTED_EDGE('',*,*,#1196,.T.);
#1569=ORIENTED_EDGE('',*,*,#1189,.T.);
#1570=ORIENTED_EDGE('',*,*,#1197,.F.);
#1571=ORIENTED_EDGE('',*,*,#1198,.T.);
#1572=ORIENTED_EDGE('',*,*,#1188,.F.);
#1573=ORIENTED_EDGE('',*,*,#1183,.F.);
#1574=ORIENTED_EDGE('',*,*,#1198,.F.);
#1575=ORIENTED_EDGE('',*,*,#1199,.F.);
#1576=ORIENTED_EDGE('',*,*,#1200,.T.);
#1577=ORIENTED_EDGE('',*,*,#1201,.F.);
#1578=ORIENTED_EDGE('',*,*,#1200,.F.);
#1579=ORIENTED_EDGE('',*,*,#1147,.T.);
#1580=ORIENTED_EDGE('',*,*,#1199,.T.);
#1581=ORIENTED_EDGE('',*,*,#1187,.F.);
#1582=ORIENTED_EDGE('',*,*,#1193,.T.);
#1583=ORIENTED_EDGE('',*,*,#1168,.F.);
#1584=ORIENTED_EDGE('',*,*,#1202,.F.);
#1585=ORIENTED_EDGE('',*,*,#1203,.T.);
#1586=ORIENTED_EDGE('',*,*,#1204,.F.);
#1587=ORIENTED_EDGE('',*,*,#1203,.F.);
#1588=ORIENTED_EDGE('',*,*,#1158,.T.);
#1589=ORIENTED_EDGE('',*,*,#1202,.T.);
#1590=ORIENTED_EDGE('',*,*,#1201,.T.);
#1591=ORIENTED_EDGE('',*,*,#1205,.F.);
#1592=ORIENTED_EDGE('',*,*,#1206,.T.);
#1593=ORIENTED_EDGE('',*,*,#1207,.F.);
#1594=ORIENTED_EDGE('',*,*,#1206,.F.);
#1595=ORIENTED_EDGE('',*,*,#1197,.T.);
#1596=ORIENTED_EDGE('',*,*,#1205,.T.);
#1597=ORIENTED_EDGE('',*,*,#1204,.T.);
#1598=ORIENTED_EDGE('',*,*,#1208,.F.);
#1599=ORIENTED_EDGE('',*,*,#1209,.T.);
#1600=ORIENTED_EDGE('',*,*,#1210,.F.);
#1601=ORIENTED_EDGE('',*,*,#1209,.F.);
#1602=ORIENTED_EDGE('',*,*,#1181,.T.);
#1603=ORIENTED_EDGE('',*,*,#1208,.T.);
#1604=ORIENTED_EDGE('',*,*,#1207,.T.);
#1605=ORIENTED_EDGE('',*,*,#1211,.T.);
#1606=ORIENTED_EDGE('',*,*,#1212,.T.);
#1607=ORIENTED_EDGE('',*,*,#1143,.F.);
#1608=ORIENTED_EDGE('',*,*,#1213,.T.);
#1609=ORIENTED_EDGE('',*,*,#1214,.F.);
#1610=ORIENTED_EDGE('',*,*,#1215,.T.);
#1611=ORIENTED_EDGE('',*,*,#1216,.F.);
#1612=ORIENTED_EDGE('',*,*,#1217,.T.);
#1613=ORIENTED_EDGE('',*,*,#1218,.F.);
#1614=ORIENTED_EDGE('',*,*,#1219,.T.);
#1615=ORIENTED_EDGE('',*,*,#1144,.F.);
#1616=ORIENTED_EDGE('',*,*,#1212,.F.);
#1617=ORIENTED_EDGE('',*,*,#1220,.T.);
#1618=ORIENTED_EDGE('',*,*,#1216,.T.);
#1619=ORIENTED_EDGE('',*,*,#1221,.T.);
#1620=ORIENTED_EDGE('',*,*,#1222,.F.);
#1621=ORIENTED_EDGE('',*,*,#1223,.F.);
#1622=ORIENTED_EDGE('',*,*,#1173,.T.);
#1623=ORIENTED_EDGE('',*,*,#1224,.T.);
#1624=ORIENTED_EDGE('',*,*,#1225,.T.);
#1625=ORIENTED_EDGE('',*,*,#1226,.T.);
#1626=ORIENTED_EDGE('',*,*,#1194,.T.);
#1627=ORIENTED_EDGE('',*,*,#1068,.T.);
#1628=ORIENTED_EDGE('',*,*,#1227,.T.);
#1629=ORIENTED_EDGE('',*,*,#1228,.T.);
#1630=ORIENTED_EDGE('',*,*,#1215,.F.);
#1631=ORIENTED_EDGE('',*,*,#1229,.F.);
#1632=ORIENTED_EDGE('',*,*,#1221,.F.);
#1633=ORIENTED_EDGE('',*,*,#1217,.F.);
#1634=ORIENTED_EDGE('',*,*,#1228,.F.);
#1635=ORIENTED_EDGE('',*,*,#1230,.T.);
#1636=ORIENTED_EDGE('',*,*,#1213,.F.);
#1637=ORIENTED_EDGE('',*,*,#1142,.T.);
#1638=ORIENTED_EDGE('',*,*,#1231,.F.);
#1639=ORIENTED_EDGE('',*,*,#1232,.F.);
#1640=ORIENTED_EDGE('',*,*,#1233,.T.);
#1641=ORIENTED_EDGE('',*,*,#1220,.F.);
#1642=ORIENTED_EDGE('',*,*,#1211,.F.);
#1643=ORIENTED_EDGE('',*,*,#1233,.F.);
#1644=ORIENTED_EDGE('',*,*,#1234,.F.);
#1645=ORIENTED_EDGE('',*,*,#1235,.T.);
#1646=ORIENTED_EDGE('',*,*,#1236,.F.);
#1647=ORIENTED_EDGE('',*,*,#1235,.F.);
#1648=ORIENTED_EDGE('',*,*,#1232,.T.);
#1649=ORIENTED_EDGE('',*,*,#1234,.T.);
#1650=ORIENTED_EDGE('',*,*,#1219,.F.);
#1651=ORIENTED_EDGE('',*,*,#1237,.T.);
#1652=ORIENTED_EDGE('',*,*,#1145,.T.);
#1653=ORIENTED_EDGE('',*,*,#1238,.T.);
#1654=ORIENTED_EDGE('',*,*,#1239,.T.);
#1655=ORIENTED_EDGE('',*,*,#1240,.F.);
#1656=ORIENTED_EDGE('',*,*,#1241,.T.);
#1657=ORIENTED_EDGE('',*,*,#1242,.F.);
#1658=ORIENTED_EDGE('',*,*,#1243,.T.);
#1659=ORIENTED_EDGE('',*,*,#1244,.T.);
#1660=ORIENTED_EDGE('',*,*,#1156,.F.);
#1661=ORIENTED_EDGE('',*,*,#1245,.T.);
#1662=ORIENTED_EDGE('',*,*,#1246,.F.);
#1663=ORIENTED_EDGE('',*,*,#1239,.F.);
#1664=ORIENTED_EDGE('',*,*,#1247,.T.);
#1665=ORIENTED_EDGE('',*,*,#1243,.F.);
#1666=ORIENTED_EDGE('',*,*,#1248,.T.);
#1667=ORIENTED_EDGE('',*,*,#1249,.T.);
#1668=ORIENTED_EDGE('',*,*,#1241,.F.);
#1669=ORIENTED_EDGE('',*,*,#1250,.F.);
#1670=ORIENTED_EDGE('',*,*,#1251,.T.);
#1671=ORIENTED_EDGE('',*,*,#1252,.F.);
#1672=ORIENTED_EDGE('',*,*,#1253,.T.);
#1673=ORIENTED_EDGE('',*,*,#1247,.F.);
#1674=ORIENTED_EDGE('',*,*,#1238,.F.);
#1675=ORIENTED_EDGE('',*,*,#1253,.F.);
#1676=ORIENTED_EDGE('',*,*,#1254,.F.);
#1677=ORIENTED_EDGE('',*,*,#1255,.T.);
#1678=ORIENTED_EDGE('',*,*,#1256,.F.);
#1679=ORIENTED_EDGE('',*,*,#1255,.F.);
#1680=ORIENTED_EDGE('',*,*,#1252,.T.);
#1681=ORIENTED_EDGE('',*,*,#1254,.T.);
#1682=ORIENTED_EDGE('',*,*,#1245,.F.);
#1683=ORIENTED_EDGE('',*,*,#1155,.T.);
#1684=ORIENTED_EDGE('',*,*,#1257,.F.);
#1685=ORIENTED_EDGE('',*,*,#1258,.T.);
#1686=ORIENTED_EDGE('',*,*,#1259,.T.);
#1687=ORIENTED_EDGE('',*,*,#1260,.F.);
#1688=ORIENTED_EDGE('',*,*,#1261,.T.);
#1689=ORIENTED_EDGE('',*,*,#1262,.T.);
#1690=ORIENTED_EDGE('',*,*,#1263,.T.);
#1691=ORIENTED_EDGE('',*,*,#1177,.F.);
#1692=ORIENTED_EDGE('',*,*,#1264,.T.);
#1693=ORIENTED_EDGE('',*,*,#1265,.F.);
#1694=ORIENTED_EDGE('',*,*,#1259,.F.);
#1695=ORIENTED_EDGE('',*,*,#1266,.T.);
#1696=ORIENTED_EDGE('',*,*,#1240,.T.);
#1697=ORIENTED_EDGE('',*,*,#1246,.T.);
#1698=ORIENTED_EDGE('',*,*,#1257,.T.);
#1699=ORIENTED_EDGE('',*,*,#1154,.T.);
#1700=ORIENTED_EDGE('',*,*,#1076,.T.);
#1701=ORIENTED_EDGE('',*,*,#1267,.T.);
#1702=ORIENTED_EDGE('',*,*,#1268,.T.);
#1703=ORIENTED_EDGE('',*,*,#1260,.T.);
#1704=ORIENTED_EDGE('',*,*,#1265,.T.);
#1705=ORIENTED_EDGE('',*,*,#1269,.T.);
#1706=ORIENTED_EDGE('',*,*,#1175,.F.);
#1707=ORIENTED_EDGE('',*,*,#1270,.F.);
#1708=ORIENTED_EDGE('',*,*,#1271,.T.);
#1709=ORIENTED_EDGE('',*,*,#1082,.T.);
#1710=ORIENTED_EDGE('',*,*,#1272,.T.);
#1711=ORIENTED_EDGE('',*,*,#1250,.T.);
#1712=ORIENTED_EDGE('',*,*,#1264,.F.);
#1713=ORIENTED_EDGE('',*,*,#1176,.F.);
#1714=ORIENTED_EDGE('',*,*,#1269,.F.);
#1715=ORIENTED_EDGE('',*,*,#1261,.F.);
#1716=ORIENTED_EDGE('',*,*,#1268,.F.);
#1717=ORIENTED_EDGE('',*,*,#1273,.T.);
#1718=ORIENTED_EDGE('',*,*,#1274,.F.);
#1719=ORIENTED_EDGE('',*,*,#1275,.T.);
#1720=ORIENTED_EDGE('',*,*,#1266,.F.);
#1721=ORIENTED_EDGE('',*,*,#1258,.F.);
#1722=ORIENTED_EDGE('',*,*,#1275,.F.);
#1723=ORIENTED_EDGE('',*,*,#1276,.F.);
#1724=ORIENTED_EDGE('',*,*,#1277,.T.);
#1725=ORIENTED_EDGE('',*,*,#1278,.F.);
#1726=ORIENTED_EDGE('',*,*,#1277,.F.);
#1727=ORIENTED_EDGE('',*,*,#1274,.T.);
#1728=ORIENTED_EDGE('',*,*,#1276,.T.);
#1729=ORIENTED_EDGE('',*,*,#1279,.T.);
#1730=ORIENTED_EDGE('',*,*,#1280,.T.);
#1731=ORIENTED_EDGE('',*,*,#1190,.T.);
#1732=ORIENTED_EDGE('',*,*,#1196,.F.);
#1733=ORIENTED_EDGE('',*,*,#1281,.T.);
#1734=ORIENTED_EDGE('',*,*,#1225,.F.);
#1735=ORIENTED_EDGE('',*,*,#1282,.T.);
#1736=ORIENTED_EDGE('',*,*,#1171,.F.);
#1737=ORIENTED_EDGE('',*,*,#1283,.T.);
#1738=ORIENTED_EDGE('',*,*,#1191,.T.);
#1739=ORIENTED_EDGE('',*,*,#1280,.F.);
#1740=ORIENTED_EDGE('',*,*,#1284,.T.);
#1741=ORIENTED_EDGE('',*,*,#1282,.F.);
#1742=ORIENTED_EDGE('',*,*,#1224,.F.);
#1743=ORIENTED_EDGE('',*,*,#1172,.F.);
#1744=ORIENTED_EDGE('',*,*,#1281,.F.);
#1745=ORIENTED_EDGE('',*,*,#1195,.T.);
#1746=ORIENTED_EDGE('',*,*,#1226,.F.);
#1747=ORIENTED_EDGE('',*,*,#1283,.F.);
#1748=ORIENTED_EDGE('',*,*,#1170,.F.);
#1749=ORIENTED_EDGE('',*,*,#1192,.T.);
#1750=ORIENTED_EDGE('',*,*,#1285,.F.);
#1751=ORIENTED_EDGE('',*,*,#1286,.T.);
#1752=ORIENTED_EDGE('',*,*,#1284,.F.);
#1753=ORIENTED_EDGE('',*,*,#1279,.F.);
#1754=ORIENTED_EDGE('',*,*,#1286,.F.);
#1755=ORIENTED_EDGE('',*,*,#1287,.F.);
#1756=ORIENTED_EDGE('',*,*,#1288,.T.);
#1757=ORIENTED_EDGE('',*,*,#1289,.F.);
#1758=ORIENTED_EDGE('',*,*,#1288,.F.);
#1759=ORIENTED_EDGE('',*,*,#1285,.T.);
#1760=ORIENTED_EDGE('',*,*,#1287,.T.);
#1761=ORIENTED_EDGE('',*,*,#1236,.T.);
#1762=ORIENTED_EDGE('',*,*,#1290,.F.);
#1763=ORIENTED_EDGE('',*,*,#1291,.T.);
#1764=ORIENTED_EDGE('',*,*,#1292,.F.);
#1765=ORIENTED_EDGE('',*,*,#1293,.T.);
#1766=ORIENTED_EDGE('',*,*,#1294,.F.);
#1767=ORIENTED_EDGE('',*,*,#1295,.F.);
#1768=ORIENTED_EDGE('',*,*,#1296,.F.);
#1769=ORIENTED_EDGE('',*,*,#1291,.F.);
#1770=ORIENTED_EDGE('',*,*,#1139,.T.);
#1771=ORIENTED_EDGE('',*,*,#1146,.F.);
#1772=ORIENTED_EDGE('',*,*,#1237,.F.);
#1773=ORIENTED_EDGE('',*,*,#1218,.T.);
#1774=ORIENTED_EDGE('',*,*,#1230,.F.);
#1775=ORIENTED_EDGE('',*,*,#1227,.F.);
#1776=ORIENTED_EDGE('',*,*,#1067,.F.);
#1777=ORIENTED_EDGE('',*,*,#1292,.T.);
#1778=ORIENTED_EDGE('',*,*,#1296,.T.);
#1779=ORIENTED_EDGE('',*,*,#1297,.T.);
#1780=ORIENTED_EDGE('',*,*,#1298,.T.);
#1781=ORIENTED_EDGE('',*,*,#1299,.F.);
#1782=ORIENTED_EDGE('',*,*,#1300,.F.);
#1783=ORIENTED_EDGE('',*,*,#1297,.F.);
#1784=ORIENTED_EDGE('',*,*,#1295,.T.);
#1785=ORIENTED_EDGE('',*,*,#1301,.F.);
#1786=ORIENTED_EDGE('',*,*,#1293,.F.);
#1787=ORIENTED_EDGE('',*,*,#1298,.F.);
#1788=ORIENTED_EDGE('',*,*,#1300,.T.);
#1789=ORIENTED_EDGE('',*,*,#1214,.T.);
#1790=ORIENTED_EDGE('',*,*,#1231,.T.);
#1791=ORIENTED_EDGE('',*,*,#1141,.T.);
#1792=ORIENTED_EDGE('',*,*,#1083,.T.);
#1793=ORIENTED_EDGE('',*,*,#1271,.F.);
#1794=ORIENTED_EDGE('',*,*,#1302,.F.);
#1795=ORIENTED_EDGE('',*,*,#1222,.T.);
#1796=ORIENTED_EDGE('',*,*,#1229,.T.);
#1797=ORIENTED_EDGE('',*,*,#1210,.T.);
#1798=ORIENTED_EDGE('',*,*,#1303,.F.);
#1799=ORIENTED_EDGE('',*,*,#1304,.F.);
#1800=ORIENTED_EDGE('',*,*,#1305,.F.);
#1801=ORIENTED_EDGE('',*,*,#1306,.F.);
#1802=ORIENTED_EDGE('',*,*,#1272,.F.);
#1803=ORIENTED_EDGE('',*,*,#1081,.F.);
#1804=ORIENTED_EDGE('',*,*,#1307,.T.);
#1805=ORIENTED_EDGE('',*,*,#1248,.F.);
#1806=ORIENTED_EDGE('',*,*,#1242,.T.);
#1807=ORIENTED_EDGE('',*,*,#1251,.F.);
#1808=ORIENTED_EDGE('',*,*,#1308,.F.);
#1809=ORIENTED_EDGE('',*,*,#1306,.T.);
#1810=ORIENTED_EDGE('',*,*,#1309,.F.);
#1811=ORIENTED_EDGE('',*,*,#1310,.T.);
#1812=ORIENTED_EDGE('',*,*,#1152,.T.);
#1813=ORIENTED_EDGE('',*,*,#1157,.T.);
#1814=ORIENTED_EDGE('',*,*,#1244,.F.);
#1815=ORIENTED_EDGE('',*,*,#1249,.F.);
#1816=ORIENTED_EDGE('',*,*,#1307,.F.);
#1817=ORIENTED_EDGE('',*,*,#1080,.F.);
#1818=ORIENTED_EDGE('',*,*,#1309,.T.);
#1819=ORIENTED_EDGE('',*,*,#1305,.T.);
#1820=ORIENTED_EDGE('',*,*,#1311,.T.);
#1821=ORIENTED_EDGE('',*,*,#1312,.T.);
#1822=ORIENTED_EDGE('',*,*,#1313,.F.);
#1823=ORIENTED_EDGE('',*,*,#1314,.F.);
#1824=ORIENTED_EDGE('',*,*,#1311,.F.);
#1825=ORIENTED_EDGE('',*,*,#1304,.T.);
#1826=ORIENTED_EDGE('',*,*,#1315,.F.);
#1827=ORIENTED_EDGE('',*,*,#1310,.F.);
#1828=ORIENTED_EDGE('',*,*,#1312,.F.);
#1829=ORIENTED_EDGE('',*,*,#1314,.T.);
#1830=ORIENTED_EDGE('',*,*,#1256,.T.);
#1831=ORIENTED_EDGE('',*,*,#1289,.T.);
#1832=ORIENTED_EDGE('',*,*,#1316,.F.);
#1833=ORIENTED_EDGE('',*,*,#1317,.T.);
#1834=ORIENTED_EDGE('',*,*,#1318,.F.);
#1835=ORIENTED_EDGE('',*,*,#1319,.T.);
#1836=ORIENTED_EDGE('',*,*,#1320,.F.);
#1837=ORIENTED_EDGE('',*,*,#1321,.F.);
#1838=ORIENTED_EDGE('',*,*,#1322,.F.);
#1839=ORIENTED_EDGE('',*,*,#1317,.F.);
#1840=ORIENTED_EDGE('',*,*,#1318,.T.);
#1841=ORIENTED_EDGE('',*,*,#1322,.T.);
#1842=ORIENTED_EDGE('',*,*,#1323,.T.);
#1843=ORIENTED_EDGE('',*,*,#1324,.T.);
#1844=ORIENTED_EDGE('',*,*,#1325,.F.);
#1845=ORIENTED_EDGE('',*,*,#1326,.F.);
#1846=ORIENTED_EDGE('',*,*,#1323,.F.);
#1847=ORIENTED_EDGE('',*,*,#1321,.T.);
#1848=ORIENTED_EDGE('',*,*,#1327,.F.);
#1849=ORIENTED_EDGE('',*,*,#1319,.F.);
#1850=ORIENTED_EDGE('',*,*,#1324,.F.);
#1851=ORIENTED_EDGE('',*,*,#1326,.T.);
#1852=ORIENTED_EDGE('',*,*,#1328,.F.);
#1853=ORIENTED_EDGE('',*,*,#1329,.F.);
#1854=ORIENTED_EDGE('',*,*,#1330,.F.);
#1855=ORIENTED_EDGE('',*,*,#1331,.F.);
#1856=ORIENTED_EDGE('',*,*,#1267,.F.);
#1857=ORIENTED_EDGE('',*,*,#1075,.F.);
#1858=ORIENTED_EDGE('',*,*,#1332,.T.);
#1859=ORIENTED_EDGE('',*,*,#1262,.F.);
#1860=ORIENTED_EDGE('',*,*,#1273,.F.);
#1861=ORIENTED_EDGE('',*,*,#1333,.F.);
#1862=ORIENTED_EDGE('',*,*,#1331,.T.);
#1863=ORIENTED_EDGE('',*,*,#1334,.F.);
#1864=ORIENTED_EDGE('',*,*,#1335,.T.);
#1865=ORIENTED_EDGE('',*,*,#1162,.T.);
#1866=ORIENTED_EDGE('',*,*,#1165,.T.);
#1867=ORIENTED_EDGE('',*,*,#1180,.F.);
#1868=ORIENTED_EDGE('',*,*,#1178,.F.);
#1869=ORIENTED_EDGE('',*,*,#1263,.F.);
#1870=ORIENTED_EDGE('',*,*,#1332,.F.);
#1871=ORIENTED_EDGE('',*,*,#1074,.F.);
#1872=ORIENTED_EDGE('',*,*,#1334,.T.);
#1873=ORIENTED_EDGE('',*,*,#1330,.T.);
#1874=ORIENTED_EDGE('',*,*,#1336,.T.);
#1875=ORIENTED_EDGE('',*,*,#1337,.T.);
#1876=ORIENTED_EDGE('',*,*,#1338,.F.);
#1877=ORIENTED_EDGE('',*,*,#1339,.F.);
#1878=ORIENTED_EDGE('',*,*,#1336,.F.);
#1879=ORIENTED_EDGE('',*,*,#1329,.T.);
#1880=ORIENTED_EDGE('',*,*,#1340,.F.);
#1881=ORIENTED_EDGE('',*,*,#1335,.F.);
#1882=ORIENTED_EDGE('',*,*,#1337,.F.);
#1883=ORIENTED_EDGE('',*,*,#1339,.T.);
#1884=ORIENTED_EDGE('',*,*,#1278,.T.);
#1885=ORIENTED_EDGE('',*,*,#1341,.T.);
#1886=ORIENTED_EDGE('',*,*,#1342,.T.);
#1887=ORIENTED_EDGE('',*,*,#1343,.T.);
#1888=ORIENTED_EDGE('',*,*,#1344,.T.);
#1889=ORIENTED_EDGE('',*,*,#1302,.T.);
#1890=ORIENTED_EDGE('',*,*,#1270,.T.);
#1891=ORIENTED_EDGE('',*,*,#1174,.T.);
#1892=ORIENTED_EDGE('',*,*,#1223,.T.);
#1893=ORIENTED_EDGE('',*,*,#1345,.T.);
#1894=ORIENTED_EDGE('',*,*,#1346,.T.);
#1895=ORIENTED_EDGE('',*,*,#1347,.T.);
#1896=ORIENTED_EDGE('',*,*,#1348,.T.);
#1897=ORIENTED_EDGE('',*,*,#1120,.T.);
#1898=ORIENTED_EDGE('',*,*,#1122,.T.);
#1899=ORIENTED_EDGE('',*,*,#1294,.T.);
#1900=ORIENTED_EDGE('',*,*,#1290,.T.);
#1901=ORIENTED_EDGE('',*,*,#1301,.T.);
#1902=ORIENTED_EDGE('',*,*,#1299,.T.);
#1903=ORIENTED_EDGE('',*,*,#1303,.T.);
#1904=ORIENTED_EDGE('',*,*,#1308,.T.);
#1905=ORIENTED_EDGE('',*,*,#1315,.T.);
#1906=ORIENTED_EDGE('',*,*,#1313,.T.);
#1907=ORIENTED_EDGE('',*,*,#1320,.T.);
#1908=ORIENTED_EDGE('',*,*,#1316,.T.);
#1909=ORIENTED_EDGE('',*,*,#1327,.T.);
#1910=ORIENTED_EDGE('',*,*,#1325,.T.);
#1911=ORIENTED_EDGE('',*,*,#1328,.T.);
#1912=ORIENTED_EDGE('',*,*,#1333,.T.);
#1913=ORIENTED_EDGE('',*,*,#1340,.T.);
#1914=ORIENTED_EDGE('',*,*,#1338,.T.);
#1915=ORIENTED_EDGE('',*,*,#1349,.T.);
#1916=ORIENTED_EDGE('',*,*,#1346,.F.);
#1917=ORIENTED_EDGE('',*,*,#1350,.F.);
#1918=ORIENTED_EDGE('',*,*,#1344,.F.);
#1919=ORIENTED_EDGE('',*,*,#1351,.T.);
#1920=ORIENTED_EDGE('',*,*,#1347,.F.);
#1921=ORIENTED_EDGE('',*,*,#1349,.F.);
#1922=ORIENTED_EDGE('',*,*,#1343,.F.);
#1923=ORIENTED_EDGE('',*,*,#1352,.T.);
#1924=ORIENTED_EDGE('',*,*,#1348,.F.);
#1925=ORIENTED_EDGE('',*,*,#1351,.F.);
#1926=ORIENTED_EDGE('',*,*,#1342,.F.);
#1927=ORIENTED_EDGE('',*,*,#1131,.T.);
#1928=ORIENTED_EDGE('',*,*,#1134,.T.);
#1929=ORIENTED_EDGE('',*,*,#1124,.T.);
#1930=ORIENTED_EDGE('',*,*,#1128,.T.);
#1931=ORIENTED_EDGE('',*,*,#1350,.T.);
#1932=ORIENTED_EDGE('',*,*,#1345,.F.);
#1933=ORIENTED_EDGE('',*,*,#1352,.F.);
#1934=ORIENTED_EDGE('',*,*,#1341,.F.);
#1935=TOROIDAL_SURFACE('',#2081,0.599999999999999,0.2);
#1936=TOROIDAL_SURFACE('',#2101,0.599999999999999,0.2);
#1937=TOROIDAL_SURFACE('',#2107,0.6,0.2);
#1938=TOROIDAL_SURFACE('',#2113,0.6,0.2);
#1939=TOROIDAL_SURFACE('',#2146,0.599999999999999,0.2);
#1940=TOROIDAL_SURFACE('',#2153,0.6,0.2);
#1941=TOROIDAL_SURFACE('',#2160,0.600000005960464,0.2);
#1942=TOROIDAL_SURFACE('',#2170,0.6,0.2);
#1943=TOROIDAL_SURFACE('',#2199,0.560555132919089,0.2);
#1944=TOROIDAL_SURFACE('',#2218,0.57807700802554,0.2);
#1945=TOROIDAL_SURFACE('',#2234,0.585119105855486,0.2);
#1946=TOROIDAL_SURFACE('',#2249,0.560555132919089,0.2);
#1947=ADVANCED_FACE('',(#500),#1935,.F.);
#1948=ADVANCED_FACE('',(#501,#71,#72,#73,#74,#75,#76),#418,.T.);
#1949=ADVANCED_FACE('',(#502),#45,.T.);
#1950=ADVANCED_FACE('',(#503),#1936,.F.);
#1951=ADVANCED_FACE('',(#504),#46,.T.);
#1952=ADVANCED_FACE('',(#505),#1937,.F.);
#1953=ADVANCED_FACE('',(#506),#47,.T.);
#1954=ADVANCED_FACE('',(#507),#1938,.F.);
#1955=ADVANCED_FACE('',(#508),#48,.T.);
#1956=ADVANCED_FACE('',(#509),#49,.F.);
#1957=ADVANCED_FACE('',(#510,#77),#419,.T.);
#1958=ADVANCED_FACE('',(#511),#420,.T.);
#1959=ADVANCED_FACE('',(#512),#50,.F.);
#1960=ADVANCED_FACE('',(#513,#78),#421,.T.);
#1961=ADVANCED_FACE('',(#514),#51,.F.);
#1962=ADVANCED_FACE('',(#515,#79),#422,.T.);
#1963=ADVANCED_FACE('',(#516),#423,.T.);
#1964=ADVANCED_FACE('',(#517),#52,.F.);
#1965=ADVANCED_FACE('',(#518,#80),#424,.T.);
#1966=ADVANCED_FACE('',(#519),#425,.T.);
#1967=ADVANCED_FACE('',(#520),#53,.F.);
#1968=ADVANCED_FACE('',(#521),#54,.F.);
#1969=ADVANCED_FACE('',(#522),#426,.F.);
#1970=ADVANCED_FACE('',(#523),#427,.F.);
#1971=ADVANCED_FACE('',(#524),#428,.F.);
#1972=ADVANCED_FACE('',(#525),#429,.F.);
#1973=ADVANCED_FACE('',(#526),#1939,.F.);
#1974=ADVANCED_FACE('',(#527),#430,.T.);
#1975=ADVANCED_FACE('',(#528),#55,.T.);
#1976=ADVANCED_FACE('',(#529),#1940,.F.);
#1977=ADVANCED_FACE('',(#530),#431,.T.);
#1978=ADVANCED_FACE('',(#531),#56,.T.);
#1979=ADVANCED_FACE('',(#532),#1941,.F.);
#1980=ADVANCED_FACE('',(#533,#81),#432,.T.);
#1981=ADVANCED_FACE('',(#534),#433,.T.);
#1982=ADVANCED_FACE('',(#535),#434,.T.);
#1983=ADVANCED_FACE('',(#536),#57,.T.);
#1984=ADVANCED_FACE('',(#537),#1942,.F.);
#1985=ADVANCED_FACE('',(#538),#435,.T.);
#1986=ADVANCED_FACE('',(#539),#436,.T.);
#1987=ADVANCED_FACE('',(#540),#58,.T.);
#1988=ADVANCED_FACE('',(#541),#59,.F.);
#1989=ADVANCED_FACE('',(#542,#82),#437,.T.);
#1990=ADVANCED_FACE('',(#543),#438,.T.);
#1991=ADVANCED_FACE('',(#544),#60,.F.);
#1992=ADVANCED_FACE('',(#545,#83),#439,.T.);
#1993=ADVANCED_FACE('',(#546),#440,.T.);
#1994=ADVANCED_FACE('',(#547),#61,.F.);
#1995=ADVANCED_FACE('',(#548,#84),#441,.T.);
#1996=ADVANCED_FACE('',(#549),#442,.T.);
#1997=ADVANCED_FACE('',(#550),#62,.F.);
#1998=ADVANCED_FACE('',(#551,#85),#443,.T.);
#1999=ADVANCED_FACE('',(#552),#444,.T.);
#2000=ADVANCED_FACE('',(#553),#1943,.F.);
#2001=ADVANCED_FACE('',(#554),#445,.T.);
#2002=ADVANCED_FACE('',(#555),#446,.T.);
#2003=ADVANCED_FACE('',(#556),#447,.T.);
#2004=ADVANCED_FACE('',(#557),#448,.T.);
#2005=ADVANCED_FACE('',(#558),#63,.T.);
#2006=ADVANCED_FACE('',(#559),#64,.F.);
#2007=ADVANCED_FACE('',(#560,#86),#449,.T.);
#2008=ADVANCED_FACE('',(#561),#450,.T.);
#2009=ADVANCED_FACE('',(#562),#1944,.F.);
#2010=ADVANCED_FACE('',(#563),#451,.T.);
#2011=ADVANCED_FACE('',(#564),#452,.T.);
#2012=ADVANCED_FACE('',(#565),#65,.T.);
#2013=ADVANCED_FACE('',(#566),#66,.F.);
#2014=ADVANCED_FACE('',(#567,#87),#453,.T.);
#2015=ADVANCED_FACE('',(#568),#454,.T.);
#2016=ADVANCED_FACE('',(#569),#1945,.F.);
#2017=ADVANCED_FACE('',(#570),#455,.T.);
#2018=ADVANCED_FACE('',(#571),#456,.T.);
#2019=ADVANCED_FACE('',(#572),#457,.T.);
#2020=ADVANCED_FACE('',(#573),#67,.T.);
#2021=ADVANCED_FACE('',(#574),#68,.F.);
#2022=ADVANCED_FACE('',(#575,#88),#458,.T.);
#2023=ADVANCED_FACE('',(#576),#1946,.F.);
#2024=ADVANCED_FACE('',(#577),#459,.T.);
#2025=ADVANCED_FACE('',(#578),#460,.T.);
#2026=ADVANCED_FACE('',(#579),#461,.T.);
#2027=ADVANCED_FACE('',(#580),#69,.T.);
#2028=ADVANCED_FACE('',(#581),#70,.F.);
#2029=ADVANCED_FACE('',(#582,#89),#462,.T.);
#2030=ADVANCED_FACE('',(#583),#463,.T.);
#2031=ADVANCED_FACE('',(#584),#464,.T.);
#2032=ADVANCED_FACE('',(#585),#465,.T.);
#2033=ADVANCED_FACE('',(#586),#466,.T.);
#2034=ADVANCED_FACE('',(#587),#467,.T.);
#2035=ADVANCED_FACE('',(#588),#468,.T.);
#2036=ADVANCED_FACE('',(#589),#469,.T.);
#2037=ADVANCED_FACE('',(#590),#470,.T.);
#2038=ADVANCED_FACE('',(#591),#471,.T.);
#2039=ADVANCED_FACE('',(#592),#472,.T.);
#2040=ADVANCED_FACE('',(#593),#473,.T.);
#2041=ADVANCED_FACE('',(#594),#474,.T.);
#2042=ADVANCED_FACE('',(#595),#475,.T.);
#2043=ADVANCED_FACE('',(#596),#476,.T.);
#2044=ADVANCED_FACE('',(#597),#477,.T.);
#2045=ADVANCED_FACE('',(#598),#478,.T.);
#2046=ADVANCED_FACE('',(#599),#479,.T.);
#2047=ADVANCED_FACE('',(#600),#480,.T.);
#2048=ADVANCED_FACE('',(#601),#481,.T.);
#2049=ADVANCED_FACE('',(#602),#482,.T.);
#2050=ADVANCED_FACE('',(#603),#483,.T.);
#2051=ADVANCED_FACE('',(#604),#484,.T.);
#2052=ADVANCED_FACE('',(#605),#485,.T.);
#2053=ADVANCED_FACE('',(#606),#486,.T.);
#2054=ADVANCED_FACE('',(#607),#487,.T.);
#2055=ADVANCED_FACE('',(#608),#488,.T.);
#2056=ADVANCED_FACE('',(#609),#489,.T.);
#2057=ADVANCED_FACE('',(#610),#490,.T.);
#2058=ADVANCED_FACE('',(#611),#491,.T.);
#2059=ADVANCED_FACE('',(#612),#492,.T.);
#2060=ADVANCED_FACE('',(#613),#493,.T.);
#2061=ADVANCED_FACE('',(#614,#90),#494,.T.);
#2062=ADVANCED_FACE('',(#615,#91,#92,#93,#94,#95,#96),#495,.F.);
#2063=ADVANCED_FACE('',(#616),#496,.F.);
#2064=ADVANCED_FACE('',(#617),#497,.F.);
#2065=ADVANCED_FACE('',(#618,#97),#498,.F.);
#2066=ADVANCED_FACE('',(#619),#499,.F.);
#2067=CLOSED_SHELL('',(#1947,#1948,#1949,#1950,#1951,#1952,#1953,#1954,
#1955,#1956,#1957,#1958,#1959,#1960,#1961,#1962,#1963,#1964,#1965,#1966,
#1967,#1968,#1969,#1970,#1971,#1972,#1973,#1974,#1975,#1976,#1977,#1978,
#1979,#1980,#1981,#1982,#1983,#1984,#1985,#1986,#1987,#1988,#1989,#1990,
#1991,#1992,#1993,#1994,#1995,#1996,#1997,#1998,#1999,#2000,#2001,#2002,
#2003,#2004,#2005,#2006,#2007,#2008,#2009,#2010,#2011,#2012,#2013,#2014,
#2015,#2016,#2017,#2018,#2019,#2020,#2021,#2022,#2023,#2024,#2025,#2026,
#2027,#2028,#2029,#2030,#2031,#2032,#2033,#2034,#2035,#2036,#2037,#2038,
#2039,#2040,#2041,#2042,#2043,#2044,#2045,#2046,#2047,#2048,#2049,#2050,
#2051,#2052,#2053,#2054,#2055,#2056,#2057,#2058,#2059,#2060,#2061,#2062,
#2063,#2064,#2065,#2066));
#2068=DERIVED_UNIT_ELEMENT(#2070,1.);
#2069=DERIVED_UNIT_ELEMENT(#3793,-3.);
#2070=(
MASS_UNIT()
NAMED_UNIT(*)
SI_UNIT(.KILO.,.GRAM.)
);
#2071=DERIVED_UNIT((#2068,#2069));
#2072=MEASURE_REPRESENTATION_ITEM('density measure',
POSITIVE_RATIO_MEASURE(952.),#2071);
#2073=PROPERTY_DEFINITION_REPRESENTATION(#2078,#2075);
#2074=PROPERTY_DEFINITION_REPRESENTATION(#2079,#2076);
#2075=REPRESENTATION('material name',(#2077),#3790);
#2076=REPRESENTATION('density',(#2072),#3790);
#2077=DESCRIPTIVE_REPRESENTATION_ITEM('Plastic, Opaque White',
'Plastic, Opaque White');
#2078=PROPERTY_DEFINITION('material property','material name',#3800);
#2079=PROPERTY_DEFINITION('material property','density of part',#3800);
#2080=AXIS2_PLACEMENT_3D('',#2906,#2302,#2303);
#2081=AXIS2_PLACEMENT_3D('',#2907,#2304,#2305);
#2082=AXIS2_PLACEMENT_3D('',#2910,#2306,#2307);
#2083=AXIS2_PLACEMENT_3D('',#2912,#2308,#2309);
#2084=AXIS2_PLACEMENT_3D('',#2913,#2310,#2311);
#2085=AXIS2_PLACEMENT_3D('',#2914,#2312,#2313);
#2086=AXIS2_PLACEMENT_3D('',#2915,#2314,#2315);
#2087=AXIS2_PLACEMENT_3D('',#2918,#2316,#2317);
#2088=AXIS2_PLACEMENT_3D('',#2926,#2321,#2322);
#2089=AXIS2_PLACEMENT_3D('',#2928,#2323,#2324);
#2090=AXIS2_PLACEMENT_3D('',#2932,#2326,#2327);
#2091=AXIS2_PLACEMENT_3D('',#2942,#2332,#2333);
#2092=AXIS2_PLACEMENT_3D('',#2944,#2334,#2335);
#2093=AXIS2_PLACEMENT_3D('',#2955,#2341,#2342);
#2094=AXIS2_PLACEMENT_3D('',#2957,#2343,#2344);
#2095=AXIS2_PLACEMENT_3D('',#2959,#2345,#2346);
#2096=AXIS2_PLACEMENT_3D('',#2961,#2347,#2348);
#2097=AXIS2_PLACEMENT_3D('',#2963,#2349,#2350);
#2098=AXIS2_PLACEMENT_3D('',#2965,#2351,#2352);
#2099=AXIS2_PLACEMENT_3D('',#2966,#2353,#2354);
#2100=AXIS2_PLACEMENT_3D('',#2968,#2355,#2356);
#2101=AXIS2_PLACEMENT_3D('',#2970,#2358,#2359);
#2102=AXIS2_PLACEMENT_3D('',#2973,#2360,#2361);
#2103=AXIS2_PLACEMENT_3D('',#2974,#2362,#2363);
#2104=AXIS2_PLACEMENT_3D('',#2975,#2364,#2365);
#2105=AXIS2_PLACEMENT_3D('',#2976,#2366,#2367);
#2106=AXIS2_PLACEMENT_3D('',#2978,#2368,#2369);
#2107=AXIS2_PLACEMENT_3D('',#2980,#2371,#2372);
#2108=AXIS2_PLACEMENT_3D('',#2983,#2373,#2374);
#2109=AXIS2_PLACEMENT_3D('',#2984,#2375,#2376);
#2110=AXIS2_PLACEMENT_3D('',#2985,#2377,#2378);
#2111=AXIS2_PLACEMENT_3D('',#2986,#2379,#2380);
#2112=AXIS2_PLACEMENT_3D('',#2988,#2381,#2382);
#2113=AXIS2_PLACEMENT_3D('',#2990,#2384,#2385);
#2114=AXIS2_PLACEMENT_3D('',#2993,#2386,#2387);
#2115=AXIS2_PLACEMENT_3D('',#2994,#2388,#2389);
#2116=AXIS2_PLACEMENT_3D('',#2995,#2390,#2391);
#2117=AXIS2_PLACEMENT_3D('',#2996,#2392,#2393);
#2118=AXIS2_PLACEMENT_3D('',#2998,#2394,#2395);
#2119=AXIS2_PLACEMENT_3D('',#3000,#2397,#2398);
#2120=AXIS2_PLACEMENT_3D('',#3002,#2399,#2400);
#2121=AXIS2_PLACEMENT_3D('',#3005,#2402,#2403);
#2122=AXIS2_PLACEMENT_3D('',#3006,#2404,#2405);
#2123=AXIS2_PLACEMENT_3D('',#3007,#2406,#2407);
#2124=AXIS2_PLACEMENT_3D('',#3008,#2408,#2409);
#2125=AXIS2_PLACEMENT_3D('',#3010,#2410,#2411);
#2126=AXIS2_PLACEMENT_3D('',#3013,#2413,#2414);
#2127=AXIS2_PLACEMENT_3D('',#3014,#2415,#2416);
#2128=AXIS2_PLACEMENT_3D('',#3015,#2417,#2418);
#2129=AXIS2_PLACEMENT_3D('',#3017,#2419,#2420);
#2130=AXIS2_PLACEMENT_3D('',#3020,#2422,#2423);
#2131=AXIS2_PLACEMENT_3D('',#3021,#2424,#2425);
#2132=AXIS2_PLACEMENT_3D('',#3022,#2426,#2427);
#2133=AXIS2_PLACEMENT_3D('',#3023,#2428,#2429);
#2134=AXIS2_PLACEMENT_3D('',#3025,#2430,#2431);
#2135=AXIS2_PLACEMENT_3D('',#3028,#2433,#2434);
#2136=AXIS2_PLACEMENT_3D('',#3029,#2435,#2436);
#2137=AXIS2_PLACEMENT_3D('',#3030,#2437,#2438);
#2138=AXIS2_PLACEMENT_3D('',#3031,#2439,#2440);
#2139=AXIS2_PLACEMENT_3D('',#3033,#2441,#2442);
#2140=AXIS2_PLACEMENT_3D('',#3035,#2444,#2445);
#2141=AXIS2_PLACEMENT_3D('',#3037,#2446,#2447);
#2142=AXIS2_PLACEMENT_3D('',#3039,#2449,#2450);
#2143=AXIS2_PLACEMENT_3D('',#3048,#2455,#2456);
#2144=AXIS2_PLACEMENT_3D('',#3054,#2460,#2461);
#2145=AXIS2_PLACEMENT_3D('',#3060,#2465,#2466);
#2146=AXIS2_PLACEMENT_3D('',#3063,#2469,#2470);
#2147=AXIS2_PLACEMENT_3D('',#3066,#2471,#2472);
#2148=AXIS2_PLACEMENT_3D('',#3067,#2473,#2474);
#2149=AXIS2_PLACEMENT_3D('',#3079,#2475,#2476);
#2150=AXIS2_PLACEMENT_3D('',#3080,#2477,#2478);
#2151=AXIS2_PLACEMENT_3D('',#3102,#2483,#2484);
#2152=AXIS2_PLACEMENT_3D('',#3104,#2485,#2486);
#2153=AXIS2_PLACEMENT_3D('',#3106,#2488,#2489);
#2154=AXIS2_PLACEMENT_3D('',#3109,#2490,#2491);
#2155=AXIS2_PLACEMENT_3D('',#3110,#2492,#2493);
#2156=AXIS2_PLACEMENT_3D('',#3122,#2494,#2495);
#2157=AXIS2_PLACEMENT_3D('',#3123,#2496,#2497);
#2158=AXIS2_PLACEMENT_3D('',#3144,#2501,#2502);
#2159=AXIS2_PLACEMENT_3D('',#3146,#2503,#2504);
#2160=AXIS2_PLACEMENT_3D('',#3148,#2506,#2507);
#2161=AXIS2_PLACEMENT_3D('',#3151,#2508,#2509);
#2162=AXIS2_PLACEMENT_3D('',#3153,#2510,#2511);
#2163=AXIS2_PLACEMENT_3D('',#3172,#2512,#2513);
#2164=AXIS2_PLACEMENT_3D('',#3179,#2514,#2515);
#2165=AXIS2_PLACEMENT_3D('',#3180,#2516,#2517);
#2166=AXIS2_PLACEMENT_3D('',#3241,#2528,#2529);
#2167=AXIS2_PLACEMENT_3D('',#3242,#2530,#2531);
#2168=AXIS2_PLACEMENT_3D('',#3244,#2533,#2534);
#2169=AXIS2_PLACEMENT_3D('',#3246,#2535,#2536);
#2170=AXIS2_PLACEMENT_3D('',#3248,#2538,#2539);
#2171=AXIS2_PLACEMENT_3D('',#3251,#2540,#2541);
#2172=AXIS2_PLACEMENT_3D('',#3252,#2542,#2543);
#2173=AXIS2_PLACEMENT_3D('',#3269,#2544,#2545);
#2174=AXIS2_PLACEMENT_3D('',#3270,#2546,#2547);
#2175=AXIS2_PLACEMENT_3D('',#3271,#2548,#2549);
#2176=AXIS2_PLACEMENT_3D('',#3294,#2553,#2554);
#2177=AXIS2_PLACEMENT_3D('',#3321,#2557,#2558);
#2178=AXIS2_PLACEMENT_3D('',#3323,#2559,#2560);
#2179=AXIS2_PLACEMENT_3D('',#3325,#2562,#2563);
#2180=AXIS2_PLACEMENT_3D('',#3327,#2564,#2565);
#2181=AXIS2_PLACEMENT_3D('',#3330,#2567,#2568);
#2182=AXIS2_PLACEMENT_3D('',#3331,#2569,#2570);
#2183=AXIS2_PLACEMENT_3D('',#3332,#2571,#2572);
#2184=AXIS2_PLACEMENT_3D('',#3333,#2573,#2574);
#2185=AXIS2_PLACEMENT_3D('',#3335,#2575,#2576);
#2186=AXIS2_PLACEMENT_3D('',#3338,#2578,#2579);
#2187=AXIS2_PLACEMENT_3D('',#3339,#2580,#2581);
#2188=AXIS2_PLACEMENT_3D('',#3340,#2582,#2583);
#2189=AXIS2_PLACEMENT_3D('',#3341,#2584,#2585);
#2190=AXIS2_PLACEMENT_3D('',#3343,#2586,#2587);
#2191=AXIS2_PLACEMENT_3D('',#3346,#2589,#2590);
#2192=AXIS2_PLACEMENT_3D('',#3347,#2591,#2592);
#2193=AXIS2_PLACEMENT_3D('',#3348,#2593,#2594);
#2194=AXIS2_PLACEMENT_3D('',#3349,#2595,#2596);
#2195=AXIS2_PLACEMENT_3D('',#3351,#2597,#2598);
#2196=AXIS2_PLACEMENT_3D('',#3354,#2600,#2601);
#2197=AXIS2_PLACEMENT_3D('',#3355,#2602,#2603);
#2198=AXIS2_PLACEMENT_3D('',#3356,#2604,#2605);
#2199=AXIS2_PLACEMENT_3D('',#3357,#2606,#2607);
#2200=AXIS2_PLACEMENT_3D('',#3360,#2608,#2609);
#2201=AXIS2_PLACEMENT_3D('',#3361,#2610,#2611);
#2202=AXIS2_PLACEMENT_3D('',#3363,#2612,#2613);
#2203=AXIS2_PLACEMENT_3D('',#3380,#2614,#2615);
#2204=AXIS2_PLACEMENT_3D('',#3397,#2616,#2617);
#2205=AXIS2_PLACEMENT_3D('',#3409,#2618,#2619);
#2206=AXIS2_PLACEMENT_3D('',#3410,#2620,#2621);
#2207=AXIS2_PLACEMENT_3D('',#3411,#2622,#2623);
#2208=AXIS2_PLACEMENT_3D('',#3438,#2631,#2632);
#2209=AXIS2_PLACEMENT_3D('',#3440,#2634,#2635);
#2210=AXIS2_PLACEMENT_3D('',#3442,#2637,#2638);
#2211=AXIS2_PLACEMENT_3D('',#3444,#2640,#2641);
#2212=AXIS2_PLACEMENT_3D('',#3446,#2642,#2643);
#2213=AXIS2_PLACEMENT_3D('',#3448,#2645,#2646);
#2214=AXIS2_PLACEMENT_3D('',#3450,#2647,#2648);
#2215=AXIS2_PLACEMENT_3D('',#3453,#2650,#2651);
#2216=AXIS2_PLACEMENT_3D('',#3454,#2652,#2653);
#2217=AXIS2_PLACEMENT_3D('',#3455,#2654,#2655);
#2218=AXIS2_PLACEMENT_3D('',#3457,#2657,#2658);
#2219=AXIS2_PLACEMENT_3D('',#3460,#2659,#2660);
#2220=AXIS2_PLACEMENT_3D('',#3462,#2661,#2662);
#2221=AXIS2_PLACEMENT_3D('',#3473,#2663,#2664);
#2222=AXIS2_PLACEMENT_3D('',#3490,#2665,#2666);
#2223=AXIS2_PLACEMENT_3D('',#3518,#2667,#2668);
#2224=AXIS2_PLACEMENT_3D('',#3527,#2669,#2670);
#2225=AXIS2_PLACEMENT_3D('',#3528,#2671,#2672);
#2226=AXIS2_PLACEMENT_3D('',#3532,#2675,#2676);
#2227=AXIS2_PLACEMENT_3D('',#3536,#2679,#2680);
#2228=AXIS2_PLACEMENT_3D('',#3538,#2681,#2682);
#2229=AXIS2_PLACEMENT_3D('',#3540,#2684,#2685);
#2230=AXIS2_PLACEMENT_3D('',#3542,#2686,#2687);
#2231=AXIS2_PLACEMENT_3D('',#3545,#2689,#2690);
#2232=AXIS2_PLACEMENT_3D('',#3546,#2691,#2692);
#2233=AXIS2_PLACEMENT_3D('',#3547,#2693,#2694);
#2234=AXIS2_PLACEMENT_3D('',#3549,#2696,#2697);
#2235=AXIS2_PLACEMENT_3D('',#3552,#2698,#2699);
#2236=AXIS2_PLACEMENT_3D('',#3554,#2700,#2701);
#2237=AXIS2_PLACEMENT_3D('',#3563,#2702,#2703);
#2238=AXIS2_PLACEMENT_3D('',#3594,#2704,#2705);
#2239=AXIS2_PLACEMENT_3D('',#3601,#2706,#2707);
#2240=AXIS2_PLACEMENT_3D('',#3602,#2708,#2709);
#2241=AXIS2_PLACEMENT_3D('',#3611,#2716,#2717);
#2242=AXIS2_PLACEMENT_3D('',#3612,#2718,#2719);
#2243=AXIS2_PLACEMENT_3D('',#3614,#2721,#2722);
#2244=AXIS2_PLACEMENT_3D('',#3616,#2723,#2724);
#2245=AXIS2_PLACEMENT_3D('',#3618,#2726,#2727);
#2246=AXIS2_PLACEMENT_3D('',#3620,#2728,#2729);
#2247=AXIS2_PLACEMENT_3D('',#3623,#2731,#2732);
#2248=AXIS2_PLACEMENT_3D('',#3624,#2733,#2734);
#2249=AXIS2_PLACEMENT_3D('',#3625,#2735,#2736);
#2250=AXIS2_PLACEMENT_3D('',#3628,#2737,#2738);
#2251=AXIS2_PLACEMENT_3D('',#3629,#2739,#2740);
#2252=AXIS2_PLACEMENT_3D('',#3630,#2741,#2742);
#2253=AXIS2_PLACEMENT_3D('',#3631,#2743,#2744);
#2254=AXIS2_PLACEMENT_3D('',#3632,#2745,#2746);
#2255=AXIS2_PLACEMENT_3D('',#3633,#2747,#2748);
#2256=AXIS2_PLACEMENT_3D('',#3634,#2749,#2750);
#2257=AXIS2_PLACEMENT_3D('',#3635,#2751,#2752);
#2258=AXIS2_PLACEMENT_3D('',#3636,#2753,#2754);
#2259=AXIS2_PLACEMENT_3D('',#3637,#2755,#2756);
#2260=AXIS2_PLACEMENT_3D('',#3639,#2757,#2758);
#2261=AXIS2_PLACEMENT_3D('',#3641,#2760,#2761);
#2262=AXIS2_PLACEMENT_3D('',#3643,#2762,#2763);
#2263=AXIS2_PLACEMENT_3D('',#3646,#2765,#2766);
#2264=AXIS2_PLACEMENT_3D('',#3647,#2767,#2768);
#2265=AXIS2_PLACEMENT_3D('',#3648,#2769,#2770);
#2266=AXIS2_PLACEMENT_3D('',#3649,#2771,#2772);
#2267=AXIS2_PLACEMENT_3D('',#3658,#2777,#2778);
#2268=AXIS2_PLACEMENT_3D('',#3664,#2782,#2783);
#2269=AXIS2_PLACEMENT_3D('',#3665,#2784,#2785);
#2270=AXIS2_PLACEMENT_3D('',#3669,#2788,#2789);
#2271=AXIS2_PLACEMENT_3D('',#3673,#2792,#2793);
#2272=AXIS2_PLACEMENT_3D('',#3675,#2795,#2796);
#2273=AXIS2_PLACEMENT_3D('',#3677,#2798,#2799);
#2274=AXIS2_PLACEMENT_3D('',#3678,#2800,#2801);
#2275=AXIS2_PLACEMENT_3D('',#3687,#2806,#2807);
#2276=AXIS2_PLACEMENT_3D('',#3689,#2809,#2810);
#2277=AXIS2_PLACEMENT_3D('',#3695,#2814,#2815);
#2278=AXIS2_PLACEMENT_3D('',#3696,#2816,#2817);
#2279=AXIS2_PLACEMENT_3D('',#3700,#2820,#2821);
#2280=AXIS2_PLACEMENT_3D('',#3704,#2824,#2825);
#2281=AXIS2_PLACEMENT_3D('',#3706,#2827,#2828);
#2282=AXIS2_PLACEMENT_3D('',#3707,#2829,#2830);
#2283=AXIS2_PLACEMENT_3D('',#3708,#2831,#2832);
#2284=AXIS2_PLACEMENT_3D('',#3717,#2837,#2838);
#2285=AXIS2_PLACEMENT_3D('',#3723,#2842,#2843);
#2286=AXIS2_PLACEMENT_3D('',#3727,#2846,#2847);
#2287=AXIS2_PLACEMENT_3D('',#3731,#2850,#2851);
#2288=AXIS2_PLACEMENT_3D('',#3733,#2853,#2854);
#2289=AXIS2_PLACEMENT_3D('',#3742,#2859,#2860);
#2290=AXIS2_PLACEMENT_3D('',#3744,#2862,#2863);
#2291=AXIS2_PLACEMENT_3D('',#3750,#2867,#2868);
#2292=AXIS2_PLACEMENT_3D('',#3751,#2869,#2870);
#2293=AXIS2_PLACEMENT_3D('',#3755,#2873,#2874);
#2294=AXIS2_PLACEMENT_3D('',#3759,#2877,#2878);
#2295=AXIS2_PLACEMENT_3D('',#3761,#2880,#2881);
#2296=AXIS2_PLACEMENT_3D('',#3762,#2882,#2883);
#2297=AXIS2_PLACEMENT_3D('',#3771,#2888,#2889);
#2298=AXIS2_PLACEMENT_3D('',#3780,#2894,#2895);
#2299=AXIS2_PLACEMENT_3D('',#3783,#2898,#2899);
#2300=AXIS2_PLACEMENT_3D('',#3785,#2901,#2902);
#2301=AXIS2_PLACEMENT_3D('',#3787,#2904,#2905);
#2302=DIRECTION('axis',(0.,0.,1.));
#2303=DIRECTION('refdir',(1.,0.,0.));
#2304=DIRECTION('center_axis',(0.,-1.,0.));
#2305=DIRECTION('ref_axis',(0.,0.,-1.));
#2306=DIRECTION('center_axis',(0.,-1.,0.));
#2307=DIRECTION('ref_axis',(-1.,0.,0.));
#2308=DIRECTION('center_axis',(-1.,0.,0.));
#2309=DIRECTION('ref_axis',(0.,0.,1.));
#2310=DIRECTION('center_axis',(0.,1.,0.));
#2311=DIRECTION('ref_axis',(-1.,0.,0.));
#2312=DIRECTION('center_axis',(0.,-1.,0.));
#2313=DIRECTION('ref_axis',(-1.,0.,0.));
#2314=DIRECTION('center_axis',(0.,1.,0.));
#2315=DIRECTION('ref_axis',(0.,0.,-1.));
#2316=DIRECTION('center_axis',(0.,1.,0.));
#2317=DIRECTION('ref_axis',(-1.,0.,0.));
#2318=DIRECTION('',(0.,0.,-1.));
#2319=DIRECTION('',(1.,0.,0.));
#2320=DIRECTION('',(0.,0.,1.));
#2321=DIRECTION('center_axis',(0.,1.,0.));
#2322=DIRECTION('ref_axis',(-1.,0.,0.));
#2323=DIRECTION('center_axis',(0.,1.,0.));
#2324=DIRECTION('ref_axis',(-1.,0.,0.));
#2325=DIRECTION('',(0.,0.,-1.));
#2326=DIRECTION('center_axis',(0.,1.,0.));
#2327=DIRECTION('ref_axis',(-1.,0.,0.));
#2328=DIRECTION('',(1.,0.,0.));
#2329=DIRECTION('',(0.,0.,1.));
#2330=DIRECTION('',(-1.,0.,0.));
#2331=DIRECTION('',(0.,0.,-1.));
#2332=DIRECTION('center_axis',(0.,1.,0.));
#2333=DIRECTION('ref_axis',(-1.,0.,0.));
#2334=DIRECTION('center_axis',(0.,1.,0.));
#2335=DIRECTION('ref_axis',(-1.,0.,0.));
#2336=DIRECTION('',(1.,0.,0.));
#2337=DIRECTION('',(0.,0.,1.));
#2338=DIRECTION('',(-1.,0.,0.));
#2339=DIRECTION('',(0.,0.,1.));
#2340=DIRECTION('',(-1.,0.,0.));
#2341=DIRECTION('center_axis',(0.,1.,0.));
#2342=DIRECTION('ref_axis',(-1.,0.,0.));
#2343=DIRECTION('center_axis',(0.,1.,0.));
#2344=DIRECTION('ref_axis',(-1.,0.,0.));
#2345=DIRECTION('center_axis',(0.,1.,0.));
#2346=DIRECTION('ref_axis',(-1.,0.,0.));
#2347=DIRECTION('center_axis',(0.,-1.,0.));
#2348=DIRECTION('ref_axis',(1.,0.,0.));
#2349=DIRECTION('center_axis',(0.,-1.,0.));
#2350=DIRECTION('ref_axis',(1.,0.,0.));
#2351=DIRECTION('center_axis',(0.,1.,0.));
#2352=DIRECTION('ref_axis',(-1.,0.,0.));
#2353=DIRECTION('center_axis',(0.,1.,0.));
#2354=DIRECTION('ref_axis',(-1.,0.,0.));
#2355=DIRECTION('center_axis',(0.,1.,0.));
#2356=DIRECTION('ref_axis',(-1.,0.,0.));
#2357=DIRECTION('',(0.,-1.,0.));
#2358=DIRECTION('center_axis',(0.,-1.,0.));
#2359=DIRECTION('ref_axis',(0.,0.,-1.));
#2360=DIRECTION('center_axis',(0.,-1.,0.));
#2361=DIRECTION('ref_axis',(-1.,0.,0.));
#2362=DIRECTION('center_axis',(-1.,0.,0.));
#2363=DIRECTION('ref_axis',(0.,0.,1.));
#2364=DIRECTION('center_axis',(0.,-1.,0.));
#2365=DIRECTION('ref_axis',(-1.,0.,0.));
#2366=DIRECTION('center_axis',(0.,1.,0.));
#2367=DIRECTION('ref_axis',(-1.,0.,0.));
#2368=DIRECTION('center_axis',(0.,1.,0.));
#2369=DIRECTION('ref_axis',(-1.,0.,0.));
#2370=DIRECTION('',(0.,-1.,0.));
#2371=DIRECTION('center_axis',(0.,-1.,0.));
#2372=DIRECTION('ref_axis',(0.,0.,-1.));
#2373=DIRECTION('center_axis',(0.,-1.,0.));
#2374=DIRECTION('ref_axis',(-1.,0.,0.));
#2375=DIRECTION('center_axis',(-1.,0.,0.));
#2376=DIRECTION('ref_axis',(0.,0.,1.));
#2377=DIRECTION('center_axis',(0.,-1.,0.));
#2378=DIRECTION('ref_axis',(-1.,0.,0.));
#2379=DIRECTION('center_axis',(0.,1.,0.));
#2380=DIRECTION('ref_axis',(-1.,0.,0.));
#2381=DIRECTION('center_axis',(0.,1.,0.));
#2382=DIRECTION('ref_axis',(-1.,0.,0.));
#2383=DIRECTION('',(0.,-1.,0.));
#2384=DIRECTION('center_axis',(0.,-1.,0.));
#2385=DIRECTION('ref_axis',(0.,0.,-1.));
#2386=DIRECTION('center_axis',(0.,-1.,0.));
#2387=DIRECTION('ref_axis',(-1.,0.,0.));
#2388=DIRECTION('center_axis',(-1.,0.,0.));
#2389=DIRECTION('ref_axis',(0.,0.,1.));
#2390=DIRECTION('center_axis',(0.,-1.,0.));
#2391=DIRECTION('ref_axis',(-1.,0.,0.));
#2392=DIRECTION('center_axis',(0.,1.,0.));
#2393=DIRECTION('ref_axis',(-1.,0.,0.));
#2394=DIRECTION('center_axis',(0.,1.,0.));
#2395=DIRECTION('ref_axis',(-1.,0.,0.));
#2396=DIRECTION('',(0.,-1.,0.));
#2397=DIRECTION('center_axis',(0.,1.,0.));
#2398=DIRECTION('ref_axis',(-1.,0.,0.));
#2399=DIRECTION('center_axis',(0.,-1.,0.));
#2400=DIRECTION('ref_axis',(-1.,0.,0.));
#2401=DIRECTION('',(0.,-1.,0.));
#2402=DIRECTION('center_axis',(0.,1.,0.));
#2403=DIRECTION('ref_axis',(-1.,0.,0.));
#2404=DIRECTION('center_axis',(0.,1.,0.));
#2405=DIRECTION('ref_axis',(-1.,0.,0.));
#2406=DIRECTION('center_axis',(0.,1.,0.));
#2407=DIRECTION('ref_axis',(0.,0.,-1.));
#2408=DIRECTION('center_axis',(0.,1.,0.));
#2409=DIRECTION('ref_axis',(-1.,0.,0.));
#2410=DIRECTION('center_axis',(0.,-1.,0.));
#2411=DIRECTION('ref_axis',(-1.,0.,0.));
#2412=DIRECTION('',(0.,-1.,0.));
#2413=DIRECTION('center_axis',(0.,1.,0.));
#2414=DIRECTION('ref_axis',(-1.,0.,0.));
#2415=DIRECTION('center_axis',(0.,1.,0.));
#2416=DIRECTION('ref_axis',(-1.,0.,0.));
#2417=DIRECTION('center_axis',(0.,1.,0.));
#2418=DIRECTION('ref_axis',(-1.,0.,0.));
#2419=DIRECTION('center_axis',(0.,-1.,0.));
#2420=DIRECTION('ref_axis',(-1.,0.,0.));
#2421=DIRECTION('',(0.,-1.,0.));
#2422=DIRECTION('center_axis',(0.,1.,0.));
#2423=DIRECTION('ref_axis',(-1.,0.,0.));
#2424=DIRECTION('center_axis',(0.,1.,0.));
#2425=DIRECTION('ref_axis',(-1.,0.,0.));
#2426=DIRECTION('center_axis',(0.,1.,0.));
#2427=DIRECTION('ref_axis',(0.,0.,-1.));
#2428=DIRECTION('center_axis',(0.,1.,0.));
#2429=DIRECTION('ref_axis',(-1.,0.,0.));
#2430=DIRECTION('center_axis',(0.,-1.,0.));
#2431=DIRECTION('ref_axis',(-1.,0.,0.));
#2432=DIRECTION('',(0.,-1.,0.));
#2433=DIRECTION('center_axis',(0.,1.,0.));
#2434=DIRECTION('ref_axis',(-1.,0.,0.));
#2435=DIRECTION('center_axis',(0.,1.,0.));
#2436=DIRECTION('ref_axis',(-1.,0.,0.));
#2437=DIRECTION('center_axis',(0.,1.,0.));
#2438=DIRECTION('ref_axis',(0.,0.,-1.));
#2439=DIRECTION('center_axis',(0.,1.,0.));
#2440=DIRECTION('ref_axis',(1.,0.,0.));
#2441=DIRECTION('center_axis',(0.,1.,0.));
#2442=DIRECTION('ref_axis',(1.,0.,0.));
#2443=DIRECTION('',(0.,1.,0.));
#2444=DIRECTION('center_axis',(0.,1.,0.));
#2445=DIRECTION('ref_axis',(1.,0.,0.));
#2446=DIRECTION('center_axis',(0.,1.,0.));
#2447=DIRECTION('ref_axis',(1.,0.,0.));
#2448=DIRECTION('',(0.,1.,0.));
#2449=DIRECTION('center_axis',(0.,1.,0.));
#2450=DIRECTION('ref_axis',(0.,0.,-1.));
#2451=DIRECTION('',(0.,0.,1.));
#2452=DIRECTION('',(-1.,0.,0.));
#2453=DIRECTION('',(0.,0.,-1.));
#2454=DIRECTION('',(-1.,0.,0.));
#2455=DIRECTION('center_axis',(0.,0.,1.));
#2456=DIRECTION('ref_axis',(0.,1.,0.));
#2457=DIRECTION('',(0.,-1.,0.));
#2458=DIRECTION('',(0.,1.,0.));
#2459=DIRECTION('',(-1.,0.,0.));
#2460=DIRECTION('center_axis',(0.,-1.,0.));
#2461=DIRECTION('ref_axis',(0.,0.,1.));
#2462=DIRECTION('',(0.,0.,-1.));
#2463=DIRECTION('',(0.,0.,1.));
#2464=DIRECTION('',(-1.,0.,0.));
#2465=DIRECTION('center_axis',(0.,0.,-1.));
#2466=DIRECTION('ref_axis',(0.,-1.,0.));
#2467=DIRECTION('',(0.,1.,0.));
#2468=DIRECTION('',(0.,-1.,0.));
#2469=DIRECTION('center_axis',(0.,-1.,0.));
#2470=DIRECTION('ref_axis',(0.,0.,-1.));
#2471=DIRECTION('center_axis',(0.,-1.,0.));
#2472=DIRECTION('ref_axis',(-1.,0.,0.));
#2473=DIRECTION('center_axis',(-1.,0.,0.));
#2474=DIRECTION('ref_axis',(0.,0.,1.));
#2475=DIRECTION('center_axis',(0.,-1.,0.));
#2476=DIRECTION('ref_axis',(-1.,0.,0.));
#2477=DIRECTION('center_axis',(0.,0.,1.));
#2478=DIRECTION('ref_axis',(1.,0.,0.));
#2479=DIRECTION('',(0.,-1.,0.));
#2480=DIRECTION('',(1.,0.,0.));
#2481=DIRECTION('',(1.,0.,0.));
#2482=DIRECTION('',(0.,-1.,0.));
#2483=DIRECTION('center_axis',(0.,1.,0.));
#2484=DIRECTION('ref_axis',(-1.,0.,0.));
#2485=DIRECTION('center_axis',(0.,1.,0.));
#2486=DIRECTION('ref_axis',(-1.,0.,0.));
#2487=DIRECTION('',(0.,-1.,0.));
#2488=DIRECTION('center_axis',(0.,-1.,0.));
#2489=DIRECTION('ref_axis',(0.,0.,-1.));
#2490=DIRECTION('center_axis',(0.,-1.,0.));
#2491=DIRECTION('ref_axis',(-1.,0.,0.));
#2492=DIRECTION('center_axis',(-1.,0.,0.));
#2493=DIRECTION('ref_axis',(0.,0.,1.));
#2494=DIRECTION('center_axis',(0.,-1.,0.));
#2495=DIRECTION('ref_axis',(-1.,0.,0.));
#2496=DIRECTION('center_axis',(-1.,0.,0.));
#2497=DIRECTION('ref_axis',(0.,0.,1.));
#2498=DIRECTION('',(0.,-1.,0.));
#2499=DIRECTION('',(0.,0.,1.));
#2500=DIRECTION('',(0.,1.,0.));
#2501=DIRECTION('center_axis',(0.,1.,0.));
#2502=DIRECTION('ref_axis',(-1.,0.,0.));
#2503=DIRECTION('center_axis',(0.,1.,0.));
#2504=DIRECTION('ref_axis',(-1.,0.,0.));
#2505=DIRECTION('',(0.,-1.,0.));
#2506=DIRECTION('center_axis',(0.,-1.,0.));
#2507=DIRECTION('ref_axis',(0.,0.,-1.));
#2508=DIRECTION('center_axis',(0.,-1.,0.));
#2509=DIRECTION('ref_axis',(-1.,0.,0.));
#2510=DIRECTION('center_axis',(-1.,0.,0.));
#2511=DIRECTION('ref_axis',(0.,0.,1.));
#2512=DIRECTION('center_axis',(0.,1.,0.));
#2513=DIRECTION('ref_axis',(-1.,0.,0.));
#2514=DIRECTION('center_axis',(0.,-1.,0.));
#2515=DIRECTION('ref_axis',(-1.,0.,0.));
#2516=DIRECTION('center_axis',(1.,0.,0.));
#2517=DIRECTION('ref_axis',(0.,-1.,0.));
#2518=DIRECTION('',(0.,0.,-1.));
#2519=DIRECTION('',(0.,1.,0.));
#2520=DIRECTION('',(0.,0.,-1.));
#2521=DIRECTION('',(0.,0.,-1.));
#2522=DIRECTION('',(0.,-1.,0.));
#2523=DIRECTION('',(0.,0.,-1.));
#2524=DIRECTION('',(0.,-1.,0.));
#2525=DIRECTION('',(0.,0.,-1.));
#2526=DIRECTION('',(0.,-1.,0.));
#2527=DIRECTION('',(0.,0.,-1.));
#2528=DIRECTION('center_axis',(0.,1.,0.));
#2529=DIRECTION('ref_axis',(0.,0.,-1.));
#2530=DIRECTION('center_axis',(0.,1.,0.));
#2531=DIRECTION('ref_axis',(0.,0.,-1.));
#2532=DIRECTION('',(1.,0.,0.));
#2533=DIRECTION('center_axis',(0.,1.,0.));
#2534=DIRECTION('ref_axis',(-1.,0.,0.));
#2535=DIRECTION('center_axis',(0.,1.,0.));
#2536=DIRECTION('ref_axis',(-1.,0.,0.));
#2537=DIRECTION('',(0.,-1.,0.));
#2538=DIRECTION('center_axis',(0.,-1.,0.));
#2539=DIRECTION('ref_axis',(0.,0.,-1.));
#2540=DIRECTION('center_axis',(0.,-1.,0.));
#2541=DIRECTION('ref_axis',(-1.,0.,0.));
#2542=DIRECTION('center_axis',(-1.,0.,0.));
#2543=DIRECTION('ref_axis',(0.,0.,1.));
#2544=DIRECTION('center_axis',(0.,1.,0.));
#2545=DIRECTION('ref_axis',(-1.,0.,0.));
#2546=DIRECTION('center_axis',(0.,-1.,0.));
#2547=DIRECTION('ref_axis',(-1.,0.,0.));
#2548=DIRECTION('center_axis',(0.,0.,1.));
#2549=DIRECTION('ref_axis',(1.,0.,0.));
#2550=DIRECTION('',(0.,-1.,0.));
#2551=DIRECTION('',(1.,0.,0.));
#2552=DIRECTION('',(-1.,0.,0.));
#2553=DIRECTION('center_axis',(1.,0.,0.));
#2554=DIRECTION('ref_axis',(0.,0.,-1.));
#2555=DIRECTION('',(0.,-1.,0.));
#2556=DIRECTION('',(0.,0.,-1.));
#2557=DIRECTION('center_axis',(0.,1.,0.));
#2558=DIRECTION('ref_axis',(-1.,0.,0.));
#2559=DIRECTION('center_axis',(0.,1.,0.));
#2560=DIRECTION('ref_axis',(-1.,0.,0.));
#2561=DIRECTION('',(0.,-1.,0.));
#2562=DIRECTION('center_axis',(0.,1.,0.));
#2563=DIRECTION('ref_axis',(-1.,0.,0.));
#2564=DIRECTION('center_axis',(0.,-1.,0.));
#2565=DIRECTION('ref_axis',(-1.,0.,0.));
#2566=DIRECTION('',(0.,-1.,0.));
#2567=DIRECTION('center_axis',(0.,1.,0.));
#2568=DIRECTION('ref_axis',(-1.,0.,0.));
#2569=DIRECTION('center_axis',(0.,1.,0.));
#2570=DIRECTION('ref_axis',(-1.,0.,0.));
#2571=DIRECTION('center_axis',(0.,1.,0.));
#2572=DIRECTION('ref_axis',(0.,0.,-1.));
#2573=DIRECTION('center_axis',(0.,1.,0.));
#2574=DIRECTION('ref_axis',(-1.,0.,0.));
#2575=DIRECTION('center_axis',(0.,-1.,0.));
#2576=DIRECTION('ref_axis',(-1.,0.,0.));
#2577=DIRECTION('',(0.,-1.,0.));
#2578=DIRECTION('center_axis',(0.,1.,0.));
#2579=DIRECTION('ref_axis',(-1.,0.,0.));
#2580=DIRECTION('center_axis',(0.,1.,0.));
#2581=DIRECTION('ref_axis',(-1.,0.,0.));
#2582=DIRECTION('center_axis',(0.,1.,0.));
#2583=DIRECTION('ref_axis',(0.,0.,-1.));
#2584=DIRECTION('center_axis',(0.,1.,0.));
#2585=DIRECTION('ref_axis',(-1.,0.,0.));
#2586=DIRECTION('center_axis',(0.,-1.,0.));
#2587=DIRECTION('ref_axis',(-1.,0.,0.));
#2588=DIRECTION('',(0.,-1.,0.));
#2589=DIRECTION('center_axis',(0.,1.,0.));
#2590=DIRECTION('ref_axis',(-1.,0.,0.));
#2591=DIRECTION('center_axis',(0.,1.,0.));
#2592=DIRECTION('ref_axis',(-1.,0.,0.));
#2593=DIRECTION('center_axis',(0.,1.,0.));
#2594=DIRECTION('ref_axis',(0.,0.,-1.));
#2595=DIRECTION('center_axis',(0.,1.,0.));
#2596=DIRECTION('ref_axis',(-1.,0.,0.));
#2597=DIRECTION('center_axis',(0.,-1.,0.));
#2598=DIRECTION('ref_axis',(-1.,0.,0.));
#2599=DIRECTION('',(0.,-1.,0.));
#2600=DIRECTION('center_axis',(0.,1.,0.));
#2601=DIRECTION('ref_axis',(-1.,0.,0.));
#2602=DIRECTION('center_axis',(0.,1.,0.));
#2603=DIRECTION('ref_axis',(-1.,0.,0.));
#2604=DIRECTION('center_axis',(0.,1.,0.));
#2605=DIRECTION('ref_axis',(0.,0.,-1.));
#2606=DIRECTION('center_axis',(0.,-1.,0.));
#2607=DIRECTION('ref_axis',(0.,0.,-1.));
#2608=DIRECTION('center_axis',(0.,-1.,0.));
#2609=DIRECTION('ref_axis',(-1.,0.,0.));
#2610=DIRECTION('center_axis',(-1.,0.,0.));
#2611=DIRECTION('ref_axis',(0.,0.,1.));
#2612=DIRECTION('center_axis',(0.,1.,0.));
#2613=DIRECTION('ref_axis',(-1.,0.,0.));
#2614=DIRECTION('center_axis',(0.,1.,0.));
#2615=DIRECTION('ref_axis',(-1.,0.,0.));
#2616=DIRECTION('center_axis',(0.,1.,0.));
#2617=DIRECTION('ref_axis',(-1.,0.,0.));
#2618=DIRECTION('center_axis',(0.,1.,0.));
#2619=DIRECTION('ref_axis',(-1.,0.,0.));
#2620=DIRECTION('center_axis',(0.,-1.,0.));
#2621=DIRECTION('ref_axis',(-1.,0.,0.));
#2622=DIRECTION('center_axis',(0.,0.,1.));
#2623=DIRECTION('ref_axis',(0.,1.,0.));
#2624=DIRECTION('',(1.,0.,0.));
#2625=DIRECTION('',(0.,1.,0.));
#2626=DIRECTION('',(1.,0.,0.));
#2627=DIRECTION('',(1.,0.,0.));
#2628=DIRECTION('',(1.,0.,0.));
#2629=DIRECTION('',(0.,1.,0.));
#2630=DIRECTION('',(1.,0.,0.));
#2631=DIRECTION('center_axis',(0.,1.,0.));
#2632=DIRECTION('ref_axis',(0.,0.,1.));
#2633=DIRECTION('',(0.,0.,1.));
#2634=DIRECTION('center_axis',(0.,1.,0.));
#2635=DIRECTION('ref_axis',(0.,0.,1.));
#2636=DIRECTION('',(0.,0.,1.));
#2637=DIRECTION('center_axis',(0.,1.,0.));
#2638=DIRECTION('ref_axis',(0.,0.,1.));
#2639=DIRECTION('',(0.,0.,1.));
#2640=DIRECTION('center_axis',(0.,1.,0.));
#2641=DIRECTION('ref_axis',(-1.,0.,0.));
#2642=DIRECTION('center_axis',(0.,1.,0.));
#2643=DIRECTION('ref_axis',(-1.,0.,0.));
#2644=DIRECTION('',(0.,-1.,0.));
#2645=DIRECTION('center_axis',(0.,1.,0.));
#2646=DIRECTION('ref_axis',(-1.,0.,0.));
#2647=DIRECTION('center_axis',(0.,-1.,0.));
#2648=DIRECTION('ref_axis',(-1.,0.,0.));
#2649=DIRECTION('',(0.,-1.,0.));
#2650=DIRECTION('center_axis',(0.,1.,0.));
#2651=DIRECTION('ref_axis',(-1.,0.,0.));
#2652=DIRECTION('center_axis',(0.,1.,0.));
#2653=DIRECTION('ref_axis',(-1.,0.,0.));
#2654=DIRECTION('center_axis',(0.,1.,0.));
#2655=DIRECTION('ref_axis',(0.,0.,1.));
#2656=DIRECTION('',(0.,0.,1.));
#2657=DIRECTION('center_axis',(0.,-1.,0.));
#2658=DIRECTION('ref_axis',(0.,0.,-1.));
#2659=DIRECTION('center_axis',(0.,-1.,0.));
#2660=DIRECTION('ref_axis',(-1.,0.,0.));
#2661=DIRECTION('center_axis',(-1.,0.,0.));
#2662=DIRECTION('ref_axis',(0.,0.,1.));
#2663=DIRECTION('center_axis',(0.,1.,0.));
#2664=DIRECTION('ref_axis',(-1.,0.,0.));
#2665=DIRECTION('center_axis',(0.,1.,0.));
#2666=DIRECTION('ref_axis',(-1.,0.,0.));
#2667=DIRECTION('center_axis',(0.,1.,0.));
#2668=DIRECTION('ref_axis',(-1.,0.,0.));
#2669=DIRECTION('center_axis',(0.,-1.,0.));
#2670=DIRECTION('ref_axis',(-1.,0.,0.));
#2671=DIRECTION('center_axis',(0.,1.,0.));
#2672=DIRECTION('ref_axis',(0.,0.,1.));
#2673=DIRECTION('',(0.,0.,-1.));
#2674=DIRECTION('',(-1.,0.,0.));
#2675=DIRECTION('center_axis',(0.,1.,0.));
#2676=DIRECTION('ref_axis',(0.,0.,1.));
#2677=DIRECTION('',(-1.,0.,0.));
#2678=DIRECTION('',(0.,0.,-1.));
#2679=DIRECTION('center_axis',(0.,1.,0.));
#2680=DIRECTION('ref_axis',(-1.,0.,0.));
#2681=DIRECTION('center_axis',(0.,1.,0.));
#2682=DIRECTION('ref_axis',(-1.,0.,0.));
#2683=DIRECTION('',(0.,-1.,0.));
#2684=DIRECTION('center_axis',(0.,1.,0.));
#2685=DIRECTION('ref_axis',(-1.,0.,0.));
#2686=DIRECTION('center_axis',(0.,-1.,0.));
#2687=DIRECTION('ref_axis',(-1.,0.,0.));
#2688=DIRECTION('',(0.,-1.,0.));
#2689=DIRECTION('center_axis',(0.,1.,0.));
#2690=DIRECTION('ref_axis',(-1.,0.,0.));
#2691=DIRECTION('center_axis',(0.,1.,0.));
#2692=DIRECTION('ref_axis',(-1.,0.,0.));
#2693=DIRECTION('center_axis',(0.,1.,0.));
#2694=DIRECTION('ref_axis',(0.,0.,1.));
#2695=DIRECTION('',(-1.,0.,0.));
#2696=DIRECTION('center_axis',(0.,-1.,0.));
#2697=DIRECTION('ref_axis',(0.,0.,-1.));
#2698=DIRECTION('center_axis',(0.,-1.,0.));
#2699=DIRECTION('ref_axis',(-1.,0.,0.));
#2700=DIRECTION('center_axis',(-1.,0.,0.));
#2701=DIRECTION('ref_axis',(0.,0.,1.));
#2702=DIRECTION('center_axis',(0.,1.,0.));
#2703=DIRECTION('ref_axis',(-1.,0.,0.));
#2704=DIRECTION('center_axis',(0.,1.,0.));
#2705=DIRECTION('ref_axis',(-1.,0.,0.));
#2706=DIRECTION('center_axis',(0.,-1.,0.));
#2707=DIRECTION('ref_axis',(-1.,0.,0.));
#2708=DIRECTION('center_axis',(0.,0.,-1.));
#2709=DIRECTION('ref_axis',(0.,-1.,0.));
#2710=DIRECTION('',(0.,1.,0.));
#2711=DIRECTION('',(-1.,0.,0.));
#2712=DIRECTION('',(-1.,0.,0.));
#2713=DIRECTION('',(-1.,0.,0.));
#2714=DIRECTION('',(0.,-1.,0.));
#2715=DIRECTION('',(0.,1.,0.));
#2716=DIRECTION('center_axis',(0.,1.,0.));
#2717=DIRECTION('ref_axis',(0.,0.,1.));
#2718=DIRECTION('center_axis',(0.,1.,0.));
#2719=DIRECTION('ref_axis',(0.,0.,1.));
#2720=DIRECTION('',(0.,0.,-1.));
#2721=DIRECTION('center_axis',(0.,1.,0.));
#2722=DIRECTION('ref_axis',(-1.,0.,0.));
#2723=DIRECTION('center_axis',(0.,1.,0.));
#2724=DIRECTION('ref_axis',(-1.,0.,0.));
#2725=DIRECTION('',(0.,-1.,0.));
#2726=DIRECTION('center_axis',(0.,1.,0.));
#2727=DIRECTION('ref_axis',(-1.,0.,0.));
#2728=DIRECTION('center_axis',(0.,-1.,0.));
#2729=DIRECTION('ref_axis',(-1.,0.,0.));
#2730=DIRECTION('',(0.,-1.,0.));
#2731=DIRECTION('center_axis',(0.,1.,0.));
#2732=DIRECTION('ref_axis',(-1.,0.,0.));
#2733=DIRECTION('center_axis',(0.,1.,0.));
#2734=DIRECTION('ref_axis',(-1.,0.,0.));
#2735=DIRECTION('center_axis',(0.,-1.,0.));
#2736=DIRECTION('ref_axis',(0.,0.,-1.));
#2737=DIRECTION('center_axis',(0.,-1.,0.));
#2738=DIRECTION('ref_axis',(-1.,0.,0.));
#2739=DIRECTION('center_axis',(-1.,0.,0.));
#2740=DIRECTION('ref_axis',(0.,0.,1.));
#2741=DIRECTION('center_axis',(0.,1.,0.));
#2742=DIRECTION('ref_axis',(-1.,0.,0.));
#2743=DIRECTION('center_axis',(0.,1.,0.));
#2744=DIRECTION('ref_axis',(-1.,0.,0.));
#2745=DIRECTION('center_axis',(0.,1.,0.));
#2746=DIRECTION('ref_axis',(-1.,0.,0.));
#2747=DIRECTION('center_axis',(0.,-1.,0.));
#2748=DIRECTION('ref_axis',(-1.,0.,0.));
#2749=DIRECTION('center_axis',(0.,1.,0.));
#2750=DIRECTION('ref_axis',(0.,0.,1.));
#2751=DIRECTION('center_axis',(0.,1.,0.));
#2752=DIRECTION('ref_axis',(0.,0.,1.));
#2753=DIRECTION('center_axis',(0.,1.,0.));
#2754=DIRECTION('ref_axis',(0.,0.,1.));
#2755=DIRECTION('center_axis',(0.,1.,0.));
#2756=DIRECTION('ref_axis',(-1.,0.,0.));
#2757=DIRECTION('center_axis',(0.,1.,0.));
#2758=DIRECTION('ref_axis',(-1.,0.,0.));
#2759=DIRECTION('',(0.,-1.,0.));
#2760=DIRECTION('center_axis',(0.,1.,0.));
#2761=DIRECTION('ref_axis',(-1.,0.,0.));
#2762=DIRECTION('center_axis',(0.,-1.,0.));
#2763=DIRECTION('ref_axis',(-1.,0.,0.));
#2764=DIRECTION('',(0.,-1.,0.));
#2765=DIRECTION('center_axis',(0.,1.,0.));
#2766=DIRECTION('ref_axis',(-1.,0.,0.));
#2767=DIRECTION('center_axis',(0.,1.,0.));
#2768=DIRECTION('ref_axis',(-1.,0.,0.));
#2769=DIRECTION('center_axis',(0.,1.,0.));
#2770=DIRECTION('ref_axis',(0.,0.,1.));
#2771=DIRECTION('center_axis',(0.,0.,1.));
#2772=DIRECTION('ref_axis',(1.,0.,0.));
#2773=DIRECTION('',(1.,0.,0.));
#2774=DIRECTION('',(0.,-1.,0.));
#2775=DIRECTION('',(-1.,0.,0.));
#2776=DIRECTION('',(0.,1.,0.));
#2777=DIRECTION('center_axis',(-1.,0.,0.));
#2778=DIRECTION('ref_axis',(0.,0.,1.));
#2779=DIRECTION('',(0.,0.,1.));
#2780=DIRECTION('',(0.,1.,0.));
#2781=DIRECTION('',(0.,0.,-1.));
#2782=DIRECTION('center_axis',(-1.,0.,0.));
#2783=DIRECTION('ref_axis',(0.,0.,1.));
#2784=DIRECTION('center_axis',(0.,-1.,0.));
#2785=DIRECTION('ref_axis',(0.,0.,-1.));
#2786=DIRECTION('',(1.,0.,0.));
#2787=DIRECTION('',(0.,0.,1.));
#2788=DIRECTION('center_axis',(0.,0.,-1.));
#2789=DIRECTION('ref_axis',(-1.,0.,0.));
#2790=DIRECTION('',(-1.,0.,0.));
#2791=DIRECTION('',(0.,1.,0.));
#2792=DIRECTION('center_axis',(1.,0.,0.));
#2793=DIRECTION('ref_axis',(0.,0.,-1.));
#2794=DIRECTION('',(0.,0.,-1.));
#2795=DIRECTION('center_axis',(-1.,0.,0.));
#2796=DIRECTION('ref_axis',(0.,1.,0.));
#2797=DIRECTION('',(0.,0.,1.));
#2798=DIRECTION('center_axis',(0.,1.,0.));
#2799=DIRECTION('ref_axis',(0.,0.,-1.));
#2800=DIRECTION('center_axis',(0.,0.,1.));
#2801=DIRECTION('ref_axis',(1.,0.,0.));
#2802=DIRECTION('',(1.,0.,0.));
#2803=DIRECTION('',(0.,1.,0.));
#2804=DIRECTION('',(-1.,0.,0.));
#2805=DIRECTION('',(0.,-1.,0.));
#2806=DIRECTION('center_axis',(1.,0.,0.));
#2807=DIRECTION('ref_axis',(0.,0.,-1.));
#2808=DIRECTION('',(0.,1.,0.));
#2809=DIRECTION('center_axis',(1.,0.,0.));
#2810=DIRECTION('ref_axis',(0.,0.,-1.));
#2811=DIRECTION('',(0.,0.,-1.));
#2812=DIRECTION('',(0.,0.,1.));
#2813=DIRECTION('',(0.,1.,0.));
#2814=DIRECTION('center_axis',(0.,0.,-1.));
#2815=DIRECTION('ref_axis',(-1.,0.,0.));
#2816=DIRECTION('center_axis',(0.,-1.,0.));
#2817=DIRECTION('ref_axis',(0.,0.,-1.));
#2818=DIRECTION('',(0.,0.,-1.));
#2819=DIRECTION('',(1.,0.,0.));
#2820=DIRECTION('center_axis',(-1.,0.,0.));
#2821=DIRECTION('ref_axis',(0.,0.,1.));
#2822=DIRECTION('',(0.,0.,1.));
#2823=DIRECTION('',(0.,1.,0.));
#2824=DIRECTION('center_axis',(0.,0.,-1.));
#2825=DIRECTION('ref_axis',(-1.,0.,0.));
#2826=DIRECTION('',(-1.,0.,0.));
#2827=DIRECTION('center_axis',(0.,1.,0.));
#2828=DIRECTION('ref_axis',(0.,0.,1.));
#2829=DIRECTION('center_axis',(0.,1.,0.));
#2830=DIRECTION('ref_axis',(0.,0.,1.));
#2831=DIRECTION('center_axis',(1.,0.,0.));
#2832=DIRECTION('ref_axis',(0.,0.,-1.));
#2833=DIRECTION('',(0.,0.,-1.));
#2834=DIRECTION('',(0.,-1.,0.));
#2835=DIRECTION('',(0.,0.,1.));
#2836=DIRECTION('',(0.,1.,0.));
#2837=DIRECTION('center_axis',(0.,0.,1.));
#2838=DIRECTION('ref_axis',(1.,0.,0.));
#2839=DIRECTION('',(1.,0.,0.));
#2840=DIRECTION('',(0.,1.,0.));
#2841=DIRECTION('',(-1.,0.,0.));
#2842=DIRECTION('center_axis',(0.,-1.,0.));
#2843=DIRECTION('ref_axis',(0.,0.,-1.));
#2844=DIRECTION('',(0.,0.,-1.));
#2845=DIRECTION('',(1.,0.,0.));
#2846=DIRECTION('center_axis',(-1.,0.,0.));
#2847=DIRECTION('ref_axis',(0.,0.,1.));
#2848=DIRECTION('',(0.,0.,1.));
#2849=DIRECTION('',(0.,1.,0.));
#2850=DIRECTION('center_axis',(0.,0.,-1.));
#2851=DIRECTION('ref_axis',(-1.,0.,0.));
#2852=DIRECTION('',(-1.,0.,0.));
#2853=DIRECTION('center_axis',(0.,0.,1.));
#2854=DIRECTION('ref_axis',(1.,0.,0.));
#2855=DIRECTION('',(1.,0.,0.));
#2856=DIRECTION('',(0.,1.,0.));
#2857=DIRECTION('',(-1.,0.,0.));
#2858=DIRECTION('',(0.,-1.,0.));
#2859=DIRECTION('center_axis',(1.,0.,0.));
#2860=DIRECTION('ref_axis',(0.,0.,-1.));
#2861=DIRECTION('',(0.,1.,0.));
#2862=DIRECTION('center_axis',(1.,0.,0.));
#2863=DIRECTION('ref_axis',(0.,0.,-1.));
#2864=DIRECTION('',(0.,0.,-1.));
#2865=DIRECTION('',(0.,0.,1.));
#2866=DIRECTION('',(0.,1.,0.));
#2867=DIRECTION('center_axis',(0.,0.,-1.));
#2868=DIRECTION('ref_axis',(-1.,0.,0.));
#2869=DIRECTION('center_axis',(0.,-1.,0.));
#2870=DIRECTION('ref_axis',(0.,0.,-1.));
#2871=DIRECTION('',(0.,0.,-1.));
#2872=DIRECTION('',(1.,0.,0.));
#2873=DIRECTION('center_axis',(-1.,0.,0.));
#2874=DIRECTION('ref_axis',(0.,0.,1.));
#2875=DIRECTION('',(0.,0.,1.));
#2876=DIRECTION('',(0.,1.,0.));
#2877=DIRECTION('center_axis',(0.,0.,-1.));
#2878=DIRECTION('ref_axis',(-1.,0.,0.));
#2879=DIRECTION('',(-1.,0.,0.));
#2880=DIRECTION('center_axis',(0.,1.,0.));
#2881=DIRECTION('ref_axis',(0.,0.,1.));
#2882=DIRECTION('center_axis',(0.,1.,0.));
#2883=DIRECTION('ref_axis',(0.,0.,-1.));
#2884=DIRECTION('',(-1.,0.,0.));
#2885=DIRECTION('',(0.,0.,1.));
#2886=DIRECTION('',(1.,0.,0.));
#2887=DIRECTION('',(0.,0.,-1.));
#2888=DIRECTION('center_axis',(0.,1.,0.));
#2889=DIRECTION('ref_axis',(0.,0.,-1.));
#2890=DIRECTION('',(1.,0.,0.));
#2891=DIRECTION('',(0.,0.,1.));
#2892=DIRECTION('',(-1.,0.,0.));
#2893=DIRECTION('',(0.,0.,-1.));
#2894=DIRECTION('center_axis',(-1.,0.,0.));
#2895=DIRECTION('ref_axis',(0.,1.,0.));
#2896=DIRECTION('',(0.,-1.,0.));
#2897=DIRECTION('',(0.,-1.,0.));
#2898=DIRECTION('center_axis',(0.,0.,-1.));
#2899=DIRECTION('ref_axis',(0.,-1.,0.));
#2900=DIRECTION('',(0.,-1.,0.));
#2901=DIRECTION('center_axis',(1.,0.,0.));
#2902=DIRECTION('ref_axis',(0.,-1.,0.));
#2903=DIRECTION('',(0.,-1.,0.));
#2904=DIRECTION('center_axis',(0.,0.,1.));
#2905=DIRECTION('ref_axis',(0.,1.,0.));
#2906=CARTESIAN_POINT('',(0.,0.,0.));
#2907=CARTESIAN_POINT('Origin',(5.70000008493662,0.35,-10.0000001490116));
#2908=CARTESIAN_POINT('',(6.10000008493662,0.35,-10.0000001490116));
#2909=CARTESIAN_POINT('',(5.70000008493662,0.35,-9.60000014901161));
#2910=CARTESIAN_POINT('Origin',(5.70000008493662,0.35,-10.0000001490116));
#2911=CARTESIAN_POINT('',(5.70000008493662,0.15,-9.40000014901161));
#2912=CARTESIAN_POINT('Origin',(5.70000008493662,0.35,-9.40000014901161));
#2913=CARTESIAN_POINT('Origin',(5.70000008493662,0.15,-10.0000001490116));
#2914=CARTESIAN_POINT('Origin',(5.70000008493662,0.35,-10.0000001490116));
#2915=CARTESIAN_POINT('Origin',(0.,0.15,-6.5));
#2916=CARTESIAN_POINT('',(9.50197333048826,0.15,-12.0649840912679));
#2917=CARTESIAN_POINT('',(9.3000001385808,0.15,-10.9000001713634));
#2918=CARTESIAN_POINT('Origin',(9.3000001385808,0.15,-11.5000001713634));
#2919=CARTESIAN_POINT('',(9.50197333048826,0.15,-12.85));
#2920=CARTESIAN_POINT('',(9.50197333048826,0.15,-9.67675513146512));
#2921=CARTESIAN_POINT('',(-9.51646045366952,0.15,-12.85));
#2922=CARTESIAN_POINT('',(0.,0.15,-12.85));
#2923=CARTESIAN_POINT('',(-9.51646045366952,0.15,-12.0287772915712));
#2924=CARTESIAN_POINT('',(-9.51646045366952,0.15,-9.25442584226952));
#2925=CARTESIAN_POINT('',(-9.80000014603138,0.15,-10.9000001713634));
#2926=CARTESIAN_POINT('Origin',(-9.80000014603138,0.15,-11.5000001713634));
#2927=CARTESIAN_POINT('',(-10.35,0.15,-11.2602082602519));
#2928=CARTESIAN_POINT('Origin',(-9.80000014603138,0.15,-11.5000001713634));
#2929=CARTESIAN_POINT('',(-10.35,0.15,-1.89686289529639));
#2930=CARTESIAN_POINT('',(-10.35,0.15,-6.5));
#2931=CARTESIAN_POINT('',(-9.58198634976335,0.15,-0.991210054302055));
#2932=CARTESIAN_POINT('Origin',(-9.9000001475215,0.15,-1.50000002235174));
#2933=CARTESIAN_POINT('',(-9.52238805121629,0.15,-0.991210054302055));
#2934=CARTESIAN_POINT('',(-4.76119402560815,0.15,-0.991210054302055));
#2935=CARTESIAN_POINT('',(-9.52238805121629,0.15,-0.15));
#2936=CARTESIAN_POINT('',(-9.52238805121629,0.15,-3.31797272541209));
#2937=CARTESIAN_POINT('',(9.49586174688115,0.15,-0.15));
#2938=CARTESIAN_POINT('',(0.,0.15,-0.15));
#2939=CARTESIAN_POINT('',(9.49586174688115,0.15,-0.932868441152106));
#2940=CARTESIAN_POINT('',(9.49586174688115,0.15,-3.74730935390026));
#2941=CARTESIAN_POINT('',(9.3000001385808,0.15,-0.900000022351741));
#2942=CARTESIAN_POINT('Origin',(9.3000001385808,0.15,-1.50000002235174));
#2943=CARTESIAN_POINT('',(9.6234034887528,0.15,-0.994618707800514));
#2944=CARTESIAN_POINT('Origin',(9.3000001385808,0.15,-1.50000002235174));
#2945=CARTESIAN_POINT('',(10.3477591668808,0.15,-0.994618707800514));
#2946=CARTESIAN_POINT('',(5.17387958344038,0.15,-0.994618707800514));
#2947=CARTESIAN_POINT('',(10.3477591668808,0.15,-0.15));
#2948=CARTESIAN_POINT('',(10.3477591668808,0.15,-3.31967705216132));
#2949=CARTESIAN_POINT('',(10.35,0.15,-0.15));
#2950=CARTESIAN_POINT('',(0.,0.15,-0.15));
#2951=CARTESIAN_POINT('',(10.35,0.15,-11.9982456594524));
#2952=CARTESIAN_POINT('',(10.35,0.15,-6.5));
#2953=CARTESIAN_POINT('',(9.6342925758254,0.15,-11.9982456594524));
#2954=CARTESIAN_POINT('',(4.75098666524413,0.15,-11.9982456594524));
#2955=CARTESIAN_POINT('Origin',(9.3000001385808,0.15,-11.5000001713634));
#2956=CARTESIAN_POINT('',(5.7000000923872,0.15,-2.40000004470349));
#2957=CARTESIAN_POINT('Origin',(5.7000000923872,0.15,-3.00000004470349));
#2958=CARTESIAN_POINT('',(-6.5,0.15,-9.4));
#2959=CARTESIAN_POINT('Origin',(-6.5,0.15,-10.));
#2960=CARTESIAN_POINT('',(-9.97769024416443,0.15,-3.));
#2961=CARTESIAN_POINT('Origin',(-9.,0.15,-3.));
#2962=CARTESIAN_POINT('',(-9.97769024416443,0.15,-10.));
#2963=CARTESIAN_POINT('Origin',(-9.,0.15,-10.));
#2964=CARTESIAN_POINT('',(-6.5,0.15,-2.4));
#2965=CARTESIAN_POINT('Origin',(-6.5,0.15,-3.));
#2966=CARTESIAN_POINT('Origin',(5.70000008493662,0.15,-10.0000001490116));
#2967=CARTESIAN_POINT('',(6.10000008493662,0.95,-10.0000001490116));
#2968=CARTESIAN_POINT('Origin',(5.70000008493662,0.95,-10.0000001490116));
#2969=CARTESIAN_POINT('',(6.10000008493662,0.15,-10.0000001490116));
#2970=CARTESIAN_POINT('Origin',(5.7000000923872,0.35,-3.00000004470349));
#2971=CARTESIAN_POINT('',(6.1000000923872,0.35,-3.00000004470349));
#2972=CARTESIAN_POINT('',(5.7000000923872,0.35,-2.60000004470349));
#2973=CARTESIAN_POINT('Origin',(5.7000000923872,0.35,-3.00000004470349));
#2974=CARTESIAN_POINT('Origin',(5.7000000923872,0.35,-2.40000004470349));
#2975=CARTESIAN_POINT('Origin',(5.7000000923872,0.35,-3.00000004470349));
#2976=CARTESIAN_POINT('Origin',(5.7000000923872,0.15,-3.00000004470349));
#2977=CARTESIAN_POINT('',(6.1000000923872,0.95,-3.00000004470349));
#2978=CARTESIAN_POINT('Origin',(5.7000000923872,0.95,-3.00000004470349));
#2979=CARTESIAN_POINT('',(6.1000000923872,0.15,-3.00000004470349));
#2980=CARTESIAN_POINT('Origin',(-6.5,0.35,-3.));
#2981=CARTESIAN_POINT('',(-6.1,0.35,-3.));
#2982=CARTESIAN_POINT('',(-6.5,0.35,-2.6));
#2983=CARTESIAN_POINT('Origin',(-6.5,0.35,-3.));
#2984=CARTESIAN_POINT('Origin',(-6.5,0.35,-2.4));
#2985=CARTESIAN_POINT('Origin',(-6.5,0.35,-3.));
#2986=CARTESIAN_POINT('Origin',(-6.5,0.15,-3.));
#2987=CARTESIAN_POINT('',(-6.1,0.95,-3.));
#2988=CARTESIAN_POINT('Origin',(-6.5,0.95,-3.));
#2989=CARTESIAN_POINT('',(-6.1,0.15,-3.));
#2990=CARTESIAN_POINT('Origin',(-6.5,0.35,-10.));
#2991=CARTESIAN_POINT('',(-6.1,0.35,-10.));
#2992=CARTESIAN_POINT('',(-6.5,0.35,-9.6));
#2993=CARTESIAN_POINT('Origin',(-6.5,0.35,-10.));
#2994=CARTESIAN_POINT('Origin',(-6.5,0.35,-9.4));
#2995=CARTESIAN_POINT('Origin',(-6.5,0.35,-10.));
#2996=CARTESIAN_POINT('Origin',(-6.5,0.15,-10.));
#2997=CARTESIAN_POINT('',(-6.1,0.95,-10.));
#2998=CARTESIAN_POINT('Origin',(-6.5,0.95,-10.));
#2999=CARTESIAN_POINT('',(-6.1,0.15,-10.));
#3000=CARTESIAN_POINT('Origin',(-6.5,0.15,-10.));
#3001=CARTESIAN_POINT('',(-6.375,0.95,-10.));
#3002=CARTESIAN_POINT('Origin',(-6.5,0.95,-10.));
#3003=CARTESIAN_POINT('',(-6.375,0.15,-10.));
#3004=CARTESIAN_POINT('',(-6.375,0.15,-10.));
#3005=CARTESIAN_POINT('Origin',(-6.5,0.15,-10.));
#3006=CARTESIAN_POINT('Origin',(-6.5,0.95,-10.));
#3007=CARTESIAN_POINT('Origin',(0.,0.15,-6.5));
#3008=CARTESIAN_POINT('Origin',(5.70000008493662,0.15,-10.0000001490116));
#3009=CARTESIAN_POINT('',(5.82500008493662,0.95,-10.0000001490116));
#3010=CARTESIAN_POINT('Origin',(5.70000008493662,0.95,-10.0000001490116));
#3011=CARTESIAN_POINT('',(5.82500008493662,0.15,-10.0000001490116));
#3012=CARTESIAN_POINT('',(5.82500008493662,0.15,-10.0000001490116));
#3013=CARTESIAN_POINT('Origin',(5.70000008493662,0.15,-10.0000001490116));
#3014=CARTESIAN_POINT('Origin',(5.70000008493662,0.95,-10.0000001490116));
#3015=CARTESIAN_POINT('Origin',(-6.5,0.15,-3.));
#3016=CARTESIAN_POINT('',(-6.375,0.95,-3.));
#3017=CARTESIAN_POINT('Origin',(-6.5,0.95,-3.));
#3018=CARTESIAN_POINT('',(-6.375,0.15,-3.));
#3019=CARTESIAN_POINT('',(-6.375,0.15,-3.));
#3020=CARTESIAN_POINT('Origin',(-6.5,0.15,-3.));
#3021=CARTESIAN_POINT('Origin',(-6.5,0.95,-3.));
#3022=CARTESIAN_POINT('Origin',(0.,0.15,-6.5));
#3023=CARTESIAN_POINT('Origin',(5.7000000923872,0.15,-3.00000004470349));
#3024=CARTESIAN_POINT('',(5.8250000923872,0.95,-3.00000004470349));
#3025=CARTESIAN_POINT('Origin',(5.7000000923872,0.95,-3.00000004470349));
#3026=CARTESIAN_POINT('',(5.8250000923872,0.15,-3.00000004470349));
#3027=CARTESIAN_POINT('',(5.8250000923872,0.15,-3.00000004470349));
#3028=CARTESIAN_POINT('Origin',(5.7000000923872,0.15,-3.00000004470349));
#3029=CARTESIAN_POINT('Origin',(5.7000000923872,0.95,-3.00000004470349));
#3030=CARTESIAN_POINT('Origin',(0.,0.15,-6.5));
#3031=CARTESIAN_POINT('Origin',(-9.,0.,-3.));
#3032=CARTESIAN_POINT('',(-9.97769024416443,0.,-3.));
#3033=CARTESIAN_POINT('Origin',(-9.,0.,-3.));
#3034=CARTESIAN_POINT('',(-9.97769024416443,0.,-3.));
#3035=CARTESIAN_POINT('Origin',(-9.,0.,-10.));
#3036=CARTESIAN_POINT('',(-9.97769024416443,0.,-10.));
#3037=CARTESIAN_POINT('Origin',(-9.,0.,-10.));
#3038=CARTESIAN_POINT('',(-9.97769024416443,0.,-10.));
#3039=CARTESIAN_POINT('Origin',(-10.35,2.87793502961529,-1.10313714940709));
#3040=CARTESIAN_POINT('',(-10.5,2.87793502961529,-11.8870124113956));
#3041=CARTESIAN_POINT('',(-10.5,2.87793502961529,-1.10313714940709));
#3042=CARTESIAN_POINT('',(-10.5,2.87793502961529,-3.80156857470355));
#3043=CARTESIAN_POINT('',(-10.35,2.87793502961529,-11.8870124113956));
#3044=CARTESIAN_POINT('',(-10.35,2.87793502961529,-11.8870124113956));
#3045=CARTESIAN_POINT('',(-10.35,2.87793502961529,-1.10313714940709));
#3046=CARTESIAN_POINT('',(-10.35,2.87793502961529,-3.80156857470355));
#3047=CARTESIAN_POINT('',(-10.35,2.87793502961529,-1.10313714940709));
#3048=CARTESIAN_POINT('Origin',(-10.35,1.27057499768055,-1.10313714940709));
#3049=CARTESIAN_POINT('',(-10.5,1.27057499768055,-1.10313714940709));
#3050=CARTESIAN_POINT('',(-10.5,1.88528749884027,-1.10313714940709));
#3051=CARTESIAN_POINT('',(-10.35,1.27057499768055,-1.10313714940709));
#3052=CARTESIAN_POINT('',(-10.35,1.88528749884027,-1.10313714940709));
#3053=CARTESIAN_POINT('',(-10.35,1.27057499768055,-1.10313714940709));
#3054=CARTESIAN_POINT('Origin',(-10.35,1.27057499768055,-11.8870124113956));
#3055=CARTESIAN_POINT('',(-10.5,1.27057499768055,-11.8870124113956));
#3056=CARTESIAN_POINT('',(-10.5,1.27057499768055,-9.19350620569778));
#3057=CARTESIAN_POINT('',(-10.35,1.27057499768055,-11.8870124113956));
#3058=CARTESIAN_POINT('',(-10.35,1.27057499768055,-9.19350620569778));
#3059=CARTESIAN_POINT('',(-10.35,1.27057499768055,-11.8870124113956));
#3060=CARTESIAN_POINT('Origin',(-10.35,2.87793502961529,-11.8870124113956));
#3061=CARTESIAN_POINT('',(-10.5,2.68896751480764,-11.8870124113956));
#3062=CARTESIAN_POINT('',(-10.35,2.68896751480764,-11.8870124113956));
#3063=CARTESIAN_POINT('Origin',(9.3000001385808,0.35,-11.5000001713634));
#3064=CARTESIAN_POINT('',(9.7000001385808,0.35,-11.5000001713634));
#3065=CARTESIAN_POINT('',(9.3000001385808,0.35,-11.1000001713634));
#3066=CARTESIAN_POINT('Origin',(9.3000001385808,0.35,-11.5000001713634));
#3067=CARTESIAN_POINT('Origin',(9.3000001385808,0.35,-10.9000001713634));
#3068=CARTESIAN_POINT('',(9.50197333048826,0.159975037076211,-11.9982456594524));
#3069=CARTESIAN_POINT('Ctrl Pts',(9.50197333048826,0.159975037076211,-11.9982456594524));
#3070=CARTESIAN_POINT('Ctrl Pts',(9.51025038356988,0.158954374960233,-11.9982456594524));
#3071=CARTESIAN_POINT('Ctrl Pts',(9.51839315770472,0.157981539717411,-11.9982456594524));
#3072=CARTESIAN_POINT('Ctrl Pts',(9.55998490274375,0.153278029254086,-11.9982456594524));
#3073=CARTESIAN_POINT('Ctrl Pts',(9.6004561164554,0.15,-11.9982456594524));
#3074=CARTESIAN_POINT('Ctrl Pts',(9.63429257582539,0.15,-11.9982456594524));
#3075=CARTESIAN_POINT('Ctrl Pts',(9.50197333048826,0.15,-12.0649840912679));
#3076=CARTESIAN_POINT('Ctrl Pts',(9.50197333048826,0.15,-12.043862114365));
#3077=CARTESIAN_POINT('Ctrl Pts',(9.50197333048826,0.153446552380813,-12.0197069823977));
#3078=CARTESIAN_POINT('Ctrl Pts',(9.50197333048826,0.159975037076211,-11.9982456594524));
#3079=CARTESIAN_POINT('Origin',(9.3000001385808,0.35,-11.5000001713634));
#3080=CARTESIAN_POINT('Origin',(9.50197333048826,0.15,-11.9982456594524));
#3081=CARTESIAN_POINT('',(10.35,4.15,-11.9982456594524));
#3082=CARTESIAN_POINT('',(10.35,1.325,-11.9982456594524));
#3083=CARTESIAN_POINT('',(10.2909161978766,4.15,-11.9982456594524));
#3084=CARTESIAN_POINT('',(10.3538707504879,4.15,-11.9982456594524));
#3085=CARTESIAN_POINT('',(9.9000001475215,4.22841724206614,-11.9982456594524));
#3086=CARTESIAN_POINT('Ctrl Pts',(9.9000001475215,4.22841724206614,-11.9982456594524));
#3087=CARTESIAN_POINT('Ctrl Pts',(9.98059436303125,4.22841724206614,-11.9982456594524));
#3088=CARTESIAN_POINT('Ctrl Pts',(10.0697314821278,4.19089405316659,-11.9982456594524));
#3089=CARTESIAN_POINT('Ctrl Pts',(10.1917365671327,4.15927104660164,-11.9982456594524));
#3090=CARTESIAN_POINT('Ctrl Pts',(10.2454736913119,4.15,-11.9982456594524));
#3091=CARTESIAN_POINT('Ctrl Pts',(10.2909161978766,4.15,-11.9982456594524));
#3092=CARTESIAN_POINT('',(9.50908409716642,4.15,-11.9982456594524));
#3093=CARTESIAN_POINT('Ctrl Pts',(9.50908409716642,4.15,-11.9982456594524));
#3094=CARTESIAN_POINT('Ctrl Pts',(9.55452660373105,4.15,-11.9982456594524));
#3095=CARTESIAN_POINT('Ctrl Pts',(9.60826372791027,4.15927104660164,-11.9982456594524));
#3096=CARTESIAN_POINT('Ctrl Pts',(9.73026881291516,4.19089405316659,-11.9982456594524));
#3097=CARTESIAN_POINT('Ctrl Pts',(9.81940593201174,4.22841724206614,-11.9982456594524));
#3098=CARTESIAN_POINT('Ctrl Pts',(9.9000001475215,4.22841724206614,-11.9982456594524));
#3099=CARTESIAN_POINT('',(9.50197333048826,4.15,-11.9982456594524));
#3100=CARTESIAN_POINT('',(10.3538707504879,4.15,-11.9982456594524));
#3101=CARTESIAN_POINT('',(9.50197333048826,0.15,-11.9982456594524));
#3102=CARTESIAN_POINT('Origin',(9.3000001385808,0.15,-11.5000001713634));
#3103=CARTESIAN_POINT('',(9.7000001385808,1.35,-11.5000001713634));
#3104=CARTESIAN_POINT('Origin',(9.3000001385808,1.35,-11.5000001713634));
#3105=CARTESIAN_POINT('',(9.7000001385808,0.15,-11.5000001713634));
#3106=CARTESIAN_POINT('Origin',(9.3000001385808,0.35,-1.50000002235174));
#3107=CARTESIAN_POINT('',(9.7000001385808,0.35,-1.50000002235174));
#3108=CARTESIAN_POINT('',(9.3000001385808,0.35,-1.10000002235174));
#3109=CARTESIAN_POINT('Origin',(9.3000001385808,0.35,-1.50000002235174));
#3110=CARTESIAN_POINT('Origin',(9.3000001385808,0.35,-0.900000022351741));
#3111=CARTESIAN_POINT('',(9.49586174688115,0.158592422831873,-0.994618707800514));
#3112=CARTESIAN_POINT('Ctrl Pts',(9.49586174688115,0.158592422831873,-0.994618707800514));
#3113=CARTESIAN_POINT('Ctrl Pts',(9.49586174688115,0.152905752065069,-0.974489307919499));
#3114=CARTESIAN_POINT('Ctrl Pts',(9.49586174688115,0.15,-0.952373598722158));
#3115=CARTESIAN_POINT('Ctrl Pts',(9.49586174688115,0.15,-0.932868441152106));
#3116=CARTESIAN_POINT('Ctrl Pts',(9.6234034887528,0.15,-0.994618707800514));
#3117=CARTESIAN_POINT('Ctrl Pts',(9.59102906007267,0.15,-0.994618707800514));
#3118=CARTESIAN_POINT('Ctrl Pts',(9.55228121783049,0.152806056339648,-0.994618707800514));
#3119=CARTESIAN_POINT('Ctrl Pts',(9.51216289029168,0.156834464330914,-0.994618707800514));
#3120=CARTESIAN_POINT('Ctrl Pts',(9.50408038842958,0.157692599121222,-0.994618707800514));
#3121=CARTESIAN_POINT('Ctrl Pts',(9.49586174688115,0.158592422831873,-0.994618707800514));
#3122=CARTESIAN_POINT('Origin',(9.3000001385808,0.35,-1.50000002235174));
#3123=CARTESIAN_POINT('Origin',(9.49586174688115,0.15,-0.994618707800514));
#3124=CARTESIAN_POINT('',(9.49586174688115,4.15,-0.15));
#3125=CARTESIAN_POINT('',(9.49586174688115,1.325,-0.15));
#3126=CARTESIAN_POINT('',(9.49586174688115,4.15,-0.186665785417377));
#3127=CARTESIAN_POINT('',(9.49586174688115,4.15,-0.139354104322642));
#3128=CARTESIAN_POINT('',(9.4958617468814,4.15043808418538,-0.994618707800514));
#3129=CARTESIAN_POINT('Ctrl Pts',(9.49586174688115,4.15043808418536,-0.994618707800513));
#3130=CARTESIAN_POINT('Ctrl Pts',(9.49586174688115,4.15258507987594,-0.948264312385456));
#3131=CARTESIAN_POINT('Ctrl Pts',(9.49586174688115,4.16392822297391,-0.896900124437776));
#3132=CARTESIAN_POINT('Ctrl Pts',(9.49586174688115,4.18968784233838,-0.813811585700141));
#3133=CARTESIAN_POINT('Ctrl Pts',(9.49586174688115,4.20689453639598,-0.770918405258267));
#3134=CARTESIAN_POINT('Ctrl Pts',(9.49586174688115,4.23816642530755,-0.685329102490832));
#3135=CARTESIAN_POINT('Ctrl Pts',(9.49586174688115,4.25128140569833,-0.642288782289409));
#3136=CARTESIAN_POINT('Ctrl Pts',(9.49586174688115,4.25128140569833,-0.557711235591984));
#3137=CARTESIAN_POINT('Ctrl Pts',(9.49586174688115,4.23816642530755,-0.514670915390561));
#3138=CARTESIAN_POINT('Ctrl Pts',(9.49586174688115,4.20689453639598,-0.429081612623126));
#3139=CARTESIAN_POINT('Ctrl Pts',(9.49586174688115,4.18968784233838,-0.386188432181253));
#3140=CARTESIAN_POINT('Ctrl Pts',(9.49586174688115,4.16211618741457,-0.297255110388541));
#3141=CARTESIAN_POINT('Ctrl Pts',(9.49586174688115,4.15,-0.237486259087014));
#3142=CARTESIAN_POINT('Ctrl Pts',(9.49586174688115,4.15,-0.186665785417377));
#3143=CARTESIAN_POINT('',(9.49586174688115,0.15,-0.994618707800514));
#3144=CARTESIAN_POINT('Origin',(9.3000001385808,0.15,-1.50000002235174));
#3145=CARTESIAN_POINT('',(9.7000001385808,1.35,-1.50000002235174));
#3146=CARTESIAN_POINT('Origin',(9.3000001385808,1.35,-1.50000002235174));
#3147=CARTESIAN_POINT('',(9.7000001385808,0.15,-1.50000002235174));
#3148=CARTESIAN_POINT('Origin',(-9.9000001475215,0.35,-1.50000002235174));
#3149=CARTESIAN_POINT('',(-9.50000014156103,0.35,-1.50000002235174));
#3150=CARTESIAN_POINT('',(-9.9000001475215,0.35,-1.10000001639128));
#3151=CARTESIAN_POINT('Origin',(-9.9000001475215,0.35,-1.50000002235174));
#3152=CARTESIAN_POINT('',(-9.9000001475215,0.172009188483465,-0.991210054302055));
#3153=CARTESIAN_POINT('Origin',(-9.9000001475215,0.35,-0.900000016391277));
#3154=CARTESIAN_POINT('Ctrl Pts',(-9.58198634976335,0.15,-0.991210054302055));
#3155=CARTESIAN_POINT('Ctrl Pts',(-9.61366240615871,0.15,-0.991210054302055));
#3156=CARTESIAN_POINT('Ctrl Pts',(-9.65158490585702,0.152596244759094,-0.991210054302055));
#3157=CARTESIAN_POINT('Ctrl Pts',(-9.75087975097118,0.161991638253338,-0.991210054302055));
#3158=CARTESIAN_POINT('Ctrl Pts',(-9.83193784777862,0.172009188483465,-0.991210054302055));
#3159=CARTESIAN_POINT('Ctrl Pts',(-9.9000001475215,0.172009188483465,-0.991210054302055));
#3160=CARTESIAN_POINT('',(-10.35,0.15,-1.10313714940709));
#3161=CARTESIAN_POINT('Ctrl Pts',(-10.35,0.15,-1.10313714940709));
#3162=CARTESIAN_POINT('Ctrl Pts',(-10.35,0.15,-1.14768561481488));
#3163=CARTESIAN_POINT('Ctrl Pts',(-10.35,0.158007999971985,-1.20054057338567));
#3164=CARTESIAN_POINT('Ctrl Pts',(-10.35,0.185637513505369,-1.32432797230825));
#3165=CARTESIAN_POINT('Ctrl Pts',(-10.35,0.217712608479159,-1.41771509251163));
#3166=CARTESIAN_POINT('Ctrl Pts',(-10.35,0.217712608479159,-1.58228495219185));
#3167=CARTESIAN_POINT('Ctrl Pts',(-10.35,0.185637513505369,-1.67567207239524));
#3168=CARTESIAN_POINT('Ctrl Pts',(-10.35,0.158007999971985,-1.79945947131781));
#3169=CARTESIAN_POINT('Ctrl Pts',(-10.35,0.15,-1.85231442988861));
#3170=CARTESIAN_POINT('Ctrl Pts',(-10.35,0.15,-1.89686289529639));
#3171=CARTESIAN_POINT('',(-10.2180139452796,0.15,-0.991210054302055));
#3172=CARTESIAN_POINT('Origin',(-9.9000001475215,0.15,-1.50000002235174));
#3173=CARTESIAN_POINT('Ctrl Pts',(-9.9000001475215,0.172009188483465,-0.991210054302055));
#3174=CARTESIAN_POINT('Ctrl Pts',(-9.96806244726437,0.172009188483465,-0.991210054302055));
#3175=CARTESIAN_POINT('Ctrl Pts',(-10.0491205440718,0.161991638253338,-0.991210054302055));
#3176=CARTESIAN_POINT('Ctrl Pts',(-10.148415389186,0.152596244759094,-0.991210054302055));
#3177=CARTESIAN_POINT('Ctrl Pts',(-10.1863378888843,0.15,-0.991210054302055));
#3178=CARTESIAN_POINT('Ctrl Pts',(-10.2180139452796,0.15,-0.991210054302055));
#3179=CARTESIAN_POINT('Origin',(-9.9000001475215,0.35,-1.50000002235174));
#3180=CARTESIAN_POINT('Origin',(-10.35,2.5,-6.5));
#3181=CARTESIAN_POINT('',(-10.35,0.15,-11.7397920824748));
#3182=CARTESIAN_POINT('Ctrl Pts',(-10.35,0.15,-11.2602082602519));
#3183=CARTESIAN_POINT('Ctrl Pts',(-10.35,0.15,-11.2829590350216));
#3184=CARTESIAN_POINT('Ctrl Pts',(-10.35,0.150754991089414,-11.3102495233321));
#3185=CARTESIAN_POINT('Ctrl Pts',(-10.35,0.153520139066554,-11.3851726792015));
#3186=CARTESIAN_POINT('Ctrl Pts',(-10.35,0.156350870394828,-11.4477767817244));
#3187=CARTESIAN_POINT('Ctrl Pts',(-10.35,0.156350870394828,-11.5522235610023));
#3188=CARTESIAN_POINT('Ctrl Pts',(-10.35,0.153520139066554,-11.6148276635252));
#3189=CARTESIAN_POINT('Ctrl Pts',(-10.35,0.150754991089414,-11.6897508193946));
#3190=CARTESIAN_POINT('Ctrl Pts',(-10.35,0.15,-11.7170413077052));
#3191=CARTESIAN_POINT('Ctrl Pts',(-10.35,0.15,-11.7397920824748));
#3192=CARTESIAN_POINT('',(-10.35,0.15,-12.008851684539));
#3193=CARTESIAN_POINT('',(-10.35,0.15,-6.5));
#3194=CARTESIAN_POINT('',(-10.35,4.15,-12.008851684539));
#3195=CARTESIAN_POINT('',(-10.35,1.325,-12.008851684539));
#3196=CARTESIAN_POINT('',(-10.35,4.15,-12.0657514902201));
#3197=CARTESIAN_POINT('',(-10.35,4.15,-9.46824199313899));
#3198=CARTESIAN_POINT('',(-10.35,4.15,-12.7342488793287));
#3199=CARTESIAN_POINT('Ctrl Pts',(-10.35,4.15,-12.0657514902201));
#3200=CARTESIAN_POINT('Ctrl Pts',(-10.35,4.15,-12.1002528034696));
#3201=CARTESIAN_POINT('Ctrl Pts',(-10.35,4.15391495251964,-12.1414688638555));
#3202=CARTESIAN_POINT('Ctrl Pts',(-10.35,4.16323057163177,-12.2107176223648));
#3203=CARTESIAN_POINT('Ctrl Pts',(-10.35,4.16978638573884,-12.2490694843571));
#3204=CARTESIAN_POINT('Ctrl Pts',(-10.35,4.18009053627496,-12.3259917653635));
#3205=CARTESIAN_POINT('Ctrl Pts',(-10.35,4.18333407676821,-12.3646289618275));
#3206=CARTESIAN_POINT('Ctrl Pts',(-10.35,4.18333407676821,-12.4353714077213));
#3207=CARTESIAN_POINT('Ctrl Pts',(-10.35,4.18009053627496,-12.4740086041853));
#3208=CARTESIAN_POINT('Ctrl Pts',(-10.35,4.16978638573884,-12.5509308851917));
#3209=CARTESIAN_POINT('Ctrl Pts',(-10.35,4.16323057163177,-12.589282747184));
#3210=CARTESIAN_POINT('Ctrl Pts',(-10.35,4.15391495251964,-12.6585315056933));
#3211=CARTESIAN_POINT('Ctrl Pts',(-10.35,4.15,-12.6997475660792));
#3212=CARTESIAN_POINT('Ctrl Pts',(-10.35,4.15,-12.7342488793287));
#3213=CARTESIAN_POINT('',(-10.35,4.15,-12.85));
#3214=CARTESIAN_POINT('',(-10.35,4.15,-9.46824199313899));
#3215=CARTESIAN_POINT('',(-10.35,5.,-12.85));
#3216=CARTESIAN_POINT('',(-10.35,2.5,-12.85));
#3217=CARTESIAN_POINT('',(-10.35,5.,-0.15));
#3218=CARTESIAN_POINT('',(-10.35,5.,-6.5));
#3219=CARTESIAN_POINT('',(-10.35,4.15,-0.15));
#3220=CARTESIAN_POINT('',(-10.35,2.5,-0.15));
#3221=CARTESIAN_POINT('',(-10.35,4.15,-0.16689890172943));
#3222=CARTESIAN_POINT('',(-10.35,4.15,-3.53178887628156));
#3223=CARTESIAN_POINT('',(-10.35,4.1500115336137,-0.991210054302055));
#3224=CARTESIAN_POINT('Ctrl Pts',(-10.35,4.15,-0.16689890172943));
#3225=CARTESIAN_POINT('Ctrl Pts',(-10.35,4.15,-0.217088431654037));
#3226=CARTESIAN_POINT('Ctrl Pts',(-10.35,4.16156069035703,-0.276195914045907));
#3227=CARTESIAN_POINT('Ctrl Pts',(-10.35,4.18795304683599,-0.364914775355583));
#3228=CARTESIAN_POINT('Ctrl Pts',(-10.35,4.20459880176551,-0.408174439212806));
#3229=CARTESIAN_POINT('Ctrl Pts',(-10.35,4.23454884015173,-0.494637419829005));
#3230=CARTESIAN_POINT('Ctrl Pts',(-10.35,4.24679238890409,-0.538204530074338));
#3231=CARTESIAN_POINT('Ctrl Pts',(-10.35,4.24679238890409,-0.62294805482893));
#3232=CARTESIAN_POINT('Ctrl Pts',(-10.35,4.23454884015173,-0.666515165074263));
#3233=CARTESIAN_POINT('Ctrl Pts',(-10.35,4.20459880176551,-0.752978145690462));
#3234=CARTESIAN_POINT('Ctrl Pts',(-10.35,4.18795304683599,-0.796237809547685));
#3235=CARTESIAN_POINT('Ctrl Pts',(-10.35,4.16184895248515,-0.883987667282961));
#3236=CARTESIAN_POINT('Ctrl Pts',(-10.35,4.15038617763667,-0.941686728532105));
#3237=CARTESIAN_POINT('Ctrl Pts',(-10.35,4.1500115336137,-0.991210054302055));
#3238=CARTESIAN_POINT('',(-10.35,0.15,-0.991210054302055));
#3239=CARTESIAN_POINT('',(-10.35,1.325,-0.991210054302055));
#3240=CARTESIAN_POINT('',(-10.35,0.15,-6.5));
#3241=CARTESIAN_POINT('Origin',(0.,0.15,-6.5));
#3242=CARTESIAN_POINT('Origin',(0.,0.15,-6.5));
#3243=CARTESIAN_POINT('',(-4.76119402560815,0.15,-0.991210054302055));
#3244=CARTESIAN_POINT('Origin',(-9.9000001475215,0.15,-1.50000002235174));
#3245=CARTESIAN_POINT('',(-9.50000014156103,1.35,-1.50000002235174));
#3246=CARTESIAN_POINT('Origin',(-9.9000001475215,1.35,-1.50000002235174));
#3247=CARTESIAN_POINT('',(-9.50000014156103,0.15,-1.50000002235174));
#3248=CARTESIAN_POINT('Origin',(-9.80000014603138,0.35,-11.5000001713634));
#3249=CARTESIAN_POINT('',(-9.40000014603138,0.35,-11.5000001713634));
#3250=CARTESIAN_POINT('',(-9.80000014603138,0.35,-11.1000001713634));
#3251=CARTESIAN_POINT('Origin',(-9.80000014603138,0.35,-11.5000001713634));
#3252=CARTESIAN_POINT('Origin',(-9.80000014603138,0.35,-10.9000001713634));
#3253=CARTESIAN_POINT('',(-9.51646045366952,0.150765711734949,-12.008851684539));
#3254=CARTESIAN_POINT('Ctrl Pts',(-9.51646045366952,0.150765711734949,-12.008851684539));
#3255=CARTESIAN_POINT('Ctrl Pts',(-9.51646045366952,0.150243763402286,-12.0156603444845));
#3256=CARTESIAN_POINT('Ctrl Pts',(-9.51646045366952,0.15,-12.0223460433808));
#3257=CARTESIAN_POINT('Ctrl Pts',(-9.51646045366952,0.15,-12.0287772915712));
#3258=CARTESIAN_POINT('',(-10.1179154453468,0.15,-12.008851684539));
#3259=CARTESIAN_POINT('Ctrl Pts',(-10.1179154453468,0.15,-12.008851684539));
#3260=CARTESIAN_POINT('Ctrl Pts',(-10.0862520101075,0.15,-12.008851684539));
#3261=CARTESIAN_POINT('Ctrl Pts',(-10.0483444381071,0.1525925458344,-12.008851684539));
#3262=CARTESIAN_POINT('Ctrl Pts',(-9.94908019864637,0.161974812388602,-12.008851684539));
#3263=CARTESIAN_POINT('Ctrl Pts',(-9.86804336132958,0.17197766053206,-12.008851684539));
#3264=CARTESIAN_POINT('Ctrl Pts',(-9.73195693073318,0.17197766053206,-12.008851684539));
#3265=CARTESIAN_POINT('Ctrl Pts',(-9.65092009341639,0.161974812388602,-12.008851684539));
#3266=CARTESIAN_POINT('Ctrl Pts',(-9.56249775061097,0.153617301223914,-12.008851684539));
#3267=CARTESIAN_POINT('Ctrl Pts',(-9.53907292251579,0.151731621697528,-12.008851684539));
#3268=CARTESIAN_POINT('Ctrl Pts',(-9.51646045366952,0.150765711734949,-12.008851684539));
#3269=CARTESIAN_POINT('Origin',(-9.80000014603138,0.15,-11.5000001713634));
#3270=CARTESIAN_POINT('Origin',(-9.80000014603138,0.35,-11.5000001713634));
#3271=CARTESIAN_POINT('Origin',(-10.3683578736691,0.15,-12.008851684539));
#3272=CARTESIAN_POINT('',(-9.5164604536735,4.15040627315455,-12.008851684539));
#3273=CARTESIAN_POINT('',(-9.51646045366952,0.15,-12.008851684539));
#3274=CARTESIAN_POINT('',(-9.9000001475215,4.24369199088141,-12.008851684539));
#3275=CARTESIAN_POINT('Ctrl Pts',(-9.9000001475215,4.24369199088141,-12.008851684539));
#3276=CARTESIAN_POINT('Ctrl Pts',(-9.85882320532596,4.24369199088141,-12.008851684539));
#3277=CARTESIAN_POINT('Ctrl Pts',(-9.81643015259619,4.23192544783508,-12.008851684539));
#3278=CARTESIAN_POINT('Ctrl Pts',(-9.7323617478041,4.20289861804517,-12.008851684539));
#3279=CARTESIAN_POINT('Ctrl Pts',(-9.69031969310586,4.18671146352999,-12.008851684539));
#3280=CARTESIAN_POINT('Ctrl Pts',(-9.60991430558223,4.16282083272203,-12.008851684539));
#3281=CARTESIAN_POINT('Ctrl Pts',(-9.56076670343331,4.15238649537131,-12.008851684539));
#3282=CARTESIAN_POINT('Ctrl Pts',(-9.51646045367351,4.15040627315437,-12.008851684539));
#3283=CARTESIAN_POINT('',(-10.3015283629754,4.15,-12.008851684539));
#3284=CARTESIAN_POINT('Ctrl Pts',(-10.3015283629754,4.15,-12.008851684539));
#3285=CARTESIAN_POINT('Ctrl Pts',(-10.2529458612138,4.15,-12.008851684539));
#3286=CARTESIAN_POINT('Ctrl Pts',(-10.1957222880582,4.16114613488074,-12.008851684539));
#3287=CARTESIAN_POINT('Ctrl Pts',(-10.1096806019371,4.18671146352999,-12.008851684539));
#3288=CARTESIAN_POINT('Ctrl Pts',(-10.0676385472389,4.20289861804517,-12.008851684539));
#3289=CARTESIAN_POINT('Ctrl Pts',(-9.9835701424468,4.23192544783508,-12.008851684539));
#3290=CARTESIAN_POINT('Ctrl Pts',(-9.94117708971703,4.24369199088141,-12.008851684539));
#3291=CARTESIAN_POINT('Ctrl Pts',(-9.9000001475215,4.24369199088141,-12.008851684539));
#3292=CARTESIAN_POINT('',(-9.51646045366952,4.15,-12.008851684539));
#3293=CARTESIAN_POINT('',(-5.18417893683456,0.15,-12.008851684539));
#3294=CARTESIAN_POINT('Origin',(-9.51646045366952,0.15,-12.008851684539));
#3295=CARTESIAN_POINT('',(-9.51646045366952,4.15,-12.85));
#3296=CARTESIAN_POINT('',(-9.51646045366952,1.325,-12.85));
#3297=CARTESIAN_POINT('',(-9.51646045366952,4.15,-12.808802533449));
#3298=CARTESIAN_POINT('',(-9.51646045366952,4.15,-12.8641162880169));
#3299=CARTESIAN_POINT('Ctrl Pts',(-9.51646045366952,4.1504062731542,-12.0088516845391));
#3300=CARTESIAN_POINT('Ctrl Pts',(-9.51646045366952,4.15254930579797,-12.055867989758));
#3301=CARTESIAN_POINT('Ctrl Pts',(-9.51646045366952,4.16461057900272,-12.1080454986827));
#3302=CARTESIAN_POINT('Ctrl Pts',(-9.51646045366952,4.18550914049406,-12.1716312262399));
#3303=CARTESIAN_POINT('Ctrl Pts',(-9.51646045366952,4.19456432645942,-12.1957671772585));
#3304=CARTESIAN_POINT('Ctrl Pts',(-9.51646045366952,4.20681716365344,-12.2266744442591));
#3305=CARTESIAN_POINT('Ctrl Pts',(-9.51646045366952,4.21213246578818,-12.2397538873977));
#3306=CARTESIAN_POINT('Ctrl Pts',(-9.51646045366952,4.22145388388598,-12.2627682661806));
#3307=CARTESIAN_POINT('Ctrl Pts',(-9.51646045366952,4.22729989193219,-12.2773158834328));
#3308=CARTESIAN_POINT('Ctrl Pts',(-9.51646045366952,4.24459520623589,-12.3230261900356));
#3309=CARTESIAN_POINT('Ctrl Pts',(-9.51646045366952,4.25691114818692,-12.3641925351226));
#3310=CARTESIAN_POINT('Ctrl Pts',(-9.51646045366952,4.25691114818692,-12.4358078344262));
#3311=CARTESIAN_POINT('Ctrl Pts',(-9.51646045366952,4.24459520623589,-12.4769741795131));
#3312=CARTESIAN_POINT('Ctrl Pts',(-9.51646045366952,4.22729989193219,-12.522684486116));
#3313=CARTESIAN_POINT('Ctrl Pts',(-9.51646045366952,4.22145388388598,-12.5372321033682));
#3314=CARTESIAN_POINT('Ctrl Pts',(-9.51646045366952,4.21213246578818,-12.5602464821511));
#3315=CARTESIAN_POINT('Ctrl Pts',(-9.51646045366952,4.20681716365344,-12.5733259252897));
#3316=CARTESIAN_POINT('Ctrl Pts',(-9.51646045366952,4.19456432645942,-12.6042331922903));
#3317=CARTESIAN_POINT('Ctrl Pts',(-9.51646045366952,4.18550914049406,-12.6283691433089));
#3318=CARTESIAN_POINT('Ctrl Pts',(-9.51646045366952,4.16280588656171,-12.6974458077387));
#3319=CARTESIAN_POINT('Ctrl Pts',(-9.51646045366952,4.15,-12.7575728497376));
#3320=CARTESIAN_POINT('Ctrl Pts',(-9.51646045366952,4.15,-12.808802533449));
#3321=CARTESIAN_POINT('Origin',(-9.80000014603138,0.15,-11.5000001713634));
#3322=CARTESIAN_POINT('',(-9.40000014603138,1.35,-11.5000001713634));
#3323=CARTESIAN_POINT('Origin',(-9.80000014603138,1.35,-11.5000001713634));
#3324=CARTESIAN_POINT('',(-9.40000014603138,0.15,-11.5000001713634));
#3325=CARTESIAN_POINT('Origin',(9.3000001385808,0.15,-11.5000001713634));
#3326=CARTESIAN_POINT('',(9.4250001385808,1.35,-11.5000001713634));
#3327=CARTESIAN_POINT('Origin',(9.3000001385808,1.35,-11.5000001713634));
#3328=CARTESIAN_POINT('',(9.4250001385808,0.15,-11.5000001713634));
#3329=CARTESIAN_POINT('',(9.4250001385808,0.15,-11.5000001713634));
#3330=CARTESIAN_POINT('Origin',(9.3000001385808,0.15,-11.5000001713634));
#3331=CARTESIAN_POINT('Origin',(9.3000001385808,1.35,-11.5000001713634));
#3332=CARTESIAN_POINT('Origin',(0.,0.15,-6.5));
#3333=CARTESIAN_POINT('Origin',(9.3000001385808,0.15,-1.50000002235174));
#3334=CARTESIAN_POINT('',(9.4250001385808,1.35,-1.50000002235174));
#3335=CARTESIAN_POINT('Origin',(9.3000001385808,1.35,-1.50000002235174));
#3336=CARTESIAN_POINT('',(9.4250001385808,0.15,-1.50000002235174));
#3337=CARTESIAN_POINT('',(9.4250001385808,0.15,-1.50000002235174));
#3338=CARTESIAN_POINT('Origin',(9.3000001385808,0.15,-1.50000002235174));
#3339=CARTESIAN_POINT('Origin',(9.3000001385808,1.35,-1.50000002235174));
#3340=CARTESIAN_POINT('Origin',(0.,0.15,-6.5));
#3341=CARTESIAN_POINT('Origin',(-9.80000014603138,0.15,-11.5000001713634));
#3342=CARTESIAN_POINT('',(-9.67500014603138,1.35,-11.5000001713634));
#3343=CARTESIAN_POINT('Origin',(-9.80000014603138,1.35,-11.5000001713634));
#3344=CARTESIAN_POINT('',(-9.67500014603138,0.15,-11.5000001713634));
#3345=CARTESIAN_POINT('',(-9.67500014603138,0.15,-11.5000001713634));
#3346=CARTESIAN_POINT('Origin',(-9.80000014603138,0.15,-11.5000001713634));
#3347=CARTESIAN_POINT('Origin',(-9.80000014603138,1.35,-11.5000001713634));
#3348=CARTESIAN_POINT('Origin',(0.,0.15,-6.5));
#3349=CARTESIAN_POINT('Origin',(-9.9000001475215,0.15,-1.50000002235174));
#3350=CARTESIAN_POINT('',(-9.7750001475215,1.35,-1.50000002235174));
#3351=CARTESIAN_POINT('Origin',(-9.9000001475215,1.35,-1.50000002235174));
#3352=CARTESIAN_POINT('',(-9.7750001475215,0.15,-1.50000002235174));
#3353=CARTESIAN_POINT('',(-9.7750001475215,0.15,-1.50000002235174));
#3354=CARTESIAN_POINT('Origin',(-9.9000001475215,0.15,-1.50000002235174));
#3355=CARTESIAN_POINT('Origin',(-9.9000001475215,1.35,-1.50000002235174));
#3356=CARTESIAN_POINT('Origin',(0.,0.15,-6.5));
#3357=CARTESIAN_POINT('Origin',(9.9000001475215,4.35,-12.4000001847744));
#3358=CARTESIAN_POINT('',(10.2605552804406,4.35,-12.4000001847744));
#3359=CARTESIAN_POINT('',(9.9000001475215,4.35,-12.0394450518553));
#3360=CARTESIAN_POINT('Origin',(9.9000001475215,4.35,-12.4000001847744));
#3361=CARTESIAN_POINT('Origin',(9.9000001475215,4.35,-11.8394450518553));
#3362=CARTESIAN_POINT('',(10.35,4.15,-12.0657514902201));
#3363=CARTESIAN_POINT('Origin',(9.9000001475215,4.15,-12.4000001847744));
#3364=CARTESIAN_POINT('',(10.35,4.15,-12.7342488793287));
#3365=CARTESIAN_POINT('Ctrl Pts',(10.35,4.15,-12.7342488793287));
#3366=CARTESIAN_POINT('Ctrl Pts',(10.35,4.15,-12.6997475660792));
#3367=CARTESIAN_POINT('Ctrl Pts',(10.35,4.15391495251964,-12.6585315056933));
#3368=CARTESIAN_POINT('Ctrl Pts',(10.35,4.16323057163177,-12.589282747184));
#3369=CARTESIAN_POINT('Ctrl Pts',(10.35,4.16978638573884,-12.5509308851917));
#3370=CARTESIAN_POINT('Ctrl Pts',(10.35,4.18009053627496,-12.4740086041853));
#3371=CARTESIAN_POINT('Ctrl Pts',(10.35,4.18333407676821,-12.4353714077213));
#3372=CARTESIAN_POINT('Ctrl Pts',(10.35,4.18333407676821,-12.3646289618275));
#3373=CARTESIAN_POINT('Ctrl Pts',(10.35,4.18009053627496,-12.3259917653635));
#3374=CARTESIAN_POINT('Ctrl Pts',(10.35,4.16978638573884,-12.2490694843571));
#3375=CARTESIAN_POINT('Ctrl Pts',(10.35,4.16323057163177,-12.2107176223648));
#3376=CARTESIAN_POINT('Ctrl Pts',(10.35,4.15391495251964,-12.1414688638555));
#3377=CARTESIAN_POINT('Ctrl Pts',(10.35,4.15,-12.1002528034696));
#3378=CARTESIAN_POINT('Ctrl Pts',(10.35,4.15,-12.0657514902201));
#3379=CARTESIAN_POINT('',(10.2342488922295,4.15,-12.85));
#3380=CARTESIAN_POINT('Origin',(9.9000001475215,4.15,-12.4000001847744));
#3381=CARTESIAN_POINT('',(9.56575140281351,4.15,-12.85));
#3382=CARTESIAN_POINT('Ctrl Pts',(9.56575140281351,4.15,-12.85));
#3383=CARTESIAN_POINT('Ctrl Pts',(9.60025272357519,4.15,-12.85));
#3384=CARTESIAN_POINT('Ctrl Pts',(9.64146879274137,4.15391495541246,-12.85));
#3385=CARTESIAN_POINT('Ctrl Pts',(9.71071756257224,4.16323058132213,-12.85));
#3386=CARTESIAN_POINT('Ctrl Pts',(9.74906942891726,4.16978639999404,-12.85));
#3387=CARTESIAN_POINT('Ctrl Pts',(9.82599171883418,4.18009055827354,-12.85));
#3388=CARTESIAN_POINT('Ctrl Pts',(9.86462891995997,4.18333410147936,-12.85));
#3389=CARTESIAN_POINT('Ctrl Pts',(9.93537137508302,4.18333410147936,-12.85));
#3390=CARTESIAN_POINT('Ctrl Pts',(9.9740085762088,4.18009055827354,-12.85));
#3391=CARTESIAN_POINT('Ctrl Pts',(10.0509308661257,4.16978639999404,-12.85));
#3392=CARTESIAN_POINT('Ctrl Pts',(10.0892827324708,4.16323058132213,-12.85));
#3393=CARTESIAN_POINT('Ctrl Pts',(10.1585315023016,4.15391495541246,-12.85));
#3394=CARTESIAN_POINT('Ctrl Pts',(10.1997475714678,4.15,-12.85));
#3395=CARTESIAN_POINT('Ctrl Pts',(10.2342488922295,4.15,-12.85));
#3396=CARTESIAN_POINT('',(9.50197333048826,4.15,-12.794711104264));
#3397=CARTESIAN_POINT('Origin',(9.9000001475215,4.15,-12.4000001847744));
#3398=CARTESIAN_POINT('',(9.50197333048826,4.15,-12.0052892652848));
#3399=CARTESIAN_POINT('Ctrl Pts',(9.50197333048826,4.15,-12.794711104264));
#3400=CARTESIAN_POINT('Ctrl Pts',(9.50197333048826,4.15,-12.7482206552701));
#3401=CARTESIAN_POINT('Ctrl Pts',(9.50197333048826,4.15988401353744,-12.6933146689205));
#3402=CARTESIAN_POINT('Ctrl Pts',(9.50197333048826,4.19338910068205,-12.5700757709224));
#3403=CARTESIAN_POINT('Ctrl Pts',(9.50197333048826,4.23344723711851,-12.4812219781238));
#3404=CARTESIAN_POINT('Ctrl Pts',(9.50197333048826,4.23344723711851,-12.318778391425));
#3405=CARTESIAN_POINT('Ctrl Pts',(9.50197333048826,4.19338910068205,-12.2299245986264));
#3406=CARTESIAN_POINT('Ctrl Pts',(9.50197333048826,4.15988401353744,-12.1066857006283));
#3407=CARTESIAN_POINT('Ctrl Pts',(9.50197333048826,4.15,-12.0517797142787));
#3408=CARTESIAN_POINT('Ctrl Pts',(9.50197333048826,4.15,-12.0052892652848));
#3409=CARTESIAN_POINT('Origin',(9.9000001475215,4.15,-12.4000001847744));
#3410=CARTESIAN_POINT('Origin',(9.9000001475215,4.35,-12.4000001847744));
#3411=CARTESIAN_POINT('Origin',(0.,2.5,-12.85));
#3412=CARTESIAN_POINT('',(10.35,4.15,-12.85));
#3413=CARTESIAN_POINT('',(4.96396102024403,4.15,-12.85));
#3414=CARTESIAN_POINT('',(10.35,5.,-12.85));
#3415=CARTESIAN_POINT('',(10.35,2.5,-12.85));
#3416=CARTESIAN_POINT('',(0.,5.,-12.85));
#3417=CARTESIAN_POINT('',(-10.2342488922295,4.15,-12.85));
#3418=CARTESIAN_POINT('',(-4.97120458183466,4.15,-12.85));
#3419=CARTESIAN_POINT('',(-9.56575140281351,4.15,-12.85));
#3420=CARTESIAN_POINT('Ctrl Pts',(-10.2342488922295,4.15,-12.85));
#3421=CARTESIAN_POINT('Ctrl Pts',(-10.1997475714678,4.15,-12.85));
#3422=CARTESIAN_POINT('Ctrl Pts',(-10.1585315023016,4.15391495541246,-12.85));
#3423=CARTESIAN_POINT('Ctrl Pts',(-10.0892827324708,4.16323058132213,-12.85));
#3424=CARTESIAN_POINT('Ctrl Pts',(-10.0509308661257,4.16978639999404,-12.85));
#3425=CARTESIAN_POINT('Ctrl Pts',(-9.97400857620881,4.18009055827354,-12.85));
#3426=CARTESIAN_POINT('Ctrl Pts',(-9.93537137508302,4.18333410147936,-12.85));
#3427=CARTESIAN_POINT('Ctrl Pts',(-9.86462891995997,4.18333410147936,-12.85));
#3428=CARTESIAN_POINT('Ctrl Pts',(-9.82599171883419,4.18009055827354,-12.85));
#3429=CARTESIAN_POINT('Ctrl Pts',(-9.74906942891727,4.16978639999404,-12.85));
#3430=CARTESIAN_POINT('Ctrl Pts',(-9.71071756257224,4.16323058132213,-12.85));
#3431=CARTESIAN_POINT('Ctrl Pts',(-9.64146879274137,4.15391495541246,-12.85));
#3432=CARTESIAN_POINT('Ctrl Pts',(-9.60025272357519,4.15,-12.85));
#3433=CARTESIAN_POINT('Ctrl Pts',(-9.56575140281351,4.15,-12.85));
#3434=CARTESIAN_POINT('',(-4.97120458183466,4.15,-12.85));
#3435=CARTESIAN_POINT('',(9.50197333048826,4.15,-12.85));
#3436=CARTESIAN_POINT('',(9.50197333048826,1.325,-12.85));
#3437=CARTESIAN_POINT('',(4.96396102024403,4.15,-12.85));
#3438=CARTESIAN_POINT('Origin',(9.92792204048807,4.15,-12.4258779611913));
#3439=CARTESIAN_POINT('',(10.35,4.15,-9.46293898059566));
#3440=CARTESIAN_POINT('Origin',(9.92792204048807,4.15,-12.4258779611913));
#3441=CARTESIAN_POINT('',(9.50197333048826,4.15,-11.9982456594524));
#3442=CARTESIAN_POINT('Origin',(9.92792204048807,4.15,-12.4258779611913));
#3443=CARTESIAN_POINT('',(10.35,4.15,-9.46293898059566));
#3444=CARTESIAN_POINT('Origin',(9.9000001475215,4.15,-12.4000001847744));
#3445=CARTESIAN_POINT('',(10.2605552804406,4.95,-12.4000001847744));
#3446=CARTESIAN_POINT('Origin',(9.9000001475215,4.95,-12.4000001847744));
#3447=CARTESIAN_POINT('',(10.2605552804406,4.15,-12.4000001847744));
#3448=CARTESIAN_POINT('Origin',(9.9000001475215,4.15,-12.4000001847744));
#3449=CARTESIAN_POINT('',(10.0250001475215,4.95,-12.4000001847744));
#3450=CARTESIAN_POINT('Origin',(9.9000001475215,4.95,-12.4000001847744));
#3451=CARTESIAN_POINT('',(10.0250001475215,4.15,-12.4000001847744));
#3452=CARTESIAN_POINT('',(10.0250001475215,4.15,-12.4000001847744));
#3453=CARTESIAN_POINT('Origin',(9.9000001475215,4.15,-12.4000001847744));
#3454=CARTESIAN_POINT('Origin',(9.9000001475215,4.95,-12.4000001847744));
#3455=CARTESIAN_POINT('Origin',(9.92792204048807,4.15,-12.4258779611913));
#3456=CARTESIAN_POINT('',(9.50197333048826,4.15,-11.9982456594524));
#3457=CARTESIAN_POINT('Origin',(9.9000001475215,4.35,-0.600000008940697));
#3458=CARTESIAN_POINT('',(10.278077155547,4.35,-0.600000008940697));
#3459=CARTESIAN_POINT('',(9.9000001475215,4.35,-0.221923000915156));
#3460=CARTESIAN_POINT('Origin',(9.9000001475215,4.35,-0.600000008940697));
#3461=CARTESIAN_POINT('',(9.9000001475215,4.19638918558441,-0.15));
#3462=CARTESIAN_POINT('Origin',(9.9000001475215,4.35,-0.0219230009151563));
#3463=CARTESIAN_POINT('',(10.2628679184259,4.15,-0.15));
#3464=CARTESIAN_POINT('Ctrl Pts',(10.2628679184259,4.15,-0.15));
#3465=CARTESIAN_POINT('Ctrl Pts',(10.2241777695914,4.15,-0.15));
#3466=CARTESIAN_POINT('Ctrl Pts',(10.1780711879784,4.15545517187703,-0.15));
#3467=CARTESIAN_POINT('Ctrl Pts',(10.1024070842219,4.16834891185261,-0.15));
#3468=CARTESIAN_POINT('Ctrl Pts',(10.0615103766245,4.17726262287252,-0.15));
#3469=CARTESIAN_POINT('Ctrl Pts',(9.9794039605961,4.19165686759803,-0.15));
#3470=CARTESIAN_POINT('Ctrl Pts',(9.93806483650086,4.19638918558441,-0.15));
#3471=CARTESIAN_POINT('Ctrl Pts',(9.90000014752149,4.19638918558441,-0.15));
#3472=CARTESIAN_POINT('',(10.3477591668808,4.15,-0.234370568399886));
#3473=CARTESIAN_POINT('Origin',(9.9000001475215,4.15,-0.600000008940697));
#3474=CARTESIAN_POINT('',(10.3477591668808,4.15,-0.965629449481507));
#3475=CARTESIAN_POINT('Ctrl Pts',(10.3477591668808,4.15,-0.234370568399886));
#3476=CARTESIAN_POINT('Ctrl Pts',(10.3477591668808,4.15,-0.273548866559898));
#3477=CARTESIAN_POINT('Ctrl Pts',(10.3477591668808,4.15567910897565,-0.320218556386507));
#3478=CARTESIAN_POINT('Ctrl Pts',(10.3477591668808,4.16908911538375,-0.396534367611312));
#3479=CARTESIAN_POINT('Ctrl Pts',(10.3477591668808,4.17833311886811,-0.43762717879062));
#3480=CARTESIAN_POINT('Ctrl Pts',(10.3477591668808,4.19332303171076,-0.520136442307131));
#3481=CARTESIAN_POINT('Ctrl Pts',(10.3477591668808,4.19828572305159,-0.561693267804305));
#3482=CARTESIAN_POINT('Ctrl Pts',(10.3477591668808,4.19828572305159,-0.638306750077089));
#3483=CARTESIAN_POINT('Ctrl Pts',(10.3477591668808,4.19332303171076,-0.679863575574262));
#3484=CARTESIAN_POINT('Ctrl Pts',(10.3477591668808,4.17833311886811,-0.762372839090773));
#3485=CARTESIAN_POINT('Ctrl Pts',(10.3477591668808,4.16908911538375,-0.803465650270082));
#3486=CARTESIAN_POINT('Ctrl Pts',(10.3477591668808,4.15567910897565,-0.879781461494886));
#3487=CARTESIAN_POINT('Ctrl Pts',(10.3477591668808,4.15,-0.926451151321496));
#3488=CARTESIAN_POINT('Ctrl Pts',(10.3477591668808,4.15,-0.965629449481507));
#3489=CARTESIAN_POINT('',(10.3224325204736,4.15,-0.994618707800514));
#3490=CARTESIAN_POINT('Origin',(9.9000001475215,4.15,-0.600000008940697));
#3491=CARTESIAN_POINT('Ctrl Pts',(10.3224325204736,4.15,-0.994618707800514));
#3492=CARTESIAN_POINT('Ctrl Pts',(10.295102781146,4.15,-0.994618707800514));
#3493=CARTESIAN_POINT('Ctrl Pts',(10.2653577985016,4.15319013750118,-0.994618707800514));
#3494=CARTESIAN_POINT('Ctrl Pts',(10.2068395494951,4.16506326043722,-0.994618707800514));
#3495=CARTESIAN_POINT('Ctrl Pts',(10.1780506146322,4.17366889043856,-0.994618707800514));
#3496=CARTESIAN_POINT('Ctrl Pts',(10.1304549070454,4.19048783217485,-0.994618707800514));
#3497=CARTESIAN_POINT('Ctrl Pts',(10.1047086306634,4.200922081896,-0.994618707800514));
#3498=CARTESIAN_POINT('Ctrl Pts',(10.0718934115603,4.21504976041886,-0.994618707800514));
#3499=CARTESIAN_POINT('Ctrl Pts',(10.0580919156719,4.22115683579895,-0.994618707800514));
#3500=CARTESIAN_POINT('Ctrl Pts',(10.0339132373325,4.23184541925573,-0.994618707800514));
#3501=CARTESIAN_POINT('Ctrl Pts',(10.0186902198986,4.23854172706292,-0.994618707800514));
#3502=CARTESIAN_POINT('Ctrl Pts',(9.97391965680666,4.25706678704442,-0.994618707800514));
#3503=CARTESIAN_POINT('Ctrl Pts',(9.93459305922522,4.27035674041042,-0.994618707800514));
#3504=CARTESIAN_POINT('Ctrl Pts',(9.86540723581778,4.27035674041042,-0.994618707800514));
#3505=CARTESIAN_POINT('Ctrl Pts',(9.82608063823633,4.25706678704442,-0.994618707800514));
#3506=CARTESIAN_POINT('Ctrl Pts',(9.7813100751444,4.23854172706292,-0.994618707800514));
#3507=CARTESIAN_POINT('Ctrl Pts',(9.76608705771052,4.23184541925573,-0.994618707800514));
#3508=CARTESIAN_POINT('Ctrl Pts',(9.7419083793711,4.22115683579895,-0.994618707800514));
#3509=CARTESIAN_POINT('Ctrl Pts',(9.72810688348271,4.21504976041886,-0.994618707800514));
#3510=CARTESIAN_POINT('Ctrl Pts',(9.69529166437963,4.200922081896,-0.994618707800514));
#3511=CARTESIAN_POINT('Ctrl Pts',(9.66954538799757,4.19048783217485,-0.994618707800514));
#3512=CARTESIAN_POINT('Ctrl Pts',(9.6219496804108,4.17366889043856,-0.994618707800514));
#3513=CARTESIAN_POINT('Ctrl Pts',(9.59316074554788,4.16506326043722,-0.994618707800514));
#3514=CARTESIAN_POINT('Ctrl Pts',(9.54105730564773,4.15449167707941,-0.994618707800514));
#3515=CARTESIAN_POINT('Ctrl Pts',(9.5179190655869,4.15148435817316,-0.994618707800514));
#3516=CARTESIAN_POINT('Ctrl Pts',(9.4958617468814,4.15043808418537,-0.994618707800514));
#3517=CARTESIAN_POINT('',(9.53713237661709,4.15,-0.15));
#3518=CARTESIAN_POINT('Origin',(9.9000001475215,4.15,-0.600000008940697));
#3519=CARTESIAN_POINT('Ctrl Pts',(9.9000001475215,4.19638918558441,-0.15));
#3520=CARTESIAN_POINT('Ctrl Pts',(9.86193545854213,4.19638918558441,-0.15));
#3521=CARTESIAN_POINT('Ctrl Pts',(9.82059633444689,4.19165686759803,-0.15));
#3522=CARTESIAN_POINT('Ctrl Pts',(9.73848991841854,4.17726262287252,-0.15));
#3523=CARTESIAN_POINT('Ctrl Pts',(9.69759321082109,4.16834891185261,-0.15));
#3524=CARTESIAN_POINT('Ctrl Pts',(9.62192910706459,4.15545517187703,-0.15));
#3525=CARTESIAN_POINT('Ctrl Pts',(9.57582252545159,4.15,-0.15));
#3526=CARTESIAN_POINT('Ctrl Pts',(9.53713237661709,4.15,-0.15));
#3527=CARTESIAN_POINT('Origin',(9.9000001475215,4.35,-0.600000008940697));
#3528=CARTESIAN_POINT('Origin',(9.92181045688096,4.15,-0.566986406061578));
#3529=CARTESIAN_POINT('',(10.3477591668808,4.15,-0.994618707800514));
#3530=CARTESIAN_POINT('',(10.3477591668808,4.15,-0.994618707800514));
#3531=CARTESIAN_POINT('',(9.49586174688115,4.15,-0.994618707800514));
#3532=CARTESIAN_POINT('Origin',(9.92181045688096,4.15,-0.566986406061578));
#3533=CARTESIAN_POINT('',(10.3477591668808,4.15,-0.15));
#3534=CARTESIAN_POINT('',(4.96090522844048,4.15,-0.15));
#3535=CARTESIAN_POINT('',(10.3477591668808,4.15,-0.994618707800514));
#3536=CARTESIAN_POINT('Origin',(9.9000001475215,4.15,-0.600000008940697));
#3537=CARTESIAN_POINT('',(10.278077155547,4.95,-0.600000008940697));
#3538=CARTESIAN_POINT('Origin',(9.9000001475215,4.95,-0.600000008940697));
#3539=CARTESIAN_POINT('',(10.278077155547,4.15,-0.600000008940697));
#3540=CARTESIAN_POINT('Origin',(9.9000001475215,4.15,-0.600000008940697));
#3541=CARTESIAN_POINT('',(10.0250001475215,4.95,-0.600000008940697));
#3542=CARTESIAN_POINT('Origin',(9.9000001475215,4.95,-0.600000008940697));
#3543=CARTESIAN_POINT('',(10.0250001475215,4.15,-0.600000008940697));
#3544=CARTESIAN_POINT('',(10.0250001475215,4.15,-0.600000008940697));
#3545=CARTESIAN_POINT('Origin',(9.9000001475215,4.15,-0.600000008940697));
#3546=CARTESIAN_POINT('Origin',(9.9000001475215,4.95,-0.600000008940697));
#3547=CARTESIAN_POINT('Origin',(9.92181045688096,4.15,-0.566986406061578));
#3548=CARTESIAN_POINT('',(4.96090522844048,4.15,-0.15));
#3549=CARTESIAN_POINT('Origin',(-9.93619402560815,4.35,-0.580576292451634));
#3550=CARTESIAN_POINT('',(-9.55107491975266,4.35,-0.580576292451634));
#3551=CARTESIAN_POINT('',(-9.93619402560815,4.35,-0.195457186596148));
#3552=CARTESIAN_POINT('Origin',(-9.93619402560815,4.35,-0.580576292451634));
#3553=CARTESIAN_POINT('',(-9.93619402560815,4.22304914799332,-0.15));
#3554=CARTESIAN_POINT('Origin',(-9.93619402560815,4.35,0.00454281340385165));
#3555=CARTESIAN_POINT('',(-9.54000161728142,4.15,-0.15));
#3556=CARTESIAN_POINT('Ctrl Pts',(-9.54000161728142,4.15,-0.15));
#3557=CARTESIAN_POINT('Ctrl Pts',(-9.58520369745476,4.15,-0.15));
#3558=CARTESIAN_POINT('Ctrl Pts',(-9.63875342347842,4.1586414835339,-0.15));
#3559=CARTESIAN_POINT('Ctrl Pts',(-9.76235672325617,4.18828174186286,-0.15));
#3560=CARTESIAN_POINT('Ctrl Pts',(-9.85428858975763,4.22304914799332,-0.15));
#3561=CARTESIAN_POINT('Ctrl Pts',(-9.93619402560815,4.22304914799332,-0.15));
#3562=CARTESIAN_POINT('',(-9.52238805121629,4.15,-0.166898901729428));
#3563=CARTESIAN_POINT('Origin',(-9.93619402560815,4.15,-0.580576292451634));
#3564=CARTESIAN_POINT('',(-9.52238805121629,4.1500115336137,-0.991210054302055));
#3565=CARTESIAN_POINT('Ctrl Pts',(-9.52238805121629,4.15,-0.166898901729428));
#3566=CARTESIAN_POINT('Ctrl Pts',(-9.52238805121629,4.15,-0.217088431654036));
#3567=CARTESIAN_POINT('Ctrl Pts',(-9.52238805121629,4.16156069035703,-0.276195914045906));
#3568=CARTESIAN_POINT('Ctrl Pts',(-9.52238805121629,4.187953046836,-0.364914775355583));
#3569=CARTESIAN_POINT('Ctrl Pts',(-9.52238805121629,4.20459880176551,-0.408174439212807));
#3570=CARTESIAN_POINT('Ctrl Pts',(-9.52238805121629,4.23454884015173,-0.494637419829005));
#3571=CARTESIAN_POINT('Ctrl Pts',(-9.52238805121629,4.24679238890409,-0.538204530074338));
#3572=CARTESIAN_POINT('Ctrl Pts',(-9.52238805121629,4.24679238890409,-0.62294805482893));
#3573=CARTESIAN_POINT('Ctrl Pts',(-9.52238805121629,4.23454884015173,-0.666515165074262));
#3574=CARTESIAN_POINT('Ctrl Pts',(-9.52238805121629,4.20459880176551,-0.752978145690461));
#3575=CARTESIAN_POINT('Ctrl Pts',(-9.52238805121629,4.187953046836,-0.796237809547685));
#3576=CARTESIAN_POINT('Ctrl Pts',(-9.52238805121629,4.16184895248514,-0.883987667282962));
#3577=CARTESIAN_POINT('Ctrl Pts',(-9.52238805121629,4.15038617763667,-0.941686728532106));
#3578=CARTESIAN_POINT('Ctrl Pts',(-9.52238805121629,4.1500115336137,-0.991210054302058));
#3579=CARTESIAN_POINT('Ctrl Pts',(-9.52238805121629,4.1500115336137,-0.991210054302055));
#3580=CARTESIAN_POINT('Ctrl Pts',(-9.57302565542994,4.15039756645989,-0.991210054302055));
#3581=CARTESIAN_POINT('Ctrl Pts',(-9.63195911646187,4.16254419161686,-0.991210054302055));
#3582=CARTESIAN_POINT('Ctrl Pts',(-9.72071357282861,4.19007531412121,-0.991210054302055));
#3583=CARTESIAN_POINT('Ctrl Pts',(-9.76394886749467,4.20741859636314,-0.991210054302055));
#3584=CARTESIAN_POINT('Ctrl Pts',(-9.85020475652359,4.23897576657845,-0.991210054302055));
#3585=CARTESIAN_POINT('Ctrl Pts',(-9.89356586866529,4.25225101162961,-0.991210054302055));
#3586=CARTESIAN_POINT('Ctrl Pts',(-9.978822182551,4.25225101162961,-0.991210054302055));
#3587=CARTESIAN_POINT('Ctrl Pts',(-10.0221832946927,4.23897576657845,-0.991210054302055));
#3588=CARTESIAN_POINT('Ctrl Pts',(-10.1084391837216,4.20741859636314,-0.991210054302055));
#3589=CARTESIAN_POINT('Ctrl Pts',(-10.1516744783877,4.19007531412121,-0.991210054302055));
#3590=CARTESIAN_POINT('Ctrl Pts',(-10.2404289347544,4.16254419161686,-0.991210054302055));
#3591=CARTESIAN_POINT('Ctrl Pts',(-10.2993623957864,4.15039756645988,-0.991210054302055));
#3592=CARTESIAN_POINT('Ctrl Pts',(-10.35,4.1500115336137,-0.991210054302055));
#3593=CARTESIAN_POINT('',(-10.3323864339349,4.15,-0.15));
#3594=CARTESIAN_POINT('Origin',(-9.93619402560815,4.15,-0.580576292451634));
#3595=CARTESIAN_POINT('Ctrl Pts',(-9.93619402560815,4.22304914799332,-0.15));
#3596=CARTESIAN_POINT('Ctrl Pts',(-10.0180994614587,4.22304914799332,-0.15));
#3597=CARTESIAN_POINT('Ctrl Pts',(-10.1100313279601,4.18828174186286,-0.15));
#3598=CARTESIAN_POINT('Ctrl Pts',(-10.2336346277379,4.1586414835339,-0.15));
#3599=CARTESIAN_POINT('Ctrl Pts',(-10.2871843537615,4.15,-0.15));
#3600=CARTESIAN_POINT('Ctrl Pts',(-10.3323864339349,4.15,-0.15));
#3601=CARTESIAN_POINT('Origin',(-9.93619402560815,4.35,-0.580576292451634));
#3602=CARTESIAN_POINT('Origin',(0.,2.5,-0.15));
#3603=CARTESIAN_POINT('',(-9.52238805121629,4.15,-0.15));
#3604=CARTESIAN_POINT('',(-9.52238805121629,1.325,-0.15));
#3605=CARTESIAN_POINT('',(-4.97416838060805,4.15,-0.15));
#3606=CARTESIAN_POINT('',(-4.97416838060805,4.15,-0.15));
#3607=CARTESIAN_POINT('',(10.35,5.,-0.15));
#3608=CARTESIAN_POINT('',(0.,5.,-0.15));
#3609=CARTESIAN_POINT('',(10.35,2.5,-0.15));
#3610=CARTESIAN_POINT('',(10.3477591668808,1.325,-0.15));
#3611=CARTESIAN_POINT('Origin',(-9.9483367612161,4.15,-0.563577752563119));
#3612=CARTESIAN_POINT('Origin',(-9.9483367612161,4.15,-0.563577752563119));
#3613=CARTESIAN_POINT('',(-9.52238805121629,4.15,-0.991210054302055));
#3614=CARTESIAN_POINT('Origin',(-9.93619402560815,4.15,-0.580576292451634));
#3615=CARTESIAN_POINT('',(-9.55107491975266,4.95,-0.580576292451634));
#3616=CARTESIAN_POINT('Origin',(-9.93619402560815,4.95,-0.580576292451634));
#3617=CARTESIAN_POINT('',(-9.55107491975266,4.15,-0.580576292451634));
#3618=CARTESIAN_POINT('Origin',(-9.93619402560815,4.15,-0.580576292451634));
#3619=CARTESIAN_POINT('',(-9.81119402560815,4.95,-0.580576292451634));
#3620=CARTESIAN_POINT('Origin',(-9.93619402560815,4.95,-0.580576292451634));
#3621=CARTESIAN_POINT('',(-9.81119402560815,4.15,-0.580576292451634));
#3622=CARTESIAN_POINT('',(-9.81119402560815,4.15,-0.580576292451634));
#3623=CARTESIAN_POINT('Origin',(-9.93619402560815,4.15,-0.580576292451634));
#3624=CARTESIAN_POINT('Origin',(-9.93619402560815,4.95,-0.580576292451634));
#3625=CARTESIAN_POINT('Origin',(-9.9000001475215,4.35,-12.4000001847744));
#3626=CARTESIAN_POINT('',(-9.53944501460241,4.35,-12.4000001847744));
#3627=CARTESIAN_POINT('',(-9.9000001475215,4.35,-12.0394450518553));
#3628=CARTESIAN_POINT('Origin',(-9.9000001475215,4.35,-12.4000001847744));
#3629=CARTESIAN_POINT('Origin',(-9.9000001475215,4.35,-11.8394450518553));
#3630=CARTESIAN_POINT('Origin',(-9.9000001475215,4.15,-12.4000001847744));
#3631=CARTESIAN_POINT('Origin',(-9.9000001475215,4.15,-12.4000001847744));
#3632=CARTESIAN_POINT('Origin',(-9.9000001475215,4.15,-12.4000001847744));
#3633=CARTESIAN_POINT('Origin',(-9.9000001475215,4.35,-12.4000001847744));
#3634=CARTESIAN_POINT('Origin',(-9.94240916366932,4.15,-12.436483986278));
#3635=CARTESIAN_POINT('Origin',(-9.94240916366932,4.15,-12.436483986278));
#3636=CARTESIAN_POINT('Origin',(-9.94240916366932,4.15,-12.436483986278));
#3637=CARTESIAN_POINT('Origin',(-9.9000001475215,4.15,-12.4000001847744));
#3638=CARTESIAN_POINT('',(-9.53944501460241,4.95,-12.4000001847744));
#3639=CARTESIAN_POINT('Origin',(-9.9000001475215,4.95,-12.4000001847744));
#3640=CARTESIAN_POINT('',(-9.53944501460241,4.15,-12.4000001847744));
#3641=CARTESIAN_POINT('Origin',(-9.9000001475215,4.15,-12.4000001847744));
#3642=CARTESIAN_POINT('',(-9.7750001475215,4.95,-12.4000001847744));
#3643=CARTESIAN_POINT('Origin',(-9.9000001475215,4.95,-12.4000001847744));
#3644=CARTESIAN_POINT('',(-9.7750001475215,4.15,-12.4000001847744));
#3645=CARTESIAN_POINT('',(-9.7750001475215,4.15,-12.4000001847744));
#3646=CARTESIAN_POINT('Origin',(-9.9000001475215,4.15,-12.4000001847744));
#3647=CARTESIAN_POINT('Origin',(-9.9000001475215,4.95,-12.4000001847744));
#3648=CARTESIAN_POINT('Origin',(9.92792204048807,4.15,-12.4258779611913));
#3649=CARTESIAN_POINT('Origin',(9.50197333048826,0.15,-11.9982456594524));
#3650=CARTESIAN_POINT('',(9.50197333048826,0.,-11.9982456594524));
#3651=CARTESIAN_POINT('',(10.3538707504879,0.,-11.9982456594524));
#3652=CARTESIAN_POINT('',(4.75098666524413,0.,-11.9982456594524));
#3653=CARTESIAN_POINT('',(9.50197333048826,-0.35,-11.9982456594524));
#3654=CARTESIAN_POINT('',(9.50197333048826,0.15,-11.9982456594524));
#3655=CARTESIAN_POINT('',(10.3538707504879,-0.35,-11.9982456594524));
#3656=CARTESIAN_POINT('',(10.3538707504879,-0.35,-11.9982456594524));
#3657=CARTESIAN_POINT('',(10.3538707504879,0.15,-11.9982456594524));
#3658=CARTESIAN_POINT('Origin',(9.50197333048826,0.15,-12.8535102629302));
#3659=CARTESIAN_POINT('',(9.50197333048826,0.,-12.8535102629302));
#3660=CARTESIAN_POINT('',(9.50197333048826,0.,-9.67675513146512));
#3661=CARTESIAN_POINT('',(9.50197333048826,-0.35,-12.8535102629302));
#3662=CARTESIAN_POINT('',(9.50197333048826,0.15,-12.8535102629302));
#3663=CARTESIAN_POINT('',(9.50197333048826,-0.35,-11.9982456594524));
#3664=CARTESIAN_POINT('Origin',(9.50197333048826,0.15,-12.8535102629302));
#3665=CARTESIAN_POINT('Origin',(9.92792204048807,-0.35,-12.4258779611913));
#3666=CARTESIAN_POINT('',(10.3538707504879,-0.35,-12.8535102629302));
#3667=CARTESIAN_POINT('',(9.50197333048826,-0.35,-12.8535102629302));
#3668=CARTESIAN_POINT('',(10.3538707504879,-0.35,-12.8535102629302));
#3669=CARTESIAN_POINT('Origin',(10.3538707504879,0.15,-12.8535102629302));
#3670=CARTESIAN_POINT('',(10.3538707504879,0.,-12.8535102629302));
#3671=CARTESIAN_POINT('',(5.17693537524394,0.,-12.8535102629302));
#3672=CARTESIAN_POINT('',(10.3538707504879,0.15,-12.8535102629302));
#3673=CARTESIAN_POINT('Origin',(10.3538707504879,0.15,-11.9982456594524));
#3674=CARTESIAN_POINT('',(10.3538707504879,0.,-9.24912282972619));
#3675=CARTESIAN_POINT('Origin',(10.35,2.5,-6.5));
#3676=CARTESIAN_POINT('',(10.35,5.,-6.5));
#3677=CARTESIAN_POINT('Origin',(0.,0.15,-6.5));
#3678=CARTESIAN_POINT('Origin',(9.49586174688115,0.15,-0.139354104322642));
#3679=CARTESIAN_POINT('',(9.49586174688115,0.,-0.139354104322642));
#3680=CARTESIAN_POINT('',(10.3477591668808,0.,-0.139354104322642));
#3681=CARTESIAN_POINT('',(4.74793087344058,0.,-0.139354104322642));
#3682=CARTESIAN_POINT('',(9.49586174688115,-0.35,-0.139354104322642));
#3683=CARTESIAN_POINT('',(9.49586174688115,0.15,-0.139354104322642));
#3684=CARTESIAN_POINT('',(10.3477591668808,-0.35,-0.139354104322642));
#3685=CARTESIAN_POINT('',(10.3477591668808,-0.35,-0.139354104322642));
#3686=CARTESIAN_POINT('',(10.3477591668808,0.15,-0.139354104322642));
#3687=CARTESIAN_POINT('Origin',(10.3477591668808,0.15,-0.139354104322642));
#3688=CARTESIAN_POINT('',(10.3477591668808,0.15,-0.994618707800514));
#3689=CARTESIAN_POINT('Origin',(10.3477591668808,0.15,-0.139354104322642));
#3690=CARTESIAN_POINT('',(10.3477591668808,0.,-0.994618707800514));
#3691=CARTESIAN_POINT('',(10.3477591668808,0.,-3.31967705216132));
#3692=CARTESIAN_POINT('',(10.3477591668808,-0.35,-0.994618707800514));
#3693=CARTESIAN_POINT('',(10.3477591668808,-0.35,-0.994618707800514));
#3694=CARTESIAN_POINT('',(10.3477591668808,0.15,-0.994618707800514));
#3695=CARTESIAN_POINT('Origin',(10.3477591668808,0.15,-0.994618707800514));
#3696=CARTESIAN_POINT('Origin',(9.92181045688096,-0.35,-0.566986406061578));
#3697=CARTESIAN_POINT('',(9.49586174688115,-0.35,-0.994618707800514));
#3698=CARTESIAN_POINT('',(9.49586174688115,-0.35,-0.139354104322642));
#3699=CARTESIAN_POINT('',(9.49586174688115,-0.35,-0.994618707800514));
#3700=CARTESIAN_POINT('Origin',(9.49586174688115,0.15,-0.994618707800514));
#3701=CARTESIAN_POINT('',(9.49586174688115,0.,-0.994618707800514));
#3702=CARTESIAN_POINT('',(9.49586174688115,0.,-3.74730935390026));
#3703=CARTESIAN_POINT('',(9.49586174688115,0.15,-0.994618707800514));
#3704=CARTESIAN_POINT('Origin',(10.3477591668808,0.15,-0.994618707800514));
#3705=CARTESIAN_POINT('',(5.17387958344038,0.,-0.994618707800514));
#3706=CARTESIAN_POINT('Origin',(9.92181045688096,4.15,-0.566986406061578));
#3707=CARTESIAN_POINT('Origin',(-9.94240916366932,4.15,-12.436483986278));
#3708=CARTESIAN_POINT('Origin',(-9.51646045366952,0.15,-12.008851684539));
#3709=CARTESIAN_POINT('',(-9.51646045366952,0.,-12.008851684539));
#3710=CARTESIAN_POINT('',(-9.51646045366952,0.,-12.8641162880169));
#3711=CARTESIAN_POINT('',(-9.51646045366952,0.,-9.25442584226952));
#3712=CARTESIAN_POINT('',(-9.51646045366952,-0.35,-12.008851684539));
#3713=CARTESIAN_POINT('',(-9.51646045366952,0.15,-12.008851684539));
#3714=CARTESIAN_POINT('',(-9.51646045366952,-0.35,-12.8641162880169));
#3715=CARTESIAN_POINT('',(-9.51646045366952,-0.35,-12.8641162880169));
#3716=CARTESIAN_POINT('',(-9.51646045366952,0.15,-12.8641162880169));
#3717=CARTESIAN_POINT('Origin',(-10.3683578736691,0.15,-12.008851684539));
#3718=CARTESIAN_POINT('',(-10.3683578736691,0.,-12.008851684539));
#3719=CARTESIAN_POINT('',(-5.18417893683456,0.,-12.008851684539));
#3720=CARTESIAN_POINT('',(-10.3683578736691,-0.35,-12.008851684539));
#3721=CARTESIAN_POINT('',(-10.3683578736691,0.15,-12.008851684539));
#3722=CARTESIAN_POINT('',(-9.51646045366952,-0.35,-12.008851684539));
#3723=CARTESIAN_POINT('Origin',(-9.94240916366932,-0.35,-12.436483986278));
#3724=CARTESIAN_POINT('',(-10.3683578736691,-0.35,-12.8641162880169));
#3725=CARTESIAN_POINT('',(-10.3683578736691,-0.35,-12.008851684539));
#3726=CARTESIAN_POINT('',(-10.3683578736691,-0.35,-12.8641162880169));
#3727=CARTESIAN_POINT('Origin',(-10.3683578736691,0.15,-12.8641162880169));
#3728=CARTESIAN_POINT('',(-10.3683578736691,0.,-12.8641162880169));
#3729=CARTESIAN_POINT('',(-10.3683578736691,0.,-9.68205814400846));
#3730=CARTESIAN_POINT('',(-10.3683578736691,0.15,-12.8641162880169));
#3731=CARTESIAN_POINT('Origin',(-9.51646045366952,0.15,-12.8641162880169));
#3732=CARTESIAN_POINT('',(-4.75823022683476,0.,-12.8641162880169));
#3733=CARTESIAN_POINT('Origin',(-10.3742854712159,0.15,-0.135945450824183));
#3734=CARTESIAN_POINT('',(-10.3742854712159,0.,-0.135945450824183));
#3735=CARTESIAN_POINT('',(-9.52238805121629,0.,-0.135945450824183));
#3736=CARTESIAN_POINT('',(-5.18714273560795,0.,-0.135945450824183));
#3737=CARTESIAN_POINT('',(-10.3742854712159,-0.35,-0.135945450824183));
#3738=CARTESIAN_POINT('',(-10.3742854712159,0.15,-0.135945450824183));
#3739=CARTESIAN_POINT('',(-9.52238805121629,-0.35,-0.135945450824183));
#3740=CARTESIAN_POINT('',(-9.52238805121629,-0.35,-0.135945450824183));
#3741=CARTESIAN_POINT('',(-9.52238805121629,0.15,-0.135945450824183));
#3742=CARTESIAN_POINT('Origin',(-9.52238805121629,0.15,-0.135945450824183));
#3743=CARTESIAN_POINT('',(-9.52238805121629,0.15,-0.991210054302055));
#3744=CARTESIAN_POINT('Origin',(-9.52238805121629,0.15,-0.135945450824183));
#3745=CARTESIAN_POINT('',(-9.52238805121629,0.,-0.991210054302055));
#3746=CARTESIAN_POINT('',(-9.52238805121629,0.,-3.31797272541209));
#3747=CARTESIAN_POINT('',(-9.52238805121629,-0.35,-0.991210054302055));
#3748=CARTESIAN_POINT('',(-9.52238805121629,-0.35,-0.991210054302055));
#3749=CARTESIAN_POINT('',(-9.52238805121629,0.15,-0.991210054302055));
#3750=CARTESIAN_POINT('Origin',(-9.52238805121629,0.15,-0.991210054302055));
#3751=CARTESIAN_POINT('Origin',(-9.9483367612161,-0.35,-0.563577752563119));
#3752=CARTESIAN_POINT('',(-10.3742854712159,-0.35,-0.991210054302055));
#3753=CARTESIAN_POINT('',(-10.3742854712159,-0.35,-0.135945450824183));
#3754=CARTESIAN_POINT('',(-10.3742854712159,-0.35,-0.991210054302055));
#3755=CARTESIAN_POINT('Origin',(-10.3742854712159,0.15,-0.991210054302055));
#3756=CARTESIAN_POINT('',(-10.3742854712159,0.,-0.991210054302055));
#3757=CARTESIAN_POINT('',(-10.3742854712159,0.,-3.74560502715103));
#3758=CARTESIAN_POINT('',(-10.3742854712159,0.15,-0.991210054302055));
#3759=CARTESIAN_POINT('Origin',(-9.52238805121629,0.15,-0.991210054302055));
#3760=CARTESIAN_POINT('',(-4.76119402560815,0.,-0.991210054302055));
#3761=CARTESIAN_POINT('Origin',(-9.9483367612161,4.15,-0.563577752563119));
#3762=CARTESIAN_POINT('Origin',(0.,5.,-6.5));
#3763=CARTESIAN_POINT('',(10.5,5.,-13.));
#3764=CARTESIAN_POINT('',(-10.5,5.,-13.));
#3765=CARTESIAN_POINT('',(0.,5.,-13.));
#3766=CARTESIAN_POINT('',(-10.5,5.,0.));
#3767=CARTESIAN_POINT('',(-10.5,5.,-6.5));
#3768=CARTESIAN_POINT('',(10.5,5.,0.));
#3769=CARTESIAN_POINT('',(0.,5.,0.));
#3770=CARTESIAN_POINT('',(10.5,5.,-6.5));
#3771=CARTESIAN_POINT('Origin',(0.,0.,-6.5));
#3772=CARTESIAN_POINT('',(-10.5,0.,-13.));
#3773=CARTESIAN_POINT('',(10.5,0.,-13.));
#3774=CARTESIAN_POINT('',(0.,0.,-13.));
#3775=CARTESIAN_POINT('',(10.5,0.,0.));
#3776=CARTESIAN_POINT('',(10.5,0.,-6.5));
#3777=CARTESIAN_POINT('',(-10.5,0.,0.));
#3778=CARTESIAN_POINT('',(0.,0.,0.));
#3779=CARTESIAN_POINT('',(-10.5,0.,-6.5));
#3780=CARTESIAN_POINT('Origin',(10.5,2.5,-6.5));
#3781=CARTESIAN_POINT('',(10.5,2.5,0.));
#3782=CARTESIAN_POINT('',(10.5,2.5,-13.));
#3783=CARTESIAN_POINT('Origin',(0.,2.5,0.));
#3784=CARTESIAN_POINT('',(-10.5,2.5,0.));
#3785=CARTESIAN_POINT('Origin',(-10.5,2.5,-6.5));
#3786=CARTESIAN_POINT('',(-10.5,2.5,-13.));
#3787=CARTESIAN_POINT('Origin',(0.,2.5,-13.));
#3788=UNCERTAINTY_MEASURE_WITH_UNIT(LENGTH_MEASURE(0.001),#3792,
'DISTANCE_ACCURACY_VALUE',
'Maximum model space distance between geometric entities at asserted c
onnectivities');
#3789=UNCERTAINTY_MEASURE_WITH_UNIT(LENGTH_MEASURE(0.001),#3792,
'DISTANCE_ACCURACY_VALUE',
'Maximum model space distance between geometric entities at asserted c
onnectivities');
#3790=(
GEOMETRIC_REPRESENTATION_CONTEXT(3)
GLOBAL_UNCERTAINTY_ASSIGNED_CONTEXT((#3788))
GLOBAL_UNIT_ASSIGNED_CONTEXT((#3792,#3794,#3795))
REPRESENTATION_CONTEXT('','3D')
);
#3791=(
GEOMETRIC_REPRESENTATION_CONTEXT(3)
GLOBAL_UNCERTAINTY_ASSIGNED_CONTEXT((#3789))
GLOBAL_UNIT_ASSIGNED_CONTEXT((#3792,#3794,#3795))
REPRESENTATION_CONTEXT('','3D')
);
#3792=(
LENGTH_UNIT()
NAMED_UNIT(*)
SI_UNIT(.CENTI.,.METRE.)
);
#3793=(
LENGTH_UNIT()
NAMED_UNIT(*)
SI_UNIT($,.METRE.)
);
#3794=(
NAMED_UNIT(*)
PLANE_ANGLE_UNIT()
SI_UNIT($,.RADIAN.)
);
#3795=(
NAMED_UNIT(*)
SI_UNIT($,.STERADIAN.)
SOLID_ANGLE_UNIT()
);
#3796=SHAPE_DEFINITION_REPRESENTATION(#3797,#3798);
#3797=PRODUCT_DEFINITION_SHAPE('',$,#3800);
#3798=SHAPE_REPRESENTATION('',(#2080),#3790);
#3799=PRODUCT_DEFINITION_CONTEXT('part definition',#3804,'design');
#3800=PRODUCT_DEFINITION('2026-08-05-16-19-04-853','FusionComponent',#3801,
#3799);
#3801=PRODUCT_DEFINITION_FORMATION('',$,#3806);
#3802=PRODUCT_RELATED_PRODUCT_CATEGORY('FusionComponent',
'FusionComponent',(#3806));
#3803=APPLICATION_PROTOCOL_DEFINITION('international standard',
'automotive_design',2009,#3804);
#3804=APPLICATION_CONTEXT(
'Core Data for Automotive Mechanical Design Process');
#3805=PRODUCT_CONTEXT('part definition',#3804,'mechanical');
#3806=PRODUCT('2026-08-05-16-19-04-853','FusionComponent',$,(#3805));
#3807=PRESENTATION_STYLE_ASSIGNMENT((#3809));
#3808=PRESENTATION_STYLE_ASSIGNMENT((#3810));
#3809=SURFACE_STYLE_USAGE(.BOTH.,#3811);
#3810=SURFACE_STYLE_USAGE(.BOTH.,#3812);
#3811=SURFACE_SIDE_STYLE('',(#3813));
#3812=SURFACE_SIDE_STYLE('',(#3814));
#3813=SURFACE_STYLE_FILL_AREA(#3815);
#3814=SURFACE_STYLE_FILL_AREA(#3816);
#3815=FILL_AREA_STYLE('Plastic - Glossy (White)',(#3817));
#3816=FILL_AREA_STYLE('Plastic - Glossy (Black)',(#3818));
#3817=FILL_AREA_STYLE_COLOUR('Plastic - Glossy (White)',#3819);
#3818=FILL_AREA_STYLE_COLOUR('Plastic - Glossy (Black)',#3820);
#3819=COLOUR_RGB('Plastic - Glossy (White)',0.964705882352941,0.964705882352941,
0.952941176470588);
#3820=COLOUR_RGB('Plastic - Glossy (Black)',0.0980392156862745,0.0980392156862745,
0.0980392156862745);
ENDSEC;
END-ISO-10303-21;
