ISO-10303-21;
HEADER;
/* Generated by software containing ST-Developer
 * from STEP Tools, Inc. (www.steptools.com) 
 */

FILE_DESCRIPTION(
/* description */ (''),
/* implementation_level */ '2;1');

FILE_NAME(
/* name */ 'RetroCom Case Top.step',
/* time_stamp */ '2026-08-05T16:23:53+03:00',
/* author */ (''),
/* organization */ (''),
/* preprocessor_version */ 'ST-DEVELOPER v20.1',
/* originating_system */ 'Autodesk Translation Framework v15.8.0.0',
/* authorisation */ '');

FILE_SCHEMA (('AUTOMOTIVE_DESIGN { 1 0 10303 214 3 1 1 }'));
ENDSEC;

DATA;
#10=MECHANICAL_DESIGN_GEOMETRIC_PRESENTATION_REPRESENTATION('',(#13),#12088);
#11=SHAPE_REPRESENTATION_RELATIONSHIP('SRR','None',#12095,#12);
#12=ADVANCED_BREP_SHAPE_REPRESENTATION('',(#14),#12087);
#13=STYLED_ITEM('',(#12104),#14);
#14=MANIFOLD_SOLID_BREP('Body1',#6680);
#15=CIRCLE('',#6750,0.125);
#16=CIRCLE('',#6751,0.125);
#17=CIRCLE('',#6753,0.125);
#18=CIRCLE('',#6754,0.125);
#19=CIRCLE('',#6756,0.125);
#20=CIRCLE('',#6757,0.125);
#21=CIRCLE('',#6759,0.125);
#22=CIRCLE('',#6760,0.125);
#23=CIRCLE('',#6892,0.749999999999999);
#24=CIRCLE('',#6893,0.749999999999999);
#25=CIRCLE('',#6895,0.749999999999999);
#26=CIRCLE('',#6896,0.749999999999999);
#27=CIRCLE('',#6898,0.3);
#28=CIRCLE('',#6899,0.3);
#29=CIRCLE('',#6901,0.300000000000001);
#30=CIRCLE('',#6902,0.300000000000001);
#31=CIRCLE('',#6904,0.300000000000001);
#32=CIRCLE('',#6905,0.300000000000001);
#33=CIRCLE('',#6907,0.300000000000001);
#34=CIRCLE('',#6908,0.300000000000001);
#35=CIRCLE('',#6910,0.300000000000001);
#36=CIRCLE('',#6911,0.300000000000001);
#37=CIRCLE('',#6913,0.300000000000001);
#38=CIRCLE('',#6914,0.300000000000001);
#39=CIRCLE('',#6916,0.300000000000001);
#40=CIRCLE('',#6917,0.300000000000001);
#41=CIRCLE('',#6919,0.449999999999999);
#42=CIRCLE('',#6920,0.449999999999999);
#43=CIRCLE('',#6922,0.449999999999999);
#44=CIRCLE('',#6923,0.449999999999999);
#45=CIRCLE('',#6925,0.449999999999999);
#46=CIRCLE('',#6926,0.449999999999999);
#47=CIRCLE('',#6932,0.449999999999999);
#48=CIRCLE('',#6933,0.449999999999999);
#49=CYLINDRICAL_SURFACE('',#6749,0.125);
#50=CYLINDRICAL_SURFACE('',#6752,0.125);
#51=CYLINDRICAL_SURFACE('',#6755,0.125);
#52=CYLINDRICAL_SURFACE('',#6758,0.125);
#53=CYLINDRICAL_SURFACE('',#6891,0.749999999999999);
#54=CYLINDRICAL_SURFACE('',#6894,0.749999999999999);
#55=CYLINDRICAL_SURFACE('',#6897,0.3);
#56=CYLINDRICAL_SURFACE('',#6900,0.300000000000001);
#57=CYLINDRICAL_SURFACE('',#6903,0.300000000000001);
#58=CYLINDRICAL_SURFACE('',#6906,0.300000000000001);
#59=CYLINDRICAL_SURFACE('',#6909,0.300000000000001);
#60=CYLINDRICAL_SURFACE('',#6912,0.300000000000001);
#61=CYLINDRICAL_SURFACE('',#6915,0.300000000000001);
#62=CYLINDRICAL_SURFACE('',#6918,0.449999999999999);
#63=CYLINDRICAL_SURFACE('',#6921,0.449999999999999);
#64=CYLINDRICAL_SURFACE('',#6924,0.449999999999999);
#65=CYLINDRICAL_SURFACE('',#6931,0.449999999999999);
#66=FACE_BOUND('',#897,.T.);
#67=FACE_BOUND('',#992,.T.);
#68=FACE_BOUND('',#1013,.T.);
#69=FACE_BOUND('',#1050,.T.);
#70=FACE_BOUND('',#1204,.T.);
#71=FACE_BOUND('',#1205,.T.);
#72=FACE_BOUND('',#1206,.T.);
#73=FACE_BOUND('',#1207,.T.);
#74=FACE_BOUND('',#1208,.T.);
#75=FACE_BOUND('',#1209,.T.);
#76=FACE_BOUND('',#1210,.T.);
#77=FACE_BOUND('',#1211,.T.);
#78=FACE_BOUND('',#1212,.T.);
#79=FACE_BOUND('',#1213,.T.);
#80=FACE_BOUND('',#1214,.T.);
#81=FACE_BOUND('',#1215,.T.);
#82=FACE_BOUND('',#1216,.T.);
#83=FACE_BOUND('',#1217,.T.);
#84=FACE_BOUND('',#1218,.T.);
#85=FACE_BOUND('',#1219,.T.);
#86=FACE_BOUND('',#1220,.T.);
#87=FACE_BOUND('',#1221,.T.);
#88=FACE_BOUND('',#1222,.T.);
#89=FACE_BOUND('',#1223,.T.);
#90=FACE_BOUND('',#1224,.T.);
#91=FACE_BOUND('',#1225,.T.);
#92=FACE_BOUND('',#1226,.T.);
#93=FACE_BOUND('',#1227,.T.);
#94=FACE_BOUND('',#1228,.T.);
#95=FACE_BOUND('',#1229,.T.);
#96=FACE_BOUND('',#1230,.T.);
#97=FACE_BOUND('',#1231,.T.);
#98=FACE_BOUND('',#1232,.T.);
#99=FACE_BOUND('',#1233,.T.);
#100=FACE_BOUND('',#1234,.T.);
#101=FACE_BOUND('',#1235,.T.);
#102=FACE_BOUND('',#1236,.T.);
#103=FACE_BOUND('',#1237,.T.);
#104=FACE_BOUND('',#1238,.T.);
#105=FACE_BOUND('',#1239,.T.);
#106=FACE_BOUND('',#1240,.T.);
#107=FACE_BOUND('',#1241,.T.);
#108=FACE_BOUND('',#1242,.T.);
#109=FACE_BOUND('',#1243,.T.);
#110=FACE_BOUND('',#1244,.T.);
#111=FACE_BOUND('',#1245,.T.);
#112=FACE_BOUND('',#1246,.T.);
#113=FACE_BOUND('',#1247,.T.);
#114=FACE_BOUND('',#1248,.T.);
#115=FACE_BOUND('',#1249,.T.);
#116=FACE_BOUND('',#1250,.T.);
#117=FACE_BOUND('',#1251,.T.);
#118=FACE_BOUND('',#1252,.T.);
#119=FACE_BOUND('',#1253,.T.);
#120=FACE_BOUND('',#1254,.T.);
#121=FACE_BOUND('',#1255,.T.);
#122=FACE_BOUND('',#1256,.T.);
#123=FACE_BOUND('',#1257,.T.);
#124=FACE_BOUND('',#1258,.T.);
#125=FACE_BOUND('',#1259,.T.);
#126=FACE_BOUND('',#1260,.T.);
#127=FACE_BOUND('',#1261,.T.);
#128=FACE_BOUND('',#1263,.T.);
#129=FACE_BOUND('',#1264,.T.);
#130=FACE_BOUND('',#1265,.T.);
#131=FACE_BOUND('',#1266,.T.);
#132=FACE_BOUND('',#1267,.T.);
#133=FACE_BOUND('',#1268,.T.);
#134=FACE_BOUND('',#1269,.T.);
#135=FACE_BOUND('',#1270,.T.);
#136=FACE_BOUND('',#1271,.T.);
#137=FACE_BOUND('',#1272,.T.);
#138=FACE_BOUND('',#1273,.T.);
#139=FACE_BOUND('',#1274,.T.);
#140=FACE_BOUND('',#1275,.T.);
#141=FACE_BOUND('',#1276,.T.);
#142=FACE_BOUND('',#1277,.T.);
#143=FACE_BOUND('',#1278,.T.);
#144=FACE_BOUND('',#1279,.T.);
#145=FACE_BOUND('',#1280,.T.);
#146=FACE_BOUND('',#1281,.T.);
#147=FACE_BOUND('',#1282,.T.);
#148=FACE_BOUND('',#1283,.T.);
#149=FACE_BOUND('',#1284,.T.);
#150=FACE_BOUND('',#1285,.T.);
#151=FACE_BOUND('',#1286,.T.);
#152=FACE_BOUND('',#1287,.T.);
#153=FACE_BOUND('',#1288,.T.);
#154=FACE_BOUND('',#1289,.T.);
#155=FACE_BOUND('',#1290,.T.);
#156=FACE_BOUND('',#1291,.T.);
#157=FACE_BOUND('',#1292,.T.);
#158=FACE_BOUND('',#1293,.T.);
#159=FACE_BOUND('',#1294,.T.);
#160=FACE_BOUND('',#1295,.T.);
#161=FACE_BOUND('',#1296,.T.);
#162=FACE_BOUND('',#1297,.T.);
#163=FACE_BOUND('',#1298,.T.);
#164=FACE_BOUND('',#1299,.T.);
#165=FACE_BOUND('',#1300,.T.);
#166=FACE_BOUND('',#1301,.T.);
#167=FACE_BOUND('',#1302,.T.);
#168=FACE_BOUND('',#1303,.T.);
#169=FACE_BOUND('',#1304,.T.);
#170=FACE_BOUND('',#1305,.T.);
#171=FACE_BOUND('',#1306,.T.);
#172=FACE_BOUND('',#1307,.T.);
#173=FACE_BOUND('',#1308,.T.);
#174=FACE_BOUND('',#1309,.T.);
#175=FACE_BOUND('',#1310,.T.);
#176=B_SPLINE_CURVE_WITH_KNOTS('',3,(#8130,#8131,#8132,#8133,#8134),
 .UNSPECIFIED.,.F.,.F.,(4,1,4),(0.,0.117269213287448,0.188193897361857),
 .UNSPECIFIED.);
#177=B_SPLINE_CURVE_WITH_KNOTS('',3,(#8136,#8137,#8138,#8139,#8140),
 .UNSPECIFIED.,.F.,.F.,(4,1,4),(-0.188193897361857,-0.117269213287448,0.),
 .UNSPECIFIED.);
#178=B_SPLINE_CURVE_WITH_KNOTS('',3,(#8153,#8154,#8155,#8156,#8157),
 .UNSPECIFIED.,.F.,.F.,(4,1,4),(0.,0.0464239163634287,0.0904462872699667),
 .UNSPECIFIED.);
#179=B_SPLINE_CURVE_WITH_KNOTS('',3,(#8159,#8160,#8161,#8162,#8163),
 .UNSPECIFIED.,.F.,.F.,(4,1,4),(-0.0904462872699667,-0.0464239163634287,
0.),.UNSPECIFIED.);
#180=B_SPLINE_CURVE_WITH_KNOTS('',3,(#8176,#8177,#8178,#8179,#8180),
 .UNSPECIFIED.,.F.,.F.,(4,1,4),(0.,0.0416950870902614,0.0808002968830157),
 .UNSPECIFIED.);
#181=B_SPLINE_CURVE_WITH_KNOTS('',3,(#8182,#8183,#8184,#8185,#8186),
 .UNSPECIFIED.,.F.,.F.,(4,1,4),(-0.0808002968830157,-0.0416950870902614,
0.),.UNSPECIFIED.);
#182=B_SPLINE_CURVE_WITH_KNOTS('',3,(#8199,#8200,#8201,#8202,#8203),
 .UNSPECIFIED.,.F.,.F.,(4,1,4),(0.,0.0416659105935739,0.0821553743081551),
 .UNSPECIFIED.);
#183=B_SPLINE_CURVE_WITH_KNOTS('',3,(#8205,#8206,#8207,#8208,#8209),
 .UNSPECIFIED.,.F.,.F.,(4,1,4),(-0.0821553743081551,-0.0416659105935739,
0.),.UNSPECIFIED.);
#184=B_SPLINE_CURVE_WITH_KNOTS('',3,(#8222,#8223,#8224,#8225,#8226),
 .UNSPECIFIED.,.F.,.F.,(4,1,4),(0.,0.0381290195907503,0.101858078995239),
 .UNSPECIFIED.);
#185=B_SPLINE_CURVE_WITH_KNOTS('',3,(#8228,#8229,#8230,#8231,#8232),
 .UNSPECIFIED.,.F.,.F.,(4,1,4),(-0.101858078995239,-0.0381290195907503,
0.),.UNSPECIFIED.);
#186=B_SPLINE_CURVE_WITH_KNOTS('',3,(#8275,#8276,#8277,#8278,#8279),
 .UNSPECIFIED.,.F.,.F.,(4,1,4),(0.,0.0867532027015556,0.153472903051452),
 .UNSPECIFIED.);
#187=B_SPLINE_CURVE_WITH_KNOTS('',3,(#8281,#8282,#8283,#8284,#8285),
 .UNSPECIFIED.,.F.,.F.,(4,1,4),(-0.153472903051452,-0.0867532027015556,
0.),.UNSPECIFIED.);
#188=B_SPLINE_CURVE_WITH_KNOTS('',3,(#8298,#8299,#8300,#8301,#8302),
 .UNSPECIFIED.,.F.,.F.,(4,1,4),(0.,0.056599034205842,0.115864186386367),
 .UNSPECIFIED.);
#189=B_SPLINE_CURVE_WITH_KNOTS('',3,(#8304,#8305,#8306,#8307,#8308),
 .UNSPECIFIED.,.F.,.F.,(4,1,4),(-0.115864186386367,-0.056599034205842,0.),
 .UNSPECIFIED.);
#190=B_SPLINE_CURVE_WITH_KNOTS('',3,(#8321,#8322,#8323,#8324,#8325),
 .UNSPECIFIED.,.F.,.F.,(4,1,4),(0.,0.0640756406298069,0.134869818111335),
 .UNSPECIFIED.);
#191=B_SPLINE_CURVE_WITH_KNOTS('',3,(#8327,#8328,#8329,#8330,#8331),
 .UNSPECIFIED.,.F.,.F.,(4,1,4),(-0.134869818111335,-0.0640756406298069,
0.),.UNSPECIFIED.);
#192=B_SPLINE_CURVE_WITH_KNOTS('',3,(#8344,#8345,#8346,#8347,#8348),
 .UNSPECIFIED.,.F.,.F.,(4,1,4),(0.,0.100253163400051,0.193862268604588),
 .UNSPECIFIED.);
#193=B_SPLINE_CURVE_WITH_KNOTS('',3,(#8350,#8351,#8352,#8353,#8354),
 .UNSPECIFIED.,.F.,.F.,(4,1,4),(-0.193862268604588,-0.100253163400051,0.),
 .UNSPECIFIED.);
#194=B_SPLINE_CURVE_WITH_KNOTS('',3,(#8367,#8368,#8369,#8370,#8371),
 .UNSPECIFIED.,.F.,.F.,(4,1,4),(0.,0.0995655602259349,0.218419448146837),
 .UNSPECIFIED.);
#195=B_SPLINE_CURVE_WITH_KNOTS('',3,(#8373,#8374,#8375,#8376,#8377),
 .UNSPECIFIED.,.F.,.F.,(4,1,4),(-0.218419448146837,-0.0995655602259349,
0.),.UNSPECIFIED.);
#196=B_SPLINE_CURVE_WITH_KNOTS('',3,(#8390,#8391,#8392,#8393,#8394),
 .UNSPECIFIED.,.F.,.F.,(4,1,4),(0.,0.0477916102794733,0.101789010790905),
 .UNSPECIFIED.);
#197=B_SPLINE_CURVE_WITH_KNOTS('',3,(#8396,#8397,#8398,#8399,#8400),
 .UNSPECIFIED.,.F.,.F.,(4,1,4),(-0.101789010790905,-0.0477916102794733,
0.),.UNSPECIFIED.);
#198=B_SPLINE_CURVE_WITH_KNOTS('',3,(#8413,#8414,#8415,#8416,#8417),
 .UNSPECIFIED.,.F.,.F.,(4,1,4),(0.,0.135297912664528,0.310727566030551),
 .UNSPECIFIED.);
#199=B_SPLINE_CURVE_WITH_KNOTS('',3,(#8419,#8420,#8421,#8422,#8423),
 .UNSPECIFIED.,.F.,.F.,(4,1,4),(-0.310727566030551,-0.135297912664528,0.),
 .UNSPECIFIED.);
#200=B_SPLINE_CURVE_WITH_KNOTS('',3,(#8442,#8443,#8444,#8445,#8446),
 .UNSPECIFIED.,.F.,.F.,(4,1,4),(0.,0.0979459335563195,0.241348311166898),
 .UNSPECIFIED.);
#201=B_SPLINE_CURVE_WITH_KNOTS('',3,(#8448,#8449,#8450,#8451,#8452),
 .UNSPECIFIED.,.F.,.F.,(4,1,4),(-0.241348311166898,-0.0979459335563195,
0.),.UNSPECIFIED.);
#202=B_SPLINE_CURVE_WITH_KNOTS('',3,(#8465,#8466,#8467,#8468,#8469),
 .UNSPECIFIED.,.F.,.F.,(4,1,4),(0.,0.0782152557622102,0.135742322196896),
 .UNSPECIFIED.);
#203=B_SPLINE_CURVE_WITH_KNOTS('',3,(#8471,#8472,#8473,#8474,#8475),
 .UNSPECIFIED.,.F.,.F.,(4,1,4),(-0.135742322196896,-0.0782152557622102,
0.),.UNSPECIFIED.);
#204=B_SPLINE_CURVE_WITH_KNOTS('',3,(#8488,#8489,#8490,#8491,#8492),
 .UNSPECIFIED.,.F.,.F.,(4,1,4),(0.,0.036459159635237,0.0893889789551595),
 .UNSPECIFIED.);
#205=B_SPLINE_CURVE_WITH_KNOTS('',3,(#8494,#8495,#8496,#8497,#8498),
 .UNSPECIFIED.,.F.,.F.,(4,1,4),(-0.0893889789551595,-0.036459159635237,
0.),.UNSPECIFIED.);
#206=B_SPLINE_CURVE_WITH_KNOTS('',3,(#8579,#8580,#8581,#8582,#8583),
 .UNSPECIFIED.,.F.,.F.,(4,1,4),(0.,0.0561444079697546,0.0813382422677419),
 .UNSPECIFIED.);
#207=B_SPLINE_CURVE_WITH_KNOTS('',3,(#8585,#8586,#8587,#8588,#8589),
 .UNSPECIFIED.,.F.,.F.,(4,1,4),(-0.0813382422677419,-0.0561444079697546,
0.),.UNSPECIFIED.);
#208=B_SPLINE_CURVE_WITH_KNOTS('',3,(#8602,#8603,#8604,#8605,#8606),
 .UNSPECIFIED.,.F.,.F.,(4,1,4),(0.,0.0173017884446869,0.0330483835774179),
 .UNSPECIFIED.);
#209=B_SPLINE_CURVE_WITH_KNOTS('',3,(#8608,#8609,#8610,#8611,#8612),
 .UNSPECIFIED.,.F.,.F.,(4,1,4),(-0.0330483835774179,-0.0173017884446869,
0.),.UNSPECIFIED.);
#210=B_SPLINE_CURVE_WITH_KNOTS('',3,(#8625,#8626,#8627,#8628,#8629),
 .UNSPECIFIED.,.F.,.F.,(4,1,4),(0.,0.0189018384648362,0.0459959581957204),
 .UNSPECIFIED.);
#211=B_SPLINE_CURVE_WITH_KNOTS('',3,(#8631,#8632,#8633,#8634,#8635),
 .UNSPECIFIED.,.F.,.F.,(4,1,4),(-0.0459959581957204,-0.0189018384648362,
0.),.UNSPECIFIED.);
#212=B_SPLINE_CURVE_WITH_KNOTS('',3,(#8648,#8649,#8650,#8651,#8652),
 .UNSPECIFIED.,.F.,.F.,(4,1,4),(0.,0.0193053279501987,0.0552376954954275),
 .UNSPECIFIED.);
#213=B_SPLINE_CURVE_WITH_KNOTS('',3,(#8654,#8655,#8656,#8657,#8658),
 .UNSPECIFIED.,.F.,.F.,(4,1,4),(-0.0552376954954275,-0.0193053279501987,
0.),.UNSPECIFIED.);
#214=B_SPLINE_CURVE_WITH_KNOTS('',3,(#8677,#8678,#8679,#8680,#8681),
 .UNSPECIFIED.,.F.,.F.,(4,1,4),(0.,0.0439722586136558,0.0886704806654246),
 .UNSPECIFIED.);
#215=B_SPLINE_CURVE_WITH_KNOTS('',3,(#8683,#8684,#8685,#8686,#8687),
 .UNSPECIFIED.,.F.,.F.,(4,1,4),(-0.0886704806654246,-0.0439722586136558,
0.),.UNSPECIFIED.);
#216=B_SPLINE_CURVE_WITH_KNOTS('',3,(#8700,#8701,#8702,#8703,#8704),
 .UNSPECIFIED.,.F.,.F.,(4,1,4),(0.,0.0765708571473264,0.134493963848125),
 .UNSPECIFIED.);
#217=B_SPLINE_CURVE_WITH_KNOTS('',3,(#8706,#8707,#8708,#8709,#8710),
 .UNSPECIFIED.,.F.,.F.,(4,1,4),(-0.134493963848125,-0.0765708571473264,
0.),.UNSPECIFIED.);
#218=B_SPLINE_CURVE_WITH_KNOTS('',3,(#8723,#8724,#8725,#8726,#8727),
 .UNSPECIFIED.,.F.,.F.,(4,1,4),(0.,0.0504154332979225,0.105043559208794),
 .UNSPECIFIED.);
#219=B_SPLINE_CURVE_WITH_KNOTS('',3,(#8729,#8730,#8731,#8732,#8733),
 .UNSPECIFIED.,.F.,.F.,(4,1,4),(-0.105043559208794,-0.0504154332979225,
0.),.UNSPECIFIED.);
#220=B_SPLINE_CURVE_WITH_KNOTS('',3,(#8746,#8747,#8748,#8749,#8750),
 .UNSPECIFIED.,.F.,.F.,(4,1,4),(0.,0.0472697809402133,0.132867841602463),
 .UNSPECIFIED.);
#221=B_SPLINE_CURVE_WITH_KNOTS('',3,(#8752,#8753,#8754,#8755,#8756),
 .UNSPECIFIED.,.F.,.F.,(4,1,4),(-0.132867841602463,-0.0472697809402133,
0.),.UNSPECIFIED.);
#222=B_SPLINE_CURVE_WITH_KNOTS('',3,(#8794,#8795,#8796,#8797,#8798),
 .UNSPECIFIED.,.F.,.F.,(4,1,4),(0.,0.115357402504131,0.216420997199274),
 .UNSPECIFIED.);
#223=B_SPLINE_CURVE_WITH_KNOTS('',3,(#8800,#8801,#8802,#8803,#8804),
 .UNSPECIFIED.,.F.,.F.,(4,1,4),(-0.216420997199274,-0.115357402504131,0.),
 .UNSPECIFIED.);
#224=B_SPLINE_CURVE_WITH_KNOTS('',3,(#8817,#8818,#8819,#8820,#8821),
 .UNSPECIFIED.,.F.,.F.,(4,1,4),(0.,0.0620298380661955,0.112602448020118),
 .UNSPECIFIED.);
#225=B_SPLINE_CURVE_WITH_KNOTS('',3,(#8823,#8824,#8825,#8826,#8827),
 .UNSPECIFIED.,.F.,.F.,(4,1,4),(-0.112602448020118,-0.0620298380661955,
0.),.UNSPECIFIED.);
#226=B_SPLINE_CURVE_WITH_KNOTS('',3,(#8840,#8841,#8842,#8843,#8844),
 .UNSPECIFIED.,.F.,.F.,(4,1,4),(0.,0.0462969168217252,0.0949708567713471),
 .UNSPECIFIED.);
#227=B_SPLINE_CURVE_WITH_KNOTS('',3,(#8846,#8847,#8848,#8849,#8850),
 .UNSPECIFIED.,.F.,.F.,(4,1,4),(-0.0949708567713471,-0.0462969168217252,
0.),.UNSPECIFIED.);
#228=B_SPLINE_CURVE_WITH_KNOTS('',3,(#8863,#8864,#8865,#8866,#8867),
 .UNSPECIFIED.,.F.,.F.,(4,1,4),(0.,0.0576646454185258,0.121024153002277),
 .UNSPECIFIED.);
#229=B_SPLINE_CURVE_WITH_KNOTS('',3,(#8869,#8870,#8871,#8872,#8873),
 .UNSPECIFIED.,.F.,.F.,(4,1,4),(-0.121024153002277,-0.0576646454185258,
0.),.UNSPECIFIED.);
#230=B_SPLINE_CURVE_WITH_KNOTS('',3,(#8886,#8887,#8888,#8889,#8890),
 .UNSPECIFIED.,.F.,.F.,(4,1,4),(0.,0.0652519233797302,0.128933853413141),
 .UNSPECIFIED.);
#231=B_SPLINE_CURVE_WITH_KNOTS('',3,(#8892,#8893,#8894,#8895,#8896),
 .UNSPECIFIED.,.F.,.F.,(4,1,4),(-0.128933853413141,-0.0652519233797302,
0.),.UNSPECIFIED.);
#232=B_SPLINE_CURVE_WITH_KNOTS('',3,(#8909,#8910,#8911,#8912,#8913),
 .UNSPECIFIED.,.F.,.F.,(4,1,4),(0.,0.0662556695089805,0.123729710281745),
 .UNSPECIFIED.);
#233=B_SPLINE_CURVE_WITH_KNOTS('',3,(#8915,#8916,#8917,#8918,#8919),
 .UNSPECIFIED.,.F.,.F.,(4,1,4),(-0.123729710281745,-0.0662556695089805,
0.),.UNSPECIFIED.);
#234=B_SPLINE_CURVE_WITH_KNOTS('',3,(#8932,#8933,#8934,#8935,#8936),
 .UNSPECIFIED.,.F.,.F.,(4,1,4),(0.,0.0552391965993928,0.114697379624509),
 .UNSPECIFIED.);
#235=B_SPLINE_CURVE_WITH_KNOTS('',3,(#8938,#8939,#8940,#8941,#8942),
 .UNSPECIFIED.,.F.,.F.,(4,1,4),(-0.114697379624509,-0.0552391965993928,
0.),.UNSPECIFIED.);
#236=B_SPLINE_CURVE_WITH_KNOTS('',3,(#8955,#8956,#8957,#8958,#8959),
 .UNSPECIFIED.,.F.,.F.,(4,1,4),(0.,0.0436746514571703,0.111455311300241),
 .UNSPECIFIED.);
#237=B_SPLINE_CURVE_WITH_KNOTS('',3,(#8961,#8962,#8963,#8964,#8965),
 .UNSPECIFIED.,.F.,.F.,(4,1,4),(-0.111455311300241,-0.0436746514571703,
0.),.UNSPECIFIED.);
#238=B_SPLINE_CURVE_WITH_KNOTS('',3,(#8996,#8997,#8998,#8999,#9000),
 .UNSPECIFIED.,.F.,.F.,(4,1,4),(0.,0.0564288890138119,0.0813358143994718),
 .UNSPECIFIED.);
#239=B_SPLINE_CURVE_WITH_KNOTS('',3,(#9002,#9003,#9004,#9005,#9006),
 .UNSPECIFIED.,.F.,.F.,(4,1,4),(-0.0813358143994718,-0.0564288890138119,
0.),.UNSPECIFIED.);
#240=B_SPLINE_CURVE_WITH_KNOTS('',3,(#9019,#9020,#9021,#9022,#9023),
 .UNSPECIFIED.,.F.,.F.,(4,1,4),(0.,0.0231509327468595,0.0440765784984648),
 .UNSPECIFIED.);
#241=B_SPLINE_CURVE_WITH_KNOTS('',3,(#9025,#9026,#9027,#9028,#9029),
 .UNSPECIFIED.,.F.,.F.,(4,1,4),(-0.0440765784984648,-0.0231509327468595,
0.),.UNSPECIFIED.);
#242=B_SPLINE_CURVE_WITH_KNOTS('',3,(#9042,#9043,#9044,#9045,#9046),
 .UNSPECIFIED.,.F.,.F.,(4,1,4),(0.,0.0221773189137838,0.0493190379355768),
 .UNSPECIFIED.);
#243=B_SPLINE_CURVE_WITH_KNOTS('',3,(#9048,#9049,#9050,#9051,#9052),
 .UNSPECIFIED.,.F.,.F.,(4,1,4),(-0.0493190379355768,-0.0221773189137838,
0.),.UNSPECIFIED.);
#244=B_SPLINE_CURVE_WITH_KNOTS('',3,(#9065,#9066,#9067,#9068,#9069),
 .UNSPECIFIED.,.F.,.F.,(4,1,4),(0.,0.060947574881933,0.132519871461939),
 .UNSPECIFIED.);
#245=B_SPLINE_CURVE_WITH_KNOTS('',3,(#9071,#9072,#9073,#9074,#9075),
 .UNSPECIFIED.,.F.,.F.,(4,1,4),(-0.132519871461939,-0.060947574881933,0.),
 .UNSPECIFIED.);
#246=B_SPLINE_CURVE_WITH_KNOTS('',3,(#9088,#9089,#9090,#9091,#9092),
 .UNSPECIFIED.,.F.,.F.,(4,1,4),(0.,0.0728629087924372,0.177860955338098),
 .UNSPECIFIED.);
#247=B_SPLINE_CURVE_WITH_KNOTS('',3,(#9094,#9095,#9096,#9097,#9098),
 .UNSPECIFIED.,.F.,.F.,(4,1,4),(-0.177860955338098,-0.0728629087924372,
0.),.UNSPECIFIED.);
#248=B_SPLINE_CURVE_WITH_KNOTS('',3,(#9129,#9130,#9131,#9132,#9133),
 .UNSPECIFIED.,.F.,.F.,(4,1,4),(0.,0.0539870294991816,0.0846090445795134),
 .UNSPECIFIED.);
#249=B_SPLINE_CURVE_WITH_KNOTS('',3,(#9135,#9136,#9137,#9138,#9139),
 .UNSPECIFIED.,.F.,.F.,(4,1,4),(-0.0846090445795134,-0.0539870294991816,
0.),.UNSPECIFIED.);
#250=B_SPLINE_CURVE_WITH_KNOTS('',3,(#9152,#9153,#9154,#9155,#9156),
 .UNSPECIFIED.,.F.,.F.,(4,1,4),(0.,0.0225592107859061,0.0442727517957567),
 .UNSPECIFIED.);
#251=B_SPLINE_CURVE_WITH_KNOTS('',3,(#9158,#9159,#9160,#9161,#9162),
 .UNSPECIFIED.,.F.,.F.,(4,1,4),(-0.0442727517957567,-0.0225592107859061,
0.),.UNSPECIFIED.);
#252=B_SPLINE_CURVE_WITH_KNOTS('',3,(#9175,#9176,#9177,#9178,#9179),
 .UNSPECIFIED.,.F.,.F.,(4,1,4),(0.,0.0228823202007191,0.0490507756993905),
 .UNSPECIFIED.);
#253=B_SPLINE_CURVE_WITH_KNOTS('',3,(#9181,#9182,#9183,#9184,#9185),
 .UNSPECIFIED.,.F.,.F.,(4,1,4),(-0.0490507756993905,-0.0228823202007191,
0.),.UNSPECIFIED.);
#254=B_SPLINE_CURVE_WITH_KNOTS('',3,(#9198,#9199,#9200,#9201,#9202),
 .UNSPECIFIED.,.F.,.F.,(4,1,4),(0.,0.0279820282179479,0.0590249807740211),
 .UNSPECIFIED.);
#255=B_SPLINE_CURVE_WITH_KNOTS('',3,(#9204,#9205,#9206,#9207,#9208),
 .UNSPECIFIED.,.F.,.F.,(4,1,4),(-0.0590249807740211,-0.0279820282179479,
0.),.UNSPECIFIED.);
#256=B_SPLINE_CURVE_WITH_KNOTS('',3,(#9221,#9222,#9223,#9224,#9225),
 .UNSPECIFIED.,.F.,.F.,(4,1,4),(0.,0.0333219357801527,0.0679383528904705),
 .UNSPECIFIED.);
#257=B_SPLINE_CURVE_WITH_KNOTS('',3,(#9227,#9228,#9229,#9230,#9231),
 .UNSPECIFIED.,.F.,.F.,(4,1,4),(-0.0679383528904705,-0.0333219357801527,
0.),.UNSPECIFIED.);
#258=B_SPLINE_CURVE_WITH_KNOTS('',3,(#9244,#9245,#9246,#9247,#9248),
 .UNSPECIFIED.,.F.,.F.,(4,1,4),(0.,0.0382509170965583,0.0823225395242106),
 .UNSPECIFIED.);
#259=B_SPLINE_CURVE_WITH_KNOTS('',3,(#9250,#9251,#9252,#9253,#9254),
 .UNSPECIFIED.,.F.,.F.,(4,1,4),(-0.0823225395242106,-0.0382509170965583,
0.),.UNSPECIFIED.);
#260=B_SPLINE_CURVE_WITH_KNOTS('',3,(#9267,#9268,#9269,#9270,#9271),
 .UNSPECIFIED.,.F.,.F.,(4,1,4),(0.,0.0352667552478886,0.0971967314033038),
 .UNSPECIFIED.);
#261=B_SPLINE_CURVE_WITH_KNOTS('',3,(#9273,#9274,#9275,#9276,#9277),
 .UNSPECIFIED.,.F.,.F.,(4,1,4),(-0.0971967314033038,-0.0352667552478886,
0.),.UNSPECIFIED.);
#262=B_SPLINE_CURVE_WITH_KNOTS('',3,(#9315,#9316,#9317,#9318,#9319),
 .UNSPECIFIED.,.F.,.F.,(4,1,4),(0.,0.141841311913882,0.27115073226588),
 .UNSPECIFIED.);
#263=B_SPLINE_CURVE_WITH_KNOTS('',3,(#9321,#9322,#9323,#9324,#9325),
 .UNSPECIFIED.,.F.,.F.,(4,1,4),(-0.27115073226588,-0.141841311913882,0.),
 .UNSPECIFIED.);
#264=B_SPLINE_CURVE_WITH_KNOTS('',3,(#9338,#9339,#9340,#9341,#9342),
 .UNSPECIFIED.,.F.,.F.,(4,1,4),(0.,0.125599449156728,0.256703417628364),
 .UNSPECIFIED.);
#265=B_SPLINE_CURVE_WITH_KNOTS('',3,(#9344,#9345,#9346,#9347,#9348),
 .UNSPECIFIED.,.F.,.F.,(4,1,4),(-0.256703417628364,-0.125599449156728,0.),
 .UNSPECIFIED.);
#266=B_SPLINE_CURVE_WITH_KNOTS('',3,(#9361,#9362,#9363,#9364,#9365),
 .UNSPECIFIED.,.F.,.F.,(4,1,4),(0.,0.140907211363016,0.267244395419485),
 .UNSPECIFIED.);
#267=B_SPLINE_CURVE_WITH_KNOTS('',3,(#9367,#9368,#9369,#9370,#9371),
 .UNSPECIFIED.,.F.,.F.,(4,1,4),(-0.267244395419485,-0.140907211363016,0.),
 .UNSPECIFIED.);
#268=B_SPLINE_CURVE_WITH_KNOTS('',3,(#9384,#9385,#9386,#9387,#9388),
 .UNSPECIFIED.,.F.,.F.,(4,1,4),(0.,0.132613980259462,0.291556489302806),
 .UNSPECIFIED.);
#269=B_SPLINE_CURVE_WITH_KNOTS('',3,(#9390,#9391,#9392,#9393,#9394),
 .UNSPECIFIED.,.F.,.F.,(4,1,4),(-0.291556489302806,-0.132613980259462,0.),
 .UNSPECIFIED.);
#270=B_SPLINE_CURVE_WITH_KNOTS('',3,(#9407,#9408,#9409,#9410,#9411),
 .UNSPECIFIED.,.F.,.F.,(4,1,4),(0.,0.139569421431601,0.273521048675565),
 .UNSPECIFIED.);
#271=B_SPLINE_CURVE_WITH_KNOTS('',3,(#9413,#9414,#9415,#9416,#9417),
 .UNSPECIFIED.,.F.,.F.,(4,1,4),(-0.273521048675565,-0.139569421431601,0.),
 .UNSPECIFIED.);
#272=B_SPLINE_CURVE_WITH_KNOTS('',3,(#9430,#9431,#9432,#9433,#9434),
 .UNSPECIFIED.,.F.,.F.,(4,1,4),(0.,0.127302225594199,0.248615050170376),
 .UNSPECIFIED.);
#273=B_SPLINE_CURVE_WITH_KNOTS('',3,(#9436,#9437,#9438,#9439,#9440),
 .UNSPECIFIED.,.F.,.F.,(4,1,4),(-0.248615050170376,-0.127302225594199,0.),
 .UNSPECIFIED.);
#274=B_SPLINE_CURVE_WITH_KNOTS('',3,(#9453,#9454,#9455,#9456,#9457),
 .UNSPECIFIED.,.F.,.F.,(4,1,4),(0.,0.119037974810162,0.238388730658391),
 .UNSPECIFIED.);
#275=B_SPLINE_CURVE_WITH_KNOTS('',3,(#9459,#9460,#9461,#9462,#9463),
 .UNSPECIFIED.,.F.,.F.,(4,1,4),(-0.238388730658391,-0.119037974810162,0.),
 .UNSPECIFIED.);
#276=B_SPLINE_CURVE_WITH_KNOTS('',3,(#9476,#9477,#9478,#9479,#9480),
 .UNSPECIFIED.,.F.,.F.,(4,1,4),(0.,0.126164757986034,0.239129594950384),
 .UNSPECIFIED.);
#277=B_SPLINE_CURVE_WITH_KNOTS('',3,(#9482,#9483,#9484,#9485,#9486),
 .UNSPECIFIED.,.F.,.F.,(4,1,4),(-0.239129594950384,-0.126164757986034,0.),
 .UNSPECIFIED.);
#278=B_SPLINE_CURVE_WITH_KNOTS('',3,(#9499,#9500,#9501,#9502,#9503),
 .UNSPECIFIED.,.F.,.F.,(4,1,4),(0.,0.110496590183672,0.229214269366824),
 .UNSPECIFIED.);
#279=B_SPLINE_CURVE_WITH_KNOTS('',3,(#9505,#9506,#9507,#9508,#9509),
 .UNSPECIFIED.,.F.,.F.,(4,1,4),(-0.229214269366824,-0.110496590183672,0.),
 .UNSPECIFIED.);
#280=B_SPLINE_CURVE_WITH_KNOTS('',3,(#9528,#9529,#9530,#9531,#9532),
 .UNSPECIFIED.,.F.,.F.,(4,1,4),(0.,0.0671588836384139,0.121967394417086),
 .UNSPECIFIED.);
#281=B_SPLINE_CURVE_WITH_KNOTS('',3,(#9534,#9535,#9536,#9537,#9538),
 .UNSPECIFIED.,.F.,.F.,(4,1,4),(-0.121967394417086,-0.0671588836384139,
0.),.UNSPECIFIED.);
#282=B_SPLINE_CURVE_WITH_KNOTS('',3,(#9551,#9552,#9553,#9554,#9555),
 .UNSPECIFIED.,.F.,.F.,(4,1,4),(0.,0.0526310120455322,0.112714754679865),
 .UNSPECIFIED.);
#283=B_SPLINE_CURVE_WITH_KNOTS('',3,(#9557,#9558,#9559,#9560,#9561),
 .UNSPECIFIED.,.F.,.F.,(4,1,4),(-0.112714754679865,-0.0526310120455322,
0.),.UNSPECIFIED.);
#284=B_SPLINE_CURVE_WITH_KNOTS('',3,(#9574,#9575,#9576,#9577,#9578),
 .UNSPECIFIED.,.F.,.F.,(4,1,4),(0.,0.070945102669317,0.144132918618648),
 .UNSPECIFIED.);
#285=B_SPLINE_CURVE_WITH_KNOTS('',3,(#9580,#9581,#9582,#9583,#9584),
 .UNSPECIFIED.,.F.,.F.,(4,1,4),(-0.144132918618648,-0.070945102669317,0.),
 .UNSPECIFIED.);
#286=B_SPLINE_CURVE_WITH_KNOTS('',3,(#9597,#9598,#9599,#9600,#9601),
 .UNSPECIFIED.,.F.,.F.,(4,1,4),(0.,0.0799475376191788,0.17233937057625),
 .UNSPECIFIED.);
#287=B_SPLINE_CURVE_WITH_KNOTS('',3,(#9603,#9604,#9605,#9606,#9607),
 .UNSPECIFIED.,.F.,.F.,(4,1,4),(-0.17233937057625,-0.0799475376191788,0.),
 .UNSPECIFIED.);
#288=B_SPLINE_CURVE_WITH_KNOTS('',3,(#9620,#9621,#9622,#9623,#9624),
 .UNSPECIFIED.,.F.,.F.,(4,1,4),(0.,0.0977428757532803,0.19163853867941),
 .UNSPECIFIED.);
#289=B_SPLINE_CURVE_WITH_KNOTS('',3,(#9626,#9627,#9628,#9629,#9630),
 .UNSPECIFIED.,.F.,.F.,(4,1,4),(-0.19163853867941,-0.0977428757532803,0.),
 .UNSPECIFIED.);
#290=B_SPLINE_CURVE_WITH_KNOTS('',3,(#9643,#9644,#9645,#9646,#9647),
 .UNSPECIFIED.,.F.,.F.,(4,1,4),(0.,0.0912757895486094,0.167916720880801),
 .UNSPECIFIED.);
#291=B_SPLINE_CURVE_WITH_KNOTS('',3,(#9649,#9650,#9651,#9652,#9653),
 .UNSPECIFIED.,.F.,.F.,(4,1,4),(-0.167916720880801,-0.0912757895486094,
0.),.UNSPECIFIED.);
#292=B_SPLINE_CURVE_WITH_KNOTS('',3,(#9666,#9667,#9668,#9669,#9670),
 .UNSPECIFIED.,.F.,.F.,(4,1,4),(0.,0.0690563564425878,0.13752576534943),
 .UNSPECIFIED.);
#293=B_SPLINE_CURVE_WITH_KNOTS('',3,(#9672,#9673,#9674,#9675,#9676),
 .UNSPECIFIED.,.F.,.F.,(4,1,4),(-0.13752576534943,-0.0690563564425878,0.),
 .UNSPECIFIED.);
#294=B_SPLINE_CURVE_WITH_KNOTS('',3,(#9689,#9690,#9691,#9692,#9693),
 .UNSPECIFIED.,.F.,.F.,(4,1,4),(0.,0.0659378016489236,0.133876228571036),
 .UNSPECIFIED.);
#295=B_SPLINE_CURVE_WITH_KNOTS('',3,(#9695,#9696,#9697,#9698,#9699),
 .UNSPECIFIED.,.F.,.F.,(4,1,4),(-0.133876228571036,-0.0659378016489236,
0.),.UNSPECIFIED.);
#296=B_SPLINE_CURVE_WITH_KNOTS('',3,(#9711,#9712,#9713,#9714,#9715),
 .UNSPECIFIED.,.F.,.F.,(4,1,4),(0.,0.0736363418996579,0.157138327996285),
 .UNSPECIFIED.);
#297=B_SPLINE_CURVE_WITH_KNOTS('',3,(#9716,#9717,#9718,#9719,#9720),
 .UNSPECIFIED.,.F.,.F.,(4,1,4),(-0.157138327996285,-0.0736363418996579,
0.),.UNSPECIFIED.);
#298=B_SPLINE_CURVE_WITH_KNOTS('',3,(#9734,#9735,#9736,#9737,#9738),
 .UNSPECIFIED.,.F.,.F.,(4,1,4),(0.,0.0539635765512158,0.102893260628438),
 .UNSPECIFIED.);
#299=B_SPLINE_CURVE_WITH_KNOTS('',3,(#9742,#9743,#9744,#9745,#9746),
 .UNSPECIFIED.,.F.,.F.,(4,1,4),(-0.102893260628438,-0.0539635765512158,
0.),.UNSPECIFIED.);
#300=B_SPLINE_CURVE_WITH_KNOTS('',3,(#9759,#9760,#9761,#9762,#9763),
 .UNSPECIFIED.,.F.,.F.,(4,1,4),(0.,0.0477013560749596,0.097999063177259),
 .UNSPECIFIED.);
#301=B_SPLINE_CURVE_WITH_KNOTS('',3,(#9765,#9766,#9767,#9768,#9769),
 .UNSPECIFIED.,.F.,.F.,(4,1,4),(-0.097999063177259,-0.0477013560749596,
0.),.UNSPECIFIED.);
#302=B_SPLINE_CURVE_WITH_KNOTS('',3,(#9782,#9783,#9784,#9785,#9786),
 .UNSPECIFIED.,.F.,.F.,(4,1,4),(0.,0.051556220947362,0.102853214088938),
 .UNSPECIFIED.);
#303=B_SPLINE_CURVE_WITH_KNOTS('',3,(#9788,#9789,#9790,#9791,#9792),
 .UNSPECIFIED.,.F.,.F.,(4,1,4),(-0.102853214088938,-0.051556220947362,0.),
 .UNSPECIFIED.);
#304=B_SPLINE_CURVE_WITH_KNOTS('',3,(#9805,#9806,#9807,#9808,#9809),
 .UNSPECIFIED.,.F.,.F.,(4,1,4),(0.,0.0552073640203601,0.117698562571472),
 .UNSPECIFIED.);
#305=B_SPLINE_CURVE_WITH_KNOTS('',3,(#9811,#9812,#9813,#9814,#9815),
 .UNSPECIFIED.,.F.,.F.,(4,1,4),(-0.117698562571472,-0.0552073640203601,
0.),.UNSPECIFIED.);
#306=B_SPLINE_CURVE_WITH_KNOTS('',3,(#9828,#9829,#9830,#9831,#9832),
 .UNSPECIFIED.,.F.,.F.,(4,1,4),(0.,0.0633858104247118,0.119564906420515),
 .UNSPECIFIED.);
#307=B_SPLINE_CURVE_WITH_KNOTS('',3,(#9834,#9835,#9836,#9837,#9838),
 .UNSPECIFIED.,.F.,.F.,(4,1,4),(-0.119564906420515,-0.0633858104247118,
0.),.UNSPECIFIED.);
#308=B_SPLINE_CURVE_WITH_KNOTS('',3,(#9851,#9852,#9853,#9854,#9855),
 .UNSPECIFIED.,.F.,.F.,(4,1,4),(0.,0.0599628078834248,0.112988646619447),
 .UNSPECIFIED.);
#309=B_SPLINE_CURVE_WITH_KNOTS('',3,(#9857,#9858,#9859,#9860,#9861),
 .UNSPECIFIED.,.F.,.F.,(4,1,4),(-0.112988646619447,-0.0599628078834248,
0.),.UNSPECIFIED.);
#310=B_SPLINE_CURVE_WITH_KNOTS('',3,(#9874,#9875,#9876,#9877,#9878),
 .UNSPECIFIED.,.F.,.F.,(4,1,4),(0.,0.0499612858529771,0.100762076525682),
 .UNSPECIFIED.);
#311=B_SPLINE_CURVE_WITH_KNOTS('',3,(#9880,#9881,#9882,#9883,#9884),
 .UNSPECIFIED.,.F.,.F.,(4,1,4),(-0.100762076525682,-0.0499612858529771,
0.),.UNSPECIFIED.);
#312=B_SPLINE_CURVE_WITH_KNOTS('',3,(#9897,#9898,#9899,#9900,#9901),
 .UNSPECIFIED.,.F.,.F.,(4,1,4),(0.,0.0645901868198186,0.132574523860997),
 .UNSPECIFIED.);
#313=B_SPLINE_CURVE_WITH_KNOTS('',3,(#9903,#9904,#9905,#9906,#9907),
 .UNSPECIFIED.,.F.,.F.,(4,1,4),(-0.132574523860997,-0.0645901868198186,
0.),.UNSPECIFIED.);
#314=B_SPLINE_CURVE_WITH_KNOTS('',3,(#9919,#9920,#9921,#9922,#9923),
 .UNSPECIFIED.,.F.,.F.,(4,1,4),(0.,0.104417908442059,0.215527378973357),
 .UNSPECIFIED.);
#315=B_SPLINE_CURVE_WITH_KNOTS('',3,(#9924,#9925,#9926,#9927,#9928),
 .UNSPECIFIED.,.F.,.F.,(4,1,4),(-0.215527378973357,-0.104417908442059,0.),
 .UNSPECIFIED.);
#316=B_SPLINE_CURVE_WITH_KNOTS('',3,(#9941,#9942,#9943,#9944,#9945),
 .UNSPECIFIED.,.F.,.F.,(4,1,4),(0.,0.15560486924426,0.294967321978562),
 .UNSPECIFIED.);
#317=B_SPLINE_CURVE_WITH_KNOTS('',3,(#9949,#9950,#9951,#9952,#9953),
 .UNSPECIFIED.,.F.,.F.,(4,1,4),(-0.294967321978562,-0.15560486924426,0.),
 .UNSPECIFIED.);
#318=B_SPLINE_CURVE_WITH_KNOTS('',3,(#9966,#9967,#9968,#9969,#9970),
 .UNSPECIFIED.,.F.,.F.,(4,1,4),(0.,0.135270262065269,0.279511909683296),
 .UNSPECIFIED.);
#319=B_SPLINE_CURVE_WITH_KNOTS('',3,(#9972,#9973,#9974,#9975,#9976),
 .UNSPECIFIED.,.F.,.F.,(4,1,4),(-0.279511909683296,-0.135270262065269,0.),
 .UNSPECIFIED.);
#320=B_SPLINE_CURVE_WITH_KNOTS('',3,(#9989,#9990,#9991,#9992,#9993),
 .UNSPECIFIED.,.F.,.F.,(4,1,4),(0.,0.122768570852005,0.230179500660986),
 .UNSPECIFIED.);
#321=B_SPLINE_CURVE_WITH_KNOTS('',3,(#9995,#9996,#9997,#9998,#9999),
 .UNSPECIFIED.,.F.,.F.,(4,1,4),(-0.230179500660986,-0.122768570852005,0.),
 .UNSPECIFIED.);
#322=B_SPLINE_CURVE_WITH_KNOTS('',3,(#10012,#10013,#10014,#10015,#10016),
 .UNSPECIFIED.,.F.,.F.,(4,1,4),(0.,0.105115127030534,0.220714490867347),
 .UNSPECIFIED.);
#323=B_SPLINE_CURVE_WITH_KNOTS('',3,(#10018,#10019,#10020,#10021,#10022),
 .UNSPECIFIED.,.F.,.F.,(4,1,4),(-0.220714490867347,-0.105115127030534,0.),
 .UNSPECIFIED.);
#324=B_SPLINE_CURVE_WITH_KNOTS('',3,(#10035,#10036,#10037,#10038,#10039),
 .UNSPECIFIED.,.F.,.F.,(4,1,4),(0.,0.141480303696907,0.280567060701095),
 .UNSPECIFIED.);
#325=B_SPLINE_CURVE_WITH_KNOTS('',3,(#10041,#10042,#10043,#10044,#10045),
 .UNSPECIFIED.,.F.,.F.,(4,1,4),(-0.280567060701095,-0.141480303696907,0.),
 .UNSPECIFIED.);
#326=B_SPLINE_CURVE_WITH_KNOTS('',3,(#10058,#10059,#10060,#10061,#10062),
 .UNSPECIFIED.,.F.,.F.,(4,1,4),(0.,0.138584964509577,0.285507267464222),
 .UNSPECIFIED.);
#327=B_SPLINE_CURVE_WITH_KNOTS('',3,(#10064,#10065,#10066,#10067,#10068),
 .UNSPECIFIED.,.F.,.F.,(4,1,4),(-0.285507267464222,-0.138584964509577,0.),
 .UNSPECIFIED.);
#328=B_SPLINE_CURVE_WITH_KNOTS('',3,(#10081,#10082,#10083,#10084,#10085),
 .UNSPECIFIED.,.F.,.F.,(4,1,4),(0.,0.082502388505712,0.159259476474241),
 .UNSPECIFIED.);
#329=B_SPLINE_CURVE_WITH_KNOTS('',3,(#10087,#10088,#10089,#10090,#10091),
 .UNSPECIFIED.,.F.,.F.,(4,1,4),(-0.159259476474241,-0.082502388505712,0.),
 .UNSPECIFIED.);
#330=B_SPLINE_CURVE_WITH_KNOTS('',3,(#10104,#10105,#10106,#10107,#10108),
 .UNSPECIFIED.,.F.,.F.,(4,1,4),(0.,0.0722038904194707,0.142392641375525),
 .UNSPECIFIED.);
#331=B_SPLINE_CURVE_WITH_KNOTS('',3,(#10110,#10111,#10112,#10113,#10114),
 .UNSPECIFIED.,.F.,.F.,(4,1,4),(-0.142392641375525,-0.0722038904194707,
0.),.UNSPECIFIED.);
#332=B_SPLINE_CURVE_WITH_KNOTS('',3,(#10126,#10127,#10128,#10129,#10130),
 .UNSPECIFIED.,.F.,.F.,(4,1,4),(0.,0.0705929644952291,0.141810611817453),
 .UNSPECIFIED.);
#333=B_SPLINE_CURVE_WITH_KNOTS('',3,(#10131,#10132,#10133,#10134,#10135),
 .UNSPECIFIED.,.F.,.F.,(4,1,4),(-0.141810611817453,-0.0705929644952291,
0.),.UNSPECIFIED.);
#334=B_SPLINE_CURVE_WITH_KNOTS('',3,(#10150,#10151,#10152,#10153,#10154),
 .UNSPECIFIED.,.F.,.F.,(4,1,4),(0.,0.0539635765512158,0.102893260628438),
 .UNSPECIFIED.);
#335=B_SPLINE_CURVE_WITH_KNOTS('',3,(#10158,#10159,#10160,#10161,#10162),
 .UNSPECIFIED.,.F.,.F.,(4,1,4),(-0.102893260628438,-0.0539635765512158,
0.),.UNSPECIFIED.);
#336=B_SPLINE_CURVE_WITH_KNOTS('',3,(#10175,#10176,#10177,#10178,#10179),
 .UNSPECIFIED.,.F.,.F.,(4,1,4),(0.,0.0477013560749596,0.0979988285332208),
 .UNSPECIFIED.);
#337=B_SPLINE_CURVE_WITH_KNOTS('',3,(#10181,#10182,#10183,#10184,#10185),
 .UNSPECIFIED.,.F.,.F.,(4,1,4),(-0.0979988285332208,-0.0477013560749596,
0.),.UNSPECIFIED.);
#338=B_SPLINE_CURVE_WITH_KNOTS('',3,(#10198,#10199,#10200,#10201,#10202),
 .UNSPECIFIED.,.F.,.F.,(4,1,4),(0.,0.0515564562297861,0.102853449371362),
 .UNSPECIFIED.);
#339=B_SPLINE_CURVE_WITH_KNOTS('',3,(#10204,#10205,#10206,#10207,#10208),
 .UNSPECIFIED.,.F.,.F.,(4,1,4),(-0.102853449371362,-0.0515564562297861,
0.),.UNSPECIFIED.);
#340=B_SPLINE_CURVE_WITH_KNOTS('',3,(#10221,#10222,#10223,#10224,#10225),
 .UNSPECIFIED.,.F.,.F.,(4,1,4),(0.,0.0552075242729904,0.117698616642378),
 .UNSPECIFIED.);
#341=B_SPLINE_CURVE_WITH_KNOTS('',3,(#10227,#10228,#10229,#10230,#10231),
 .UNSPECIFIED.,.F.,.F.,(4,1,4),(-0.117698616642378,-0.0552075242729904,
0.),.UNSPECIFIED.);
#342=B_SPLINE_CURVE_WITH_KNOTS('',3,(#10244,#10245,#10246,#10247,#10248),
 .UNSPECIFIED.,.F.,.F.,(4,1,4),(0.,0.0633857449975153,0.119564865599382),
 .UNSPECIFIED.);
#343=B_SPLINE_CURVE_WITH_KNOTS('',3,(#10250,#10251,#10252,#10253,#10254),
 .UNSPECIFIED.,.F.,.F.,(4,1,4),(-0.119564865599382,-0.0633857449975153,
0.),.UNSPECIFIED.);
#344=B_SPLINE_CURVE_WITH_KNOTS('',3,(#10267,#10268,#10269,#10270,#10271),
 .UNSPECIFIED.,.F.,.F.,(4,1,4),(0.,0.0599628078834248,0.112988525394394),
 .UNSPECIFIED.);
#345=B_SPLINE_CURVE_WITH_KNOTS('',3,(#10273,#10274,#10275,#10276,#10277),
 .UNSPECIFIED.,.F.,.F.,(4,1,4),(-0.112988525394394,-0.0599628078834248,
0.),.UNSPECIFIED.);
#346=B_SPLINE_CURVE_WITH_KNOTS('',3,(#10290,#10291,#10292,#10293,#10294),
 .UNSPECIFIED.,.F.,.F.,(4,1,4),(0.,0.0499614795345123,0.100762036186077),
 .UNSPECIFIED.);
#347=B_SPLINE_CURVE_WITH_KNOTS('',3,(#10296,#10297,#10298,#10299,#10300),
 .UNSPECIFIED.,.F.,.F.,(4,1,4),(-0.100762036186077,-0.0499614795345123,
0.),.UNSPECIFIED.);
#348=B_SPLINE_CURVE_WITH_KNOTS('',3,(#10313,#10314,#10315,#10316,#10317),
 .UNSPECIFIED.,.F.,.F.,(4,1,4),(0.,0.0645904190332043,0.132574756074383),
 .UNSPECIFIED.);
#349=B_SPLINE_CURVE_WITH_KNOTS('',3,(#10319,#10320,#10321,#10322,#10323),
 .UNSPECIFIED.,.F.,.F.,(4,1,4),(-0.132574756074383,-0.0645904190332043,
0.),.UNSPECIFIED.);
#350=B_SPLINE_CURVE_WITH_KNOTS('',3,(#10335,#10336,#10337,#10338,#10339),
 .UNSPECIFIED.,.F.,.F.,(4,1,4),(0.,0.104418021633818,0.215527456706487),
 .UNSPECIFIED.);
#351=B_SPLINE_CURVE_WITH_KNOTS('',3,(#10340,#10341,#10342,#10343,#10344),
 .UNSPECIFIED.,.F.,.F.,(4,1,4),(-0.215527456706487,-0.104418021633818,0.),
 .UNSPECIFIED.);
#352=B_SPLINE_CURVE_WITH_KNOTS('',3,(#10357,#10358,#10359,#10360,#10361),
 .UNSPECIFIED.,.F.,.F.,(4,1,4),(0.,0.15560486924426,0.294967445845095),
 .UNSPECIFIED.);
#353=B_SPLINE_CURVE_WITH_KNOTS('',3,(#10365,#10366,#10367,#10368,#10369),
 .UNSPECIFIED.,.F.,.F.,(4,1,4),(-0.294967445845095,-0.15560486924426,0.),
 .UNSPECIFIED.);
#354=B_SPLINE_CURVE_WITH_KNOTS('',3,(#10382,#10383,#10384,#10385,#10386),
 .UNSPECIFIED.,.F.,.F.,(4,1,4),(0.,0.135270262065269,0.279511909683296),
 .UNSPECIFIED.);
#355=B_SPLINE_CURVE_WITH_KNOTS('',3,(#10388,#10389,#10390,#10391,#10392),
 .UNSPECIFIED.,.F.,.F.,(4,1,4),(-0.279511909683296,-0.135270262065269,0.),
 .UNSPECIFIED.);
#356=B_SPLINE_CURVE_WITH_KNOTS('',3,(#10405,#10406,#10407,#10408,#10409),
 .UNSPECIFIED.,.F.,.F.,(4,1,4),(0.,0.122768570852005,0.230179297637451),
 .UNSPECIFIED.);
#357=B_SPLINE_CURVE_WITH_KNOTS('',3,(#10411,#10412,#10413,#10414,#10415),
 .UNSPECIFIED.,.F.,.F.,(4,1,4),(-0.230179297637451,-0.122768570852005,0.),
 .UNSPECIFIED.);
#358=B_SPLINE_CURVE_WITH_KNOTS('',3,(#10428,#10429,#10430,#10431,#10432),
 .UNSPECIFIED.,.F.,.F.,(4,1,4),(0.,0.105115127030534,0.220714490867347),
 .UNSPECIFIED.);
#359=B_SPLINE_CURVE_WITH_KNOTS('',3,(#10434,#10435,#10436,#10437,#10438),
 .UNSPECIFIED.,.F.,.F.,(4,1,4),(-0.220714490867347,-0.105115127030534,0.),
 .UNSPECIFIED.);
#360=B_SPLINE_CURVE_WITH_KNOTS('',3,(#10451,#10452,#10453,#10454,#10455),
 .UNSPECIFIED.,.F.,.F.,(4,1,4),(0.,0.141480263392521,0.280567143390592),
 .UNSPECIFIED.);
#361=B_SPLINE_CURVE_WITH_KNOTS('',3,(#10457,#10458,#10459,#10460,#10461),
 .UNSPECIFIED.,.F.,.F.,(4,1,4),(-0.280567143390592,-0.141480263392521,0.),
 .UNSPECIFIED.);
#362=B_SPLINE_CURVE_WITH_KNOTS('',3,(#10474,#10475,#10476,#10477,#10478),
 .UNSPECIFIED.,.F.,.F.,(4,1,4),(0.,0.138585349539886,0.28550718393137),
 .UNSPECIFIED.);
#363=B_SPLINE_CURVE_WITH_KNOTS('',3,(#10480,#10481,#10482,#10483,#10484),
 .UNSPECIFIED.,.F.,.F.,(4,1,4),(-0.28550718393137,-0.138585349539886,0.),
 .UNSPECIFIED.);
#364=B_SPLINE_CURVE_WITH_KNOTS('',3,(#10497,#10498,#10499,#10500,#10501),
 .UNSPECIFIED.,.F.,.F.,(4,1,4),(0.,0.082502388505712,0.159259476474241),
 .UNSPECIFIED.);
#365=B_SPLINE_CURVE_WITH_KNOTS('',3,(#10503,#10504,#10505,#10506,#10507),
 .UNSPECIFIED.,.F.,.F.,(4,1,4),(-0.159259476474241,-0.082502388505712,0.),
 .UNSPECIFIED.);
#366=B_SPLINE_CURVE_WITH_KNOTS('',3,(#10520,#10521,#10522,#10523,#10524),
 .UNSPECIFIED.,.F.,.F.,(4,1,4),(0.,0.0722038904194707,0.142392641375525),
 .UNSPECIFIED.);
#367=B_SPLINE_CURVE_WITH_KNOTS('',3,(#10526,#10527,#10528,#10529,#10530),
 .UNSPECIFIED.,.F.,.F.,(4,1,4),(-0.142392641375525,-0.0722038904194707,
0.),.UNSPECIFIED.);
#368=B_SPLINE_CURVE_WITH_KNOTS('',3,(#10542,#10543,#10544,#10545,#10546),
 .UNSPECIFIED.,.F.,.F.,(4,1,4),(0.,0.0705929644952291,0.141810611817453),
 .UNSPECIFIED.);
#369=B_SPLINE_CURVE_WITH_KNOTS('',3,(#10547,#10548,#10549,#10550,#10551),
 .UNSPECIFIED.,.F.,.F.,(4,1,4),(-0.141810611817453,-0.0705929644952291,
0.),.UNSPECIFIED.);
#370=B_SPLINE_CURVE_WITH_KNOTS('',3,(#10580,#10581,#10582,#10583,#10584),
 .UNSPECIFIED.,.F.,.F.,(4,1,4),(0.,0.135270395927591,0.238683981564066),
 .UNSPECIFIED.);
#371=B_SPLINE_CURVE_WITH_KNOTS('',3,(#10586,#10587,#10588,#10589,#10590),
 .UNSPECIFIED.,.F.,.F.,(4,1,4),(-0.238683981564066,-0.135270395927591,0.),
 .UNSPECIFIED.);
#372=B_SPLINE_CURVE_WITH_KNOTS('',3,(#10603,#10604,#10605,#10606,#10607),
 .UNSPECIFIED.,.F.,.F.,(4,1,4),(0.,0.0375226944970887,0.079602361070267),
 .UNSPECIFIED.);
#373=B_SPLINE_CURVE_WITH_KNOTS('',3,(#10609,#10610,#10611,#10612,#10613),
 .UNSPECIFIED.,.F.,.F.,(4,1,4),(-0.079602361070267,-0.0375226944970887,
0.),.UNSPECIFIED.);
#374=B_SPLINE_CURVE_WITH_KNOTS('',3,(#10632,#10633,#10634,#10635,#10636),
 .UNSPECIFIED.,.F.,.F.,(4,1,4),(0.,0.024118385847795,0.048988027716632),
 .UNSPECIFIED.);
#375=B_SPLINE_CURVE_WITH_KNOTS('',3,(#10638,#10639,#10640,#10641,#10642),
 .UNSPECIFIED.,.F.,.F.,(4,1,4),(-0.048988027716632,-0.024118385847795,0.),
 .UNSPECIFIED.);
#376=B_SPLINE_CURVE_WITH_KNOTS('',3,(#10655,#10656,#10657,#10658,#10659),
 .UNSPECIFIED.,.F.,.F.,(4,1,4),(0.,0.0440230429262574,0.0943062548570213),
 .UNSPECIFIED.);
#377=B_SPLINE_CURVE_WITH_KNOTS('',3,(#10661,#10662,#10663,#10664,#10665),
 .UNSPECIFIED.,.F.,.F.,(4,1,4),(-0.0943062548570213,-0.0440230429262574,
0.),.UNSPECIFIED.);
#378=B_SPLINE_CURVE_WITH_KNOTS('',3,(#10678,#10679,#10680,#10681,#10682),
 .UNSPECIFIED.,.F.,.F.,(4,1,4),(0.,0.0547448996706001,0.111897796591291),
 .UNSPECIFIED.);
#379=B_SPLINE_CURVE_WITH_KNOTS('',3,(#10684,#10685,#10686,#10687,#10688),
 .UNSPECIFIED.,.F.,.F.,(4,1,4),(-0.111897796591291,-0.0547448996706001,
0.),.UNSPECIFIED.);
#380=B_SPLINE_CURVE_WITH_KNOTS('',3,(#10701,#10702,#10703,#10704,#10705),
 .UNSPECIFIED.,.F.,.F.,(4,1,4),(0.,0.0743384367260329,0.179072615824142),
 .UNSPECIFIED.);
#381=B_SPLINE_CURVE_WITH_KNOTS('',3,(#10707,#10708,#10709,#10710,#10711),
 .UNSPECIFIED.,.F.,.F.,(4,1,4),(-0.179072615824142,-0.0743384367260329,
0.),.UNSPECIFIED.);
#382=B_SPLINE_CURVE_WITH_KNOTS('',3,(#10741,#10742,#10743,#10744,#10745),
 .UNSPECIFIED.,.F.,.F.,(4,1,4),(0.,0.00972147402177669,0.016825680975771),
 .UNSPECIFIED.);
#383=B_SPLINE_CURVE_WITH_KNOTS('',3,(#10749,#10750,#10751,#10752,#10753),
 .UNSPECIFIED.,.F.,.F.,(4,1,4),(-0.016825680975771,-0.00972147402177669,
0.),.UNSPECIFIED.);
#384=B_SPLINE_CURVE_WITH_KNOTS('',3,(#10766,#10767,#10768,#10769,#10770),
 .UNSPECIFIED.,.F.,.F.,(4,1,4),(0.,0.0603561632349504,0.108932702091271),
 .UNSPECIFIED.);
#385=B_SPLINE_CURVE_WITH_KNOTS('',3,(#10772,#10773,#10774,#10775,#10776),
 .UNSPECIFIED.,.F.,.F.,(4,1,4),(-0.108932702091271,-0.0603561632349504,
0.),.UNSPECIFIED.);
#386=B_SPLINE_CURVE_WITH_KNOTS('',3,(#10789,#10790,#10791,#10792,#10793),
 .UNSPECIFIED.,.F.,.F.,(4,1,4),(0.,0.0441647721638033,0.091331282378555),
 .UNSPECIFIED.);
#387=B_SPLINE_CURVE_WITH_KNOTS('',3,(#10795,#10796,#10797,#10798,#10799),
 .UNSPECIFIED.,.F.,.F.,(4,1,4),(-0.091331282378555,-0.0441647721638033,
0.),.UNSPECIFIED.);
#388=B_SPLINE_CURVE_WITH_KNOTS('',3,(#10812,#10813,#10814,#10815,#10816),
 .UNSPECIFIED.,.F.,.F.,(4,1,4),(0.,0.0498761357909032,0.10228016011259),
 .UNSPECIFIED.);
#389=B_SPLINE_CURVE_WITH_KNOTS('',3,(#10818,#10819,#10820,#10821,#10822),
 .UNSPECIFIED.,.F.,.F.,(4,1,4),(-0.10228016011259,-0.0498761357909032,0.),
 .UNSPECIFIED.);
#390=B_SPLINE_CURVE_WITH_KNOTS('',3,(#10835,#10836,#10837,#10838,#10839),
 .UNSPECIFIED.,.F.,.F.,(4,1,4),(0.,0.0590858416914358,0.129019835814746),
 .UNSPECIFIED.);
#391=B_SPLINE_CURVE_WITH_KNOTS('',3,(#10841,#10842,#10843,#10844,#10845),
 .UNSPECIFIED.,.F.,.F.,(4,1,4),(-0.129019835814746,-0.0590858416914358,
0.),.UNSPECIFIED.);
#392=B_SPLINE_CURVE_WITH_KNOTS('',3,(#10870,#10871,#10872,#10873,#10874),
 .UNSPECIFIED.,.F.,.F.,(4,1,4),(0.,0.00870795815445922,0.0150875406685372),
 .UNSPECIFIED.);
#393=B_SPLINE_CURVE_WITH_KNOTS('',3,(#10876,#10877,#10878,#10879,#10880),
 .UNSPECIFIED.,.F.,.F.,(4,1,4),(-0.0150875406685372,-0.00870795815445922,
0.),.UNSPECIFIED.);
#394=B_SPLINE_CURVE_WITH_KNOTS('',3,(#10893,#10894,#10895,#10896,#10897),
 .UNSPECIFIED.,.F.,.F.,(4,1,4),(0.,0.0562050941997785,0.107153900795227),
 .UNSPECIFIED.);
#395=B_SPLINE_CURVE_WITH_KNOTS('',3,(#10899,#10900,#10901,#10902,#10903),
 .UNSPECIFIED.,.F.,.F.,(4,1,4),(-0.107153900795227,-0.0562050941997785,
0.),.UNSPECIFIED.);
#396=B_SPLINE_CURVE_WITH_KNOTS('',3,(#10916,#10917,#10918,#10919,#10920),
 .UNSPECIFIED.,.F.,.F.,(4,1,4),(0.,0.0481008594694108,0.0956460121416772),
 .UNSPECIFIED.);
#397=B_SPLINE_CURVE_WITH_KNOTS('',3,(#10922,#10923,#10924,#10925,#10926),
 .UNSPECIFIED.,.F.,.F.,(4,1,4),(-0.0956460121416772,-0.0481008594694108,
0.),.UNSPECIFIED.);
#398=B_SPLINE_CURVE_WITH_KNOTS('',3,(#10939,#10940,#10941,#10942,#10943),
 .UNSPECIFIED.,.F.,.F.,(4,1,4),(0.,0.0768362858020588,0.161831285020726),
 .UNSPECIFIED.);
#399=B_SPLINE_CURVE_WITH_KNOTS('',3,(#10945,#10946,#10947,#10948,#10949),
 .UNSPECIFIED.,.F.,.F.,(4,1,4),(-0.161831285020726,-0.0768362858020588,
0.),.UNSPECIFIED.);
#400=B_SPLINE_CURVE_WITH_KNOTS('',3,(#10968,#10969,#10970,#10971,#10972),
 .UNSPECIFIED.,.F.,.F.,(4,1,4),(0.,0.0936212732180317,0.179865844617332),
 .UNSPECIFIED.);
#401=B_SPLINE_CURVE_WITH_KNOTS('',3,(#10974,#10975,#10976,#10977,#10978),
 .UNSPECIFIED.,.F.,.F.,(4,1,4),(-0.179865844617332,-0.0936212732180317,
0.),.UNSPECIFIED.);
#402=B_SPLINE_CURVE_WITH_KNOTS('',3,(#10991,#10992,#10993,#10994,#10995),
 .UNSPECIFIED.,.F.,.F.,(4,1,4),(0.,0.0842236791658064,0.170983213721185),
 .UNSPECIFIED.);
#403=B_SPLINE_CURVE_WITH_KNOTS('',3,(#10997,#10998,#10999,#11000,#11001),
 .UNSPECIFIED.,.F.,.F.,(4,1,4),(-0.170983213721185,-0.0842236791658064,
0.),.UNSPECIFIED.);
#404=B_SPLINE_CURVE_WITH_KNOTS('',3,(#11014,#11015,#11016,#11017,#11018),
 .UNSPECIFIED.,.F.,.F.,(4,1,4),(0.,0.11418482616244,0.22116496130047),
 .UNSPECIFIED.);
#405=B_SPLINE_CURVE_WITH_KNOTS('',3,(#11020,#11021,#11022,#11023,#11024),
 .UNSPECIFIED.,.F.,.F.,(4,1,4),(-0.22116496130047,-0.11418482616244,0.),
 .UNSPECIFIED.);
#406=B_SPLINE_CURVE_WITH_KNOTS('',3,(#11037,#11038,#11039,#11040,#11041),
 .UNSPECIFIED.,.F.,.F.,(4,1,4),(0.,0.108266258499097,0.226486922874179),
 .UNSPECIFIED.);
#407=B_SPLINE_CURVE_WITH_KNOTS('',3,(#11043,#11044,#11045,#11046,#11047),
 .UNSPECIFIED.,.F.,.F.,(4,1,4),(-0.226486922874179,-0.108266258499097,0.),
 .UNSPECIFIED.);
#408=B_SPLINE_CURVE_WITH_KNOTS('',3,(#11060,#11061,#11062,#11063,#11064),
 .UNSPECIFIED.,.F.,.F.,(4,1,4),(0.,0.120721523733212,0.238637509654168),
 .UNSPECIFIED.);
#409=B_SPLINE_CURVE_WITH_KNOTS('',3,(#11066,#11067,#11068,#11069,#11070),
 .UNSPECIFIED.,.F.,.F.,(4,1,4),(-0.238637509654168,-0.120721523733212,0.),
 .UNSPECIFIED.);
#410=B_SPLINE_CURVE_WITH_KNOTS('',3,(#11083,#11084,#11085,#11086,#11087),
 .UNSPECIFIED.,.F.,.F.,(4,1,4),(0.,0.153245572048612,0.313729942829879),
 .UNSPECIFIED.);
#411=B_SPLINE_CURVE_WITH_KNOTS('',3,(#11089,#11090,#11091,#11092,#11093),
 .UNSPECIFIED.,.F.,.F.,(4,1,4),(-0.313729942829879,-0.153245572048612,0.),
 .UNSPECIFIED.);
#412=B_SPLINE_CURVE_WITH_KNOTS('',3,(#11106,#11107,#11108,#11109,#11110),
 .UNSPECIFIED.,.F.,.F.,(4,1,4),(0.,0.102958945595864,0.197153650672992),
 .UNSPECIFIED.);
#413=B_SPLINE_CURVE_WITH_KNOTS('',3,(#11112,#11113,#11114,#11115,#11116),
 .UNSPECIFIED.,.F.,.F.,(4,1,4),(-0.197153650672992,-0.102958945595864,0.),
 .UNSPECIFIED.);
#414=B_SPLINE_CURVE_WITH_KNOTS('',3,(#11129,#11130,#11131,#11132,#11133),
 .UNSPECIFIED.,.F.,.F.,(4,1,4),(0.,0.0976344722352509,0.210700738768777),
 .UNSPECIFIED.);
#415=B_SPLINE_CURVE_WITH_KNOTS('',3,(#11135,#11136,#11137,#11138,#11139),
 .UNSPECIFIED.,.F.,.F.,(4,1,4),(-0.210700738768777,-0.0976344722352509,
0.),.UNSPECIFIED.);
#416=B_SPLINE_CURVE_WITH_KNOTS('',3,(#11151,#11152,#11153,#11154,#11155),
 .UNSPECIFIED.,.F.,.F.,(4,1,4),(0.,0.0573294494620239,0.109231466668004),
 .UNSPECIFIED.);
#417=B_SPLINE_CURVE_WITH_KNOTS('',3,(#11156,#11157,#11158,#11159,#11160),
 .UNSPECIFIED.,.F.,.F.,(4,1,4),(-0.109231466668004,-0.0573294494620239,
0.),.UNSPECIFIED.);
#418=B_SPLINE_SURFACE_WITH_KNOTS('',3,1,((#8119,#8120),(#8121,#8122),(#8123,
#8124),(#8125,#8126),(#8127,#8128)),.UNSPECIFIED.,.F.,.F.,.F.,(4,1,4),(2,
2),(-0.188193897361857,-0.117269213287448,0.),(0.,0.1),.UNSPECIFIED.);
#419=B_SPLINE_SURFACE_WITH_KNOTS('',3,1,((#8142,#8143),(#8144,#8145),(#8146,
#8147),(#8148,#8149),(#8150,#8151)),.UNSPECIFIED.,.F.,.F.,.F.,(4,1,4),(2,
2),(-0.0904462872699667,-0.0464239163634287,0.),(0.,0.1),.UNSPECIFIED.);
#420=B_SPLINE_SURFACE_WITH_KNOTS('',3,1,((#8165,#8166),(#8167,#8168),(#8169,
#8170),(#8171,#8172),(#8173,#8174)),.UNSPECIFIED.,.F.,.F.,.F.,(4,1,4),(2,
2),(-0.0808002968830157,-0.0416950870902614,0.),(0.,0.1),.UNSPECIFIED.);
#421=B_SPLINE_SURFACE_WITH_KNOTS('',3,1,((#8188,#8189),(#8190,#8191),(#8192,
#8193),(#8194,#8195),(#8196,#8197)),.UNSPECIFIED.,.F.,.F.,.F.,(4,1,4),(2,
2),(-0.0821553743081551,-0.0416659105935739,0.),(0.,0.1),.UNSPECIFIED.);
#422=B_SPLINE_SURFACE_WITH_KNOTS('',3,1,((#8211,#8212),(#8213,#8214),(#8215,
#8216),(#8217,#8218),(#8219,#8220)),.UNSPECIFIED.,.F.,.F.,.F.,(4,1,4),(2,
2),(-0.101858078995239,-0.0381290195907503,0.),(0.,0.1),.UNSPECIFIED.);
#423=B_SPLINE_SURFACE_WITH_KNOTS('',3,1,((#8264,#8265),(#8266,#8267),(#8268,
#8269),(#8270,#8271),(#8272,#8273)),.UNSPECIFIED.,.F.,.F.,.F.,(4,1,4),(2,
2),(-0.153472903051452,-0.0867532027015556,0.),(0.,0.1),.UNSPECIFIED.);
#424=B_SPLINE_SURFACE_WITH_KNOTS('',3,1,((#8287,#8288),(#8289,#8290),(#8291,
#8292),(#8293,#8294),(#8295,#8296)),.UNSPECIFIED.,.F.,.F.,.F.,(4,1,4),(2,
2),(-0.115864186386367,-0.056599034205842,0.),(0.,0.1),.UNSPECIFIED.);
#425=B_SPLINE_SURFACE_WITH_KNOTS('',3,1,((#8310,#8311),(#8312,#8313),(#8314,
#8315),(#8316,#8317),(#8318,#8319)),.UNSPECIFIED.,.F.,.F.,.F.,(4,1,4),(2,
2),(-0.134869818111335,-0.0640756406298069,0.),(0.,0.1),.UNSPECIFIED.);
#426=B_SPLINE_SURFACE_WITH_KNOTS('',3,1,((#8333,#8334),(#8335,#8336),(#8337,
#8338),(#8339,#8340),(#8341,#8342)),.UNSPECIFIED.,.F.,.F.,.F.,(4,1,4),(2,
2),(-0.193862268604588,-0.100253163400051,0.),(0.,0.1),.UNSPECIFIED.);
#427=B_SPLINE_SURFACE_WITH_KNOTS('',3,1,((#8356,#8357),(#8358,#8359),(#8360,
#8361),(#8362,#8363),(#8364,#8365)),.UNSPECIFIED.,.F.,.F.,.F.,(4,1,4),(2,
2),(-0.218419448146837,-0.0995655602259349,0.),(0.,0.1),.UNSPECIFIED.);
#428=B_SPLINE_SURFACE_WITH_KNOTS('',3,1,((#8379,#8380),(#8381,#8382),(#8383,
#8384),(#8385,#8386),(#8387,#8388)),.UNSPECIFIED.,.F.,.F.,.F.,(4,1,4),(2,
2),(-0.101789010790905,-0.0477916102794733,0.),(0.,0.1),.UNSPECIFIED.);
#429=B_SPLINE_SURFACE_WITH_KNOTS('',3,1,((#8402,#8403),(#8404,#8405),(#8406,
#8407),(#8408,#8409),(#8410,#8411)),.UNSPECIFIED.,.F.,.F.,.F.,(4,1,4),(2,
2),(-0.310727566030551,-0.135297912664528,0.),(0.,0.1),.UNSPECIFIED.);
#430=B_SPLINE_SURFACE_WITH_KNOTS('',3,1,((#8431,#8432),(#8433,#8434),(#8435,
#8436),(#8437,#8438),(#8439,#8440)),.UNSPECIFIED.,.F.,.F.,.F.,(4,1,4),(2,
2),(-0.241348311166898,-0.0979459335563195,0.),(0.,0.1),.UNSPECIFIED.);
#431=B_SPLINE_SURFACE_WITH_KNOTS('',3,1,((#8454,#8455),(#8456,#8457),(#8458,
#8459),(#8460,#8461),(#8462,#8463)),.UNSPECIFIED.,.F.,.F.,.F.,(4,1,4),(2,
2),(-0.135742322196896,-0.0782152557622102,0.),(0.,0.1),.UNSPECIFIED.);
#432=B_SPLINE_SURFACE_WITH_KNOTS('',3,1,((#8477,#8478),(#8479,#8480),(#8481,
#8482),(#8483,#8484),(#8485,#8486)),.UNSPECIFIED.,.F.,.F.,.F.,(4,1,4),(2,
2),(-0.0893889789551595,-0.036459159635237,0.),(0.,0.1),.UNSPECIFIED.);
#433=B_SPLINE_SURFACE_WITH_KNOTS('',3,1,((#8568,#8569),(#8570,#8571),(#8572,
#8573),(#8574,#8575),(#8576,#8577)),.UNSPECIFIED.,.F.,.F.,.F.,(4,1,4),(2,
2),(-0.0813382422677419,-0.0561444079697546,0.),(0.,0.1),.UNSPECIFIED.);
#434=B_SPLINE_SURFACE_WITH_KNOTS('',3,1,((#8591,#8592),(#8593,#8594),(#8595,
#8596),(#8597,#8598),(#8599,#8600)),.UNSPECIFIED.,.F.,.F.,.F.,(4,1,4),(2,
2),(-0.0330483835774179,-0.0173017884446869,0.),(0.,0.1),.UNSPECIFIED.);
#435=B_SPLINE_SURFACE_WITH_KNOTS('',3,1,((#8614,#8615),(#8616,#8617),(#8618,
#8619),(#8620,#8621),(#8622,#8623)),.UNSPECIFIED.,.F.,.F.,.F.,(4,1,4),(2,
2),(-0.0459959581957204,-0.0189018384648362,0.),(0.,0.1),.UNSPECIFIED.);
#436=B_SPLINE_SURFACE_WITH_KNOTS('',3,1,((#8637,#8638),(#8639,#8640),(#8641,
#8642),(#8643,#8644),(#8645,#8646)),.UNSPECIFIED.,.F.,.F.,.F.,(4,1,4),(2,
2),(-0.0552376954954275,-0.0193053279501987,0.),(0.,0.1),.UNSPECIFIED.);
#437=B_SPLINE_SURFACE_WITH_KNOTS('',3,1,((#8666,#8667),(#8668,#8669),(#8670,
#8671),(#8672,#8673),(#8674,#8675)),.UNSPECIFIED.,.F.,.F.,.F.,(4,1,4),(2,
2),(-0.0886704806654246,-0.0439722586136558,0.),(0.,0.1),.UNSPECIFIED.);
#438=B_SPLINE_SURFACE_WITH_KNOTS('',3,1,((#8689,#8690),(#8691,#8692),(#8693,
#8694),(#8695,#8696),(#8697,#8698)),.UNSPECIFIED.,.F.,.F.,.F.,(4,1,4),(2,
2),(-0.134493963848125,-0.0765708571473264,0.),(0.,0.1),.UNSPECIFIED.);
#439=B_SPLINE_SURFACE_WITH_KNOTS('',3,1,((#8712,#8713),(#8714,#8715),(#8716,
#8717),(#8718,#8719),(#8720,#8721)),.UNSPECIFIED.,.F.,.F.,.F.,(4,1,4),(2,
2),(-0.105043559208794,-0.0504154332979225,0.),(0.,0.1),.UNSPECIFIED.);
#440=B_SPLINE_SURFACE_WITH_KNOTS('',3,1,((#8735,#8736),(#8737,#8738),(#8739,
#8740),(#8741,#8742),(#8743,#8744)),.UNSPECIFIED.,.F.,.F.,.F.,(4,1,4),(2,
2),(-0.132867841602463,-0.0472697809402133,0.),(0.,0.1),.UNSPECIFIED.);
#441=B_SPLINE_SURFACE_WITH_KNOTS('',3,1,((#8783,#8784),(#8785,#8786),(#8787,
#8788),(#8789,#8790),(#8791,#8792)),.UNSPECIFIED.,.F.,.F.,.F.,(4,1,4),(2,
2),(-0.216420997199274,-0.115357402504131,0.),(0.,0.1),.UNSPECIFIED.);
#442=B_SPLINE_SURFACE_WITH_KNOTS('',3,1,((#8806,#8807),(#8808,#8809),(#8810,
#8811),(#8812,#8813),(#8814,#8815)),.UNSPECIFIED.,.F.,.F.,.F.,(4,1,4),(2,
2),(-0.112602448020118,-0.0620298380661955,0.),(0.,0.1),.UNSPECIFIED.);
#443=B_SPLINE_SURFACE_WITH_KNOTS('',3,1,((#8829,#8830),(#8831,#8832),(#8833,
#8834),(#8835,#8836),(#8837,#8838)),.UNSPECIFIED.,.F.,.F.,.F.,(4,1,4),(2,
2),(-0.0949708567713471,-0.0462969168217252,0.),(0.,0.1),.UNSPECIFIED.);
#444=B_SPLINE_SURFACE_WITH_KNOTS('',3,1,((#8852,#8853),(#8854,#8855),(#8856,
#8857),(#8858,#8859),(#8860,#8861)),.UNSPECIFIED.,.F.,.F.,.F.,(4,1,4),(2,
2),(-0.121024153002277,-0.0576646454185258,0.),(0.,0.1),.UNSPECIFIED.);
#445=B_SPLINE_SURFACE_WITH_KNOTS('',3,1,((#8875,#8876),(#8877,#8878),(#8879,
#8880),(#8881,#8882),(#8883,#8884)),.UNSPECIFIED.,.F.,.F.,.F.,(4,1,4),(2,
2),(-0.128933853413141,-0.0652519233797302,0.),(0.,0.1),.UNSPECIFIED.);
#446=B_SPLINE_SURFACE_WITH_KNOTS('',3,1,((#8898,#8899),(#8900,#8901),(#8902,
#8903),(#8904,#8905),(#8906,#8907)),.UNSPECIFIED.,.F.,.F.,.F.,(4,1,4),(2,
2),(-0.123729710281745,-0.0662556695089805,0.),(0.,0.1),.UNSPECIFIED.);
#447=B_SPLINE_SURFACE_WITH_KNOTS('',3,1,((#8921,#8922),(#8923,#8924),(#8925,
#8926),(#8927,#8928),(#8929,#8930)),.UNSPECIFIED.,.F.,.F.,.F.,(4,1,4),(2,
2),(-0.114697379624509,-0.0552391965993928,0.),(0.,0.1),.UNSPECIFIED.);
#448=B_SPLINE_SURFACE_WITH_KNOTS('',3,1,((#8944,#8945),(#8946,#8947),(#8948,
#8949),(#8950,#8951),(#8952,#8953)),.UNSPECIFIED.,.F.,.F.,.F.,(4,1,4),(2,
2),(-0.111455311300241,-0.0436746514571703,0.),(0.,0.1),.UNSPECIFIED.);
#449=B_SPLINE_SURFACE_WITH_KNOTS('',3,1,((#8985,#8986),(#8987,#8988),(#8989,
#8990),(#8991,#8992),(#8993,#8994)),.UNSPECIFIED.,.F.,.F.,.F.,(4,1,4),(2,
2),(-0.0813358143994718,-0.0564288890138119,0.),(0.,0.1),.UNSPECIFIED.);
#450=B_SPLINE_SURFACE_WITH_KNOTS('',3,1,((#9008,#9009),(#9010,#9011),(#9012,
#9013),(#9014,#9015),(#9016,#9017)),.UNSPECIFIED.,.F.,.F.,.F.,(4,1,4),(2,
2),(-0.0440765784984648,-0.0231509327468595,0.),(0.,0.1),.UNSPECIFIED.);
#451=B_SPLINE_SURFACE_WITH_KNOTS('',3,1,((#9031,#9032),(#9033,#9034),(#9035,
#9036),(#9037,#9038),(#9039,#9040)),.UNSPECIFIED.,.F.,.F.,.F.,(4,1,4),(2,
2),(-0.0493190379355768,-0.0221773189137838,0.),(0.,0.1),.UNSPECIFIED.);
#452=B_SPLINE_SURFACE_WITH_KNOTS('',3,1,((#9054,#9055),(#9056,#9057),(#9058,
#9059),(#9060,#9061),(#9062,#9063)),.UNSPECIFIED.,.F.,.F.,.F.,(4,1,4),(2,
2),(-0.132519871461939,-0.060947574881933,0.),(0.,0.1),.UNSPECIFIED.);
#453=B_SPLINE_SURFACE_WITH_KNOTS('',3,1,((#9077,#9078),(#9079,#9080),(#9081,
#9082),(#9083,#9084),(#9085,#9086)),.UNSPECIFIED.,.F.,.F.,.F.,(4,1,4),(2,
2),(-0.177860955338098,-0.0728629087924372,0.),(0.,0.1),.UNSPECIFIED.);
#454=B_SPLINE_SURFACE_WITH_KNOTS('',3,1,((#9118,#9119),(#9120,#9121),(#9122,
#9123),(#9124,#9125),(#9126,#9127)),.UNSPECIFIED.,.F.,.F.,.F.,(4,1,4),(2,
2),(-0.0846090445795134,-0.0539870294991816,0.),(0.,0.1),.UNSPECIFIED.);
#455=B_SPLINE_SURFACE_WITH_KNOTS('',3,1,((#9141,#9142),(#9143,#9144),(#9145,
#9146),(#9147,#9148),(#9149,#9150)),.UNSPECIFIED.,.F.,.F.,.F.,(4,1,4),(2,
2),(-0.0442727517957567,-0.0225592107859061,0.),(0.,0.1),.UNSPECIFIED.);
#456=B_SPLINE_SURFACE_WITH_KNOTS('',3,1,((#9164,#9165),(#9166,#9167),(#9168,
#9169),(#9170,#9171),(#9172,#9173)),.UNSPECIFIED.,.F.,.F.,.F.,(4,1,4),(2,
2),(-0.0490507756993905,-0.0228823202007191,0.),(0.,0.1),.UNSPECIFIED.);
#457=B_SPLINE_SURFACE_WITH_KNOTS('',3,1,((#9187,#9188),(#9189,#9190),(#9191,
#9192),(#9193,#9194),(#9195,#9196)),.UNSPECIFIED.,.F.,.F.,.F.,(4,1,4),(2,
2),(-0.0590249807740211,-0.0279820282179479,0.),(0.,0.1),.UNSPECIFIED.);
#458=B_SPLINE_SURFACE_WITH_KNOTS('',3,1,((#9210,#9211),(#9212,#9213),(#9214,
#9215),(#9216,#9217),(#9218,#9219)),.UNSPECIFIED.,.F.,.F.,.F.,(4,1,4),(2,
2),(-0.0679383528904705,-0.0333219357801527,0.),(0.,0.1),.UNSPECIFIED.);
#459=B_SPLINE_SURFACE_WITH_KNOTS('',3,1,((#9233,#9234),(#9235,#9236),(#9237,
#9238),(#9239,#9240),(#9241,#9242)),.UNSPECIFIED.,.F.,.F.,.F.,(4,1,4),(2,
2),(-0.0823225395242106,-0.0382509170965583,0.),(0.,0.1),.UNSPECIFIED.);
#460=B_SPLINE_SURFACE_WITH_KNOTS('',3,1,((#9256,#9257),(#9258,#9259),(#9260,
#9261),(#9262,#9263),(#9264,#9265)),.UNSPECIFIED.,.F.,.F.,.F.,(4,1,4),(2,
2),(-0.0971967314033038,-0.0352667552478886,0.),(0.,0.1),.UNSPECIFIED.);
#461=B_SPLINE_SURFACE_WITH_KNOTS('',3,1,((#9304,#9305),(#9306,#9307),(#9308,
#9309),(#9310,#9311),(#9312,#9313)),.UNSPECIFIED.,.F.,.F.,.F.,(4,1,4),(2,
2),(-0.27115073226588,-0.141841311913882,0.),(0.,0.1),.UNSPECIFIED.);
#462=B_SPLINE_SURFACE_WITH_KNOTS('',3,1,((#9327,#9328),(#9329,#9330),(#9331,
#9332),(#9333,#9334),(#9335,#9336)),.UNSPECIFIED.,.F.,.F.,.F.,(4,1,4),(2,
2),(-0.256703417628364,-0.125599449156728,0.),(0.,0.1),.UNSPECIFIED.);
#463=B_SPLINE_SURFACE_WITH_KNOTS('',3,1,((#9350,#9351),(#9352,#9353),(#9354,
#9355),(#9356,#9357),(#9358,#9359)),.UNSPECIFIED.,.F.,.F.,.F.,(4,1,4),(2,
2),(-0.267244395419485,-0.140907211363016,0.),(0.,0.1),.UNSPECIFIED.);
#464=B_SPLINE_SURFACE_WITH_KNOTS('',3,1,((#9373,#9374),(#9375,#9376),(#9377,
#9378),(#9379,#9380),(#9381,#9382)),.UNSPECIFIED.,.F.,.F.,.F.,(4,1,4),(2,
2),(-0.291556489302806,-0.132613980259462,0.),(0.,0.1),.UNSPECIFIED.);
#465=B_SPLINE_SURFACE_WITH_KNOTS('',3,1,((#9396,#9397),(#9398,#9399),(#9400,
#9401),(#9402,#9403),(#9404,#9405)),.UNSPECIFIED.,.F.,.F.,.F.,(4,1,4),(2,
2),(-0.273521048675565,-0.139569421431601,0.),(0.,0.1),.UNSPECIFIED.);
#466=B_SPLINE_SURFACE_WITH_KNOTS('',3,1,((#9419,#9420),(#9421,#9422),(#9423,
#9424),(#9425,#9426),(#9427,#9428)),.UNSPECIFIED.,.F.,.F.,.F.,(4,1,4),(2,
2),(-0.248615050170376,-0.127302225594199,0.),(0.,0.1),.UNSPECIFIED.);
#467=B_SPLINE_SURFACE_WITH_KNOTS('',3,1,((#9442,#9443),(#9444,#9445),(#9446,
#9447),(#9448,#9449),(#9450,#9451)),.UNSPECIFIED.,.F.,.F.,.F.,(4,1,4),(2,
2),(-0.238388730658391,-0.119037974810162,0.),(0.,0.1),.UNSPECIFIED.);
#468=B_SPLINE_SURFACE_WITH_KNOTS('',3,1,((#9465,#9466),(#9467,#9468),(#9469,
#9470),(#9471,#9472),(#9473,#9474)),.UNSPECIFIED.,.F.,.F.,.F.,(4,1,4),(2,
2),(-0.239129594950384,-0.126164757986034,0.),(0.,0.1),.UNSPECIFIED.);
#469=B_SPLINE_SURFACE_WITH_KNOTS('',3,1,((#9488,#9489),(#9490,#9491),(#9492,
#9493),(#9494,#9495),(#9496,#9497)),.UNSPECIFIED.,.F.,.F.,.F.,(4,1,4),(2,
2),(-0.229214269366824,-0.110496590183672,0.),(0.,0.1),.UNSPECIFIED.);
#470=B_SPLINE_SURFACE_WITH_KNOTS('',3,1,((#9517,#9518),(#9519,#9520),(#9521,
#9522),(#9523,#9524),(#9525,#9526)),.UNSPECIFIED.,.F.,.F.,.F.,(4,1,4),(2,
2),(-0.121967394417086,-0.0671588836384139,0.),(0.,0.1),.UNSPECIFIED.);
#471=B_SPLINE_SURFACE_WITH_KNOTS('',3,1,((#9540,#9541),(#9542,#9543),(#9544,
#9545),(#9546,#9547),(#9548,#9549)),.UNSPECIFIED.,.F.,.F.,.F.,(4,1,4),(2,
2),(-0.112714754679865,-0.0526310120455322,0.),(0.,0.1),.UNSPECIFIED.);
#472=B_SPLINE_SURFACE_WITH_KNOTS('',3,1,((#9563,#9564),(#9565,#9566),(#9567,
#9568),(#9569,#9570),(#9571,#9572)),.UNSPECIFIED.,.F.,.F.,.F.,(4,1,4),(2,
2),(-0.144132918618648,-0.070945102669317,0.),(0.,0.1),.UNSPECIFIED.);
#473=B_SPLINE_SURFACE_WITH_KNOTS('',3,1,((#9586,#9587),(#9588,#9589),(#9590,
#9591),(#9592,#9593),(#9594,#9595)),.UNSPECIFIED.,.F.,.F.,.F.,(4,1,4),(2,
2),(-0.17233937057625,-0.0799475376191788,0.),(0.,0.1),.UNSPECIFIED.);
#474=B_SPLINE_SURFACE_WITH_KNOTS('',3,1,((#9609,#9610),(#9611,#9612),(#9613,
#9614),(#9615,#9616),(#9617,#9618)),.UNSPECIFIED.,.F.,.F.,.F.,(4,1,4),(2,
2),(-0.19163853867941,-0.0977428757532803,0.),(0.,0.1),.UNSPECIFIED.);
#475=B_SPLINE_SURFACE_WITH_KNOTS('',3,1,((#9632,#9633),(#9634,#9635),(#9636,
#9637),(#9638,#9639),(#9640,#9641)),.UNSPECIFIED.,.F.,.F.,.F.,(4,1,4),(2,
2),(-0.167916720880801,-0.0912757895486094,0.),(0.,0.1),.UNSPECIFIED.);
#476=B_SPLINE_SURFACE_WITH_KNOTS('',3,1,((#9655,#9656),(#9657,#9658),(#9659,
#9660),(#9661,#9662),(#9663,#9664)),.UNSPECIFIED.,.F.,.F.,.F.,(4,1,4),(2,
2),(-0.13752576534943,-0.0690563564425878,0.),(0.,0.1),.UNSPECIFIED.);
#477=B_SPLINE_SURFACE_WITH_KNOTS('',3,1,((#9678,#9679),(#9680,#9681),(#9682,
#9683),(#9684,#9685),(#9686,#9687)),.UNSPECIFIED.,.F.,.F.,.F.,(4,1,4),(2,
2),(-0.133876228571036,-0.0659378016489236,0.),(0.,0.1),.UNSPECIFIED.);
#478=B_SPLINE_SURFACE_WITH_KNOTS('',3,1,((#9701,#9702),(#9703,#9704),(#9705,
#9706),(#9707,#9708),(#9709,#9710)),.UNSPECIFIED.,.F.,.F.,.F.,(4,1,4),(2,
2),(-0.157138327996285,-0.0736363418996579,0.),(0.,0.1),.UNSPECIFIED.);
#479=B_SPLINE_SURFACE_WITH_KNOTS('',3,1,((#9722,#9723),(#9724,#9725),(#9726,
#9727),(#9728,#9729),(#9730,#9731)),.UNSPECIFIED.,.F.,.F.,.F.,(4,1,4),(2,
2),(-0.102893260628438,-0.0539635765512158,0.),(0.,0.1),.UNSPECIFIED.);
#480=B_SPLINE_SURFACE_WITH_KNOTS('',3,1,((#9748,#9749),(#9750,#9751),(#9752,
#9753),(#9754,#9755),(#9756,#9757)),.UNSPECIFIED.,.F.,.F.,.F.,(4,1,4),(2,
2),(-0.097999063177259,-0.0477013560749596,0.),(0.,0.1),.UNSPECIFIED.);
#481=B_SPLINE_SURFACE_WITH_KNOTS('',3,1,((#9771,#9772),(#9773,#9774),(#9775,
#9776),(#9777,#9778),(#9779,#9780)),.UNSPECIFIED.,.F.,.F.,.F.,(4,1,4),(2,
2),(-0.102853214088938,-0.051556220947362,0.),(0.,0.1),.UNSPECIFIED.);
#482=B_SPLINE_SURFACE_WITH_KNOTS('',3,1,((#9794,#9795),(#9796,#9797),(#9798,
#9799),(#9800,#9801),(#9802,#9803)),.UNSPECIFIED.,.F.,.F.,.F.,(4,1,4),(2,
2),(-0.117698562571472,-0.0552073640203601,0.),(0.,0.1),.UNSPECIFIED.);
#483=B_SPLINE_SURFACE_WITH_KNOTS('',3,1,((#9817,#9818),(#9819,#9820),(#9821,
#9822),(#9823,#9824),(#9825,#9826)),.UNSPECIFIED.,.F.,.F.,.F.,(4,1,4),(2,
2),(-0.119564906420515,-0.0633858104247118,0.),(0.,0.1),.UNSPECIFIED.);
#484=B_SPLINE_SURFACE_WITH_KNOTS('',3,1,((#9840,#9841),(#9842,#9843),(#9844,
#9845),(#9846,#9847),(#9848,#9849)),.UNSPECIFIED.,.F.,.F.,.F.,(4,1,4),(2,
2),(-0.112988646619447,-0.0599628078834248,0.),(0.,0.1),.UNSPECIFIED.);
#485=B_SPLINE_SURFACE_WITH_KNOTS('',3,1,((#9863,#9864),(#9865,#9866),(#9867,
#9868),(#9869,#9870),(#9871,#9872)),.UNSPECIFIED.,.F.,.F.,.F.,(4,1,4),(2,
2),(-0.100762076525682,-0.0499612858529771,0.),(0.,0.1),.UNSPECIFIED.);
#486=B_SPLINE_SURFACE_WITH_KNOTS('',3,1,((#9886,#9887),(#9888,#9889),(#9890,
#9891),(#9892,#9893),(#9894,#9895)),.UNSPECIFIED.,.F.,.F.,.F.,(4,1,4),(2,
2),(-0.132574523860997,-0.0645901868198186,0.),(0.,0.1),.UNSPECIFIED.);
#487=B_SPLINE_SURFACE_WITH_KNOTS('',3,1,((#9909,#9910),(#9911,#9912),(#9913,
#9914),(#9915,#9916),(#9917,#9918)),.UNSPECIFIED.,.F.,.F.,.F.,(4,1,4),(2,
2),(-0.215527378973357,-0.104417908442059,0.),(0.,0.1),.UNSPECIFIED.);
#488=B_SPLINE_SURFACE_WITH_KNOTS('',3,1,((#9929,#9930),(#9931,#9932),(#9933,
#9934),(#9935,#9936),(#9937,#9938)),.UNSPECIFIED.,.F.,.F.,.F.,(4,1,4),(2,
2),(-0.294967321978562,-0.15560486924426,0.),(0.,0.1),.UNSPECIFIED.);
#489=B_SPLINE_SURFACE_WITH_KNOTS('',3,1,((#9955,#9956),(#9957,#9958),(#9959,
#9960),(#9961,#9962),(#9963,#9964)),.UNSPECIFIED.,.F.,.F.,.F.,(4,1,4),(2,
2),(-0.279511909683296,-0.135270262065269,0.),(0.,0.1),.UNSPECIFIED.);
#490=B_SPLINE_SURFACE_WITH_KNOTS('',3,1,((#9978,#9979),(#9980,#9981),(#9982,
#9983),(#9984,#9985),(#9986,#9987)),.UNSPECIFIED.,.F.,.F.,.F.,(4,1,4),(2,
2),(-0.230179500660986,-0.122768570852005,0.),(0.,0.1),.UNSPECIFIED.);
#491=B_SPLINE_SURFACE_WITH_KNOTS('',3,1,((#10001,#10002),(#10003,#10004),
(#10005,#10006),(#10007,#10008),(#10009,#10010)),.UNSPECIFIED.,.F.,.F.,
 .F.,(4,1,4),(2,2),(-0.220714490867347,-0.105115127030534,0.),(0.,0.1),
 .UNSPECIFIED.);
#492=B_SPLINE_SURFACE_WITH_KNOTS('',3,1,((#10024,#10025),(#10026,#10027),
(#10028,#10029),(#10030,#10031),(#10032,#10033)),.UNSPECIFIED.,.F.,.F.,
 .F.,(4,1,4),(2,2),(-0.280567060701095,-0.141480303696907,0.),(0.,0.1),
 .UNSPECIFIED.);
#493=B_SPLINE_SURFACE_WITH_KNOTS('',3,1,((#10047,#10048),(#10049,#10050),
(#10051,#10052),(#10053,#10054),(#10055,#10056)),.UNSPECIFIED.,.F.,.F.,
 .F.,(4,1,4),(2,2),(-0.285507267464222,-0.138584964509577,0.),(0.,0.1),
 .UNSPECIFIED.);
#494=B_SPLINE_SURFACE_WITH_KNOTS('',3,1,((#10070,#10071),(#10072,#10073),
(#10074,#10075),(#10076,#10077),(#10078,#10079)),.UNSPECIFIED.,.F.,.F.,
 .F.,(4,1,4),(2,2),(-0.159259476474241,-0.082502388505712,0.),(0.,0.1),
 .UNSPECIFIED.);
#495=B_SPLINE_SURFACE_WITH_KNOTS('',3,1,((#10093,#10094),(#10095,#10096),
(#10097,#10098),(#10099,#10100),(#10101,#10102)),.UNSPECIFIED.,.F.,.F.,
 .F.,(4,1,4),(2,2),(-0.142392641375525,-0.0722038904194707,0.),(0.,0.1),
 .UNSPECIFIED.);
#496=B_SPLINE_SURFACE_WITH_KNOTS('',3,1,((#10116,#10117),(#10118,#10119),
(#10120,#10121),(#10122,#10123),(#10124,#10125)),.UNSPECIFIED.,.F.,.F.,
 .F.,(4,1,4),(2,2),(-0.141810611817453,-0.0705929644952291,0.),(0.,0.1),
 .UNSPECIFIED.);
#497=B_SPLINE_SURFACE_WITH_KNOTS('',3,1,((#10138,#10139),(#10140,#10141),
(#10142,#10143),(#10144,#10145),(#10146,#10147)),.UNSPECIFIED.,.F.,.F.,
 .F.,(4,1,4),(2,2),(-0.102893260628438,-0.0539635765512158,0.),(0.,0.1),
 .UNSPECIFIED.);
#498=B_SPLINE_SURFACE_WITH_KNOTS('',3,1,((#10164,#10165),(#10166,#10167),
(#10168,#10169),(#10170,#10171),(#10172,#10173)),.UNSPECIFIED.,.F.,.F.,
 .F.,(4,1,4),(2,2),(-0.0979988285332208,-0.0477013560749596,0.),(0.,0.1),
 .UNSPECIFIED.);
#499=B_SPLINE_SURFACE_WITH_KNOTS('',3,1,((#10187,#10188),(#10189,#10190),
(#10191,#10192),(#10193,#10194),(#10195,#10196)),.UNSPECIFIED.,.F.,.F.,
 .F.,(4,1,4),(2,2),(-0.102853449371362,-0.0515564562297861,0.),(0.,0.1),
 .UNSPECIFIED.);
#500=B_SPLINE_SURFACE_WITH_KNOTS('',3,1,((#10210,#10211),(#10212,#10213),
(#10214,#10215),(#10216,#10217),(#10218,#10219)),.UNSPECIFIED.,.F.,.F.,
 .F.,(4,1,4),(2,2),(-0.117698616642378,-0.0552075242729904,0.),(0.,0.1),
 .UNSPECIFIED.);
#501=B_SPLINE_SURFACE_WITH_KNOTS('',3,1,((#10233,#10234),(#10235,#10236),
(#10237,#10238),(#10239,#10240),(#10241,#10242)),.UNSPECIFIED.,.F.,.F.,
 .F.,(4,1,4),(2,2),(-0.119564865599382,-0.0633857449975153,0.),(0.,0.1),
 .UNSPECIFIED.);
#502=B_SPLINE_SURFACE_WITH_KNOTS('',3,1,((#10256,#10257),(#10258,#10259),
(#10260,#10261),(#10262,#10263),(#10264,#10265)),.UNSPECIFIED.,.F.,.F.,
 .F.,(4,1,4),(2,2),(-0.112988525394394,-0.0599628078834248,0.),(0.,0.1),
 .UNSPECIFIED.);
#503=B_SPLINE_SURFACE_WITH_KNOTS('',3,1,((#10279,#10280),(#10281,#10282),
(#10283,#10284),(#10285,#10286),(#10287,#10288)),.UNSPECIFIED.,.F.,.F.,
 .F.,(4,1,4),(2,2),(-0.100762036186077,-0.0499614795345123,0.),(0.,0.1),
 .UNSPECIFIED.);
#504=B_SPLINE_SURFACE_WITH_KNOTS('',3,1,((#10302,#10303),(#10304,#10305),
(#10306,#10307),(#10308,#10309),(#10310,#10311)),.UNSPECIFIED.,.F.,.F.,
 .F.,(4,1,4),(2,2),(-0.132574756074383,-0.0645904190332043,0.),(0.,0.1),
 .UNSPECIFIED.);
#505=B_SPLINE_SURFACE_WITH_KNOTS('',3,1,((#10325,#10326),(#10327,#10328),
(#10329,#10330),(#10331,#10332),(#10333,#10334)),.UNSPECIFIED.,.F.,.F.,
 .F.,(4,1,4),(2,2),(-0.215527456706487,-0.104418021633818,0.),(0.,0.1),
 .UNSPECIFIED.);
#506=B_SPLINE_SURFACE_WITH_KNOTS('',3,1,((#10345,#10346),(#10347,#10348),
(#10349,#10350),(#10351,#10352),(#10353,#10354)),.UNSPECIFIED.,.F.,.F.,
 .F.,(4,1,4),(2,2),(-0.294967445845095,-0.15560486924426,0.),(0.,0.1),
 .UNSPECIFIED.);
#507=B_SPLINE_SURFACE_WITH_KNOTS('',3,1,((#10371,#10372),(#10373,#10374),
(#10375,#10376),(#10377,#10378),(#10379,#10380)),.UNSPECIFIED.,.F.,.F.,
 .F.,(4,1,4),(2,2),(-0.279511909683296,-0.135270262065269,0.),(0.,0.1),
 .UNSPECIFIED.);
#508=B_SPLINE_SURFACE_WITH_KNOTS('',3,1,((#10394,#10395),(#10396,#10397),
(#10398,#10399),(#10400,#10401),(#10402,#10403)),.UNSPECIFIED.,.F.,.F.,
 .F.,(4,1,4),(2,2),(-0.230179297637451,-0.122768570852005,0.),(0.,0.1),
 .UNSPECIFIED.);
#509=B_SPLINE_SURFACE_WITH_KNOTS('',3,1,((#10417,#10418),(#10419,#10420),
(#10421,#10422),(#10423,#10424),(#10425,#10426)),.UNSPECIFIED.,.F.,.F.,
 .F.,(4,1,4),(2,2),(-0.220714490867347,-0.105115127030534,0.),(0.,0.1),
 .UNSPECIFIED.);
#510=B_SPLINE_SURFACE_WITH_KNOTS('',3,1,((#10440,#10441),(#10442,#10443),
(#10444,#10445),(#10446,#10447),(#10448,#10449)),.UNSPECIFIED.,.F.,.F.,
 .F.,(4,1,4),(2,2),(-0.280567143390592,-0.141480263392521,0.),(0.,0.1),
 .UNSPECIFIED.);
#511=B_SPLINE_SURFACE_WITH_KNOTS('',3,1,((#10463,#10464),(#10465,#10466),
(#10467,#10468),(#10469,#10470),(#10471,#10472)),.UNSPECIFIED.,.F.,.F.,
 .F.,(4,1,4),(2,2),(-0.28550718393137,-0.138585349539886,0.),(0.,0.1),
 .UNSPECIFIED.);
#512=B_SPLINE_SURFACE_WITH_KNOTS('',3,1,((#10486,#10487),(#10488,#10489),
(#10490,#10491),(#10492,#10493),(#10494,#10495)),.UNSPECIFIED.,.F.,.F.,
 .F.,(4,1,4),(2,2),(-0.159259476474241,-0.082502388505712,0.),(0.,0.1),
 .UNSPECIFIED.);
#513=B_SPLINE_SURFACE_WITH_KNOTS('',3,1,((#10509,#10510),(#10511,#10512),
(#10513,#10514),(#10515,#10516),(#10517,#10518)),.UNSPECIFIED.,.F.,.F.,
 .F.,(4,1,4),(2,2),(-0.142392641375525,-0.0722038904194707,0.),(0.,0.1),
 .UNSPECIFIED.);
#514=B_SPLINE_SURFACE_WITH_KNOTS('',3,1,((#10532,#10533),(#10534,#10535),
(#10536,#10537),(#10538,#10539),(#10540,#10541)),.UNSPECIFIED.,.F.,.F.,
 .F.,(4,1,4),(2,2),(-0.141810611817453,-0.0705929644952291,0.),(0.,0.1),
 .UNSPECIFIED.);
#515=B_SPLINE_SURFACE_WITH_KNOTS('',3,1,((#10569,#10570),(#10571,#10572),
(#10573,#10574),(#10575,#10576),(#10577,#10578)),.UNSPECIFIED.,.F.,.F.,
 .F.,(4,1,4),(2,2),(-0.238683981564066,-0.135270395927591,0.),(0.,0.1),
 .UNSPECIFIED.);
#516=B_SPLINE_SURFACE_WITH_KNOTS('',3,1,((#10592,#10593),(#10594,#10595),
(#10596,#10597),(#10598,#10599),(#10600,#10601)),.UNSPECIFIED.,.F.,.F.,
 .F.,(4,1,4),(2,2),(-0.079602361070267,-0.0375226944970887,0.),(0.,0.1),
 .UNSPECIFIED.);
#517=B_SPLINE_SURFACE_WITH_KNOTS('',3,1,((#10621,#10622),(#10623,#10624),
(#10625,#10626),(#10627,#10628),(#10629,#10630)),.UNSPECIFIED.,.F.,.F.,
 .F.,(4,1,4),(2,2),(-0.048988027716632,-0.024118385847795,0.),(0.,0.1),
 .UNSPECIFIED.);
#518=B_SPLINE_SURFACE_WITH_KNOTS('',3,1,((#10644,#10645),(#10646,#10647),
(#10648,#10649),(#10650,#10651),(#10652,#10653)),.UNSPECIFIED.,.F.,.F.,
 .F.,(4,1,4),(2,2),(-0.0943062548570213,-0.0440230429262574,0.),(0.,0.1),
 .UNSPECIFIED.);
#519=B_SPLINE_SURFACE_WITH_KNOTS('',3,1,((#10667,#10668),(#10669,#10670),
(#10671,#10672),(#10673,#10674),(#10675,#10676)),.UNSPECIFIED.,.F.,.F.,
 .F.,(4,1,4),(2,2),(-0.111897796591291,-0.0547448996706001,0.),(0.,0.1),
 .UNSPECIFIED.);
#520=B_SPLINE_SURFACE_WITH_KNOTS('',3,1,((#10690,#10691),(#10692,#10693),
(#10694,#10695),(#10696,#10697),(#10698,#10699)),.UNSPECIFIED.,.F.,.F.,
 .F.,(4,1,4),(2,2),(-0.179072615824142,-0.0743384367260329,0.),(0.,0.1),
 .UNSPECIFIED.);
#521=B_SPLINE_SURFACE_WITH_KNOTS('',3,1,((#10729,#10730),(#10731,#10732),
(#10733,#10734),(#10735,#10736),(#10737,#10738)),.UNSPECIFIED.,.F.,.F.,
 .F.,(4,1,4),(2,2),(-0.016825680975771,-0.00972147402177669,0.),(0.,0.1),
 .UNSPECIFIED.);
#522=B_SPLINE_SURFACE_WITH_KNOTS('',3,1,((#10755,#10756),(#10757,#10758),
(#10759,#10760),(#10761,#10762),(#10763,#10764)),.UNSPECIFIED.,.F.,.F.,
 .F.,(4,1,4),(2,2),(-0.108932702091271,-0.0603561632349504,0.),(0.,0.1),
 .UNSPECIFIED.);
#523=B_SPLINE_SURFACE_WITH_KNOTS('',3,1,((#10778,#10779),(#10780,#10781),
(#10782,#10783),(#10784,#10785),(#10786,#10787)),.UNSPECIFIED.,.F.,.F.,
 .F.,(4,1,4),(2,2),(-0.091331282378555,-0.0441647721638033,0.),(0.,0.1),
 .UNSPECIFIED.);
#524=B_SPLINE_SURFACE_WITH_KNOTS('',3,1,((#10801,#10802),(#10803,#10804),
(#10805,#10806),(#10807,#10808),(#10809,#10810)),.UNSPECIFIED.,.F.,.F.,
 .F.,(4,1,4),(2,2),(-0.10228016011259,-0.0498761357909032,0.),(0.,0.1),
 .UNSPECIFIED.);
#525=B_SPLINE_SURFACE_WITH_KNOTS('',3,1,((#10824,#10825),(#10826,#10827),
(#10828,#10829),(#10830,#10831),(#10832,#10833)),.UNSPECIFIED.,.F.,.F.,
 .F.,(4,1,4),(2,2),(-0.129019835814746,-0.0590858416914358,0.),(0.,0.1),
 .UNSPECIFIED.);
#526=B_SPLINE_SURFACE_WITH_KNOTS('',3,1,((#10859,#10860),(#10861,#10862),
(#10863,#10864),(#10865,#10866),(#10867,#10868)),.UNSPECIFIED.,.F.,.F.,
 .F.,(4,1,4),(2,2),(-0.0150875406685372,-0.00870795815445922,0.),(0.,0.1),
 .UNSPECIFIED.);
#527=B_SPLINE_SURFACE_WITH_KNOTS('',3,1,((#10882,#10883),(#10884,#10885),
(#10886,#10887),(#10888,#10889),(#10890,#10891)),.UNSPECIFIED.,.F.,.F.,
 .F.,(4,1,4),(2,2),(-0.107153900795227,-0.0562050941997785,0.),(0.,0.1),
 .UNSPECIFIED.);
#528=B_SPLINE_SURFACE_WITH_KNOTS('',3,1,((#10905,#10906),(#10907,#10908),
(#10909,#10910),(#10911,#10912),(#10913,#10914)),.UNSPECIFIED.,.F.,.F.,
 .F.,(4,1,4),(2,2),(-0.0956460121416772,-0.0481008594694108,0.),(0.,0.1),
 .UNSPECIFIED.);
#529=B_SPLINE_SURFACE_WITH_KNOTS('',3,1,((#10928,#10929),(#10930,#10931),
(#10932,#10933),(#10934,#10935),(#10936,#10937)),.UNSPECIFIED.,.F.,.F.,
 .F.,(4,1,4),(2,2),(-0.161831285020726,-0.0768362858020588,0.),(0.,0.1),
 .UNSPECIFIED.);
#530=B_SPLINE_SURFACE_WITH_KNOTS('',3,1,((#10957,#10958),(#10959,#10960),
(#10961,#10962),(#10963,#10964),(#10965,#10966)),.UNSPECIFIED.,.F.,.F.,
 .F.,(4,1,4),(2,2),(-0.179865844617332,-0.0936212732180317,0.),(0.,0.1),
 .UNSPECIFIED.);
#531=B_SPLINE_SURFACE_WITH_KNOTS('',3,1,((#10980,#10981),(#10982,#10983),
(#10984,#10985),(#10986,#10987),(#10988,#10989)),.UNSPECIFIED.,.F.,.F.,
 .F.,(4,1,4),(2,2),(-0.170983213721185,-0.0842236791658064,0.),(0.,0.1),
 .UNSPECIFIED.);
#532=B_SPLINE_SURFACE_WITH_KNOTS('',3,1,((#11003,#11004),(#11005,#11006),
(#11007,#11008),(#11009,#11010),(#11011,#11012)),.UNSPECIFIED.,.F.,.F.,
 .F.,(4,1,4),(2,2),(-0.22116496130047,-0.11418482616244,0.),(0.,0.1),
 .UNSPECIFIED.);
#533=B_SPLINE_SURFACE_WITH_KNOTS('',3,1,((#11026,#11027),(#11028,#11029),
(#11030,#11031),(#11032,#11033),(#11034,#11035)),.UNSPECIFIED.,.F.,.F.,
 .F.,(4,1,4),(2,2),(-0.226486922874179,-0.108266258499097,0.),(0.,0.1),
 .UNSPECIFIED.);
#534=B_SPLINE_SURFACE_WITH_KNOTS('',3,1,((#11049,#11050),(#11051,#11052),
(#11053,#11054),(#11055,#11056),(#11057,#11058)),.UNSPECIFIED.,.F.,.F.,
 .F.,(4,1,4),(2,2),(-0.238637509654168,-0.120721523733212,0.),(0.,0.1),
 .UNSPECIFIED.);
#535=B_SPLINE_SURFACE_WITH_KNOTS('',3,1,((#11072,#11073),(#11074,#11075),
(#11076,#11077),(#11078,#11079),(#11080,#11081)),.UNSPECIFIED.,.F.,.F.,
 .F.,(4,1,4),(2,2),(-0.313729942829879,-0.153245572048612,0.),(0.,0.1),
 .UNSPECIFIED.);
#536=B_SPLINE_SURFACE_WITH_KNOTS('',3,1,((#11095,#11096),(#11097,#11098),
(#11099,#11100),(#11101,#11102),(#11103,#11104)),.UNSPECIFIED.,.F.,.F.,
 .F.,(4,1,4),(2,2),(-0.197153650672992,-0.102958945595864,0.),(0.,0.1),
 .UNSPECIFIED.);
#537=B_SPLINE_SURFACE_WITH_KNOTS('',3,1,((#11118,#11119),(#11120,#11121),
(#11122,#11123),(#11124,#11125),(#11126,#11127)),.UNSPECIFIED.,.F.,.F.,
 .F.,(4,1,4),(2,2),(-0.210700738768777,-0.0976344722352509,0.),(0.,0.1),
 .UNSPECIFIED.);
#538=B_SPLINE_SURFACE_WITH_KNOTS('',3,1,((#11141,#11142),(#11143,#11144),
(#11145,#11146),(#11147,#11148),(#11149,#11150)),.UNSPECIFIED.,.F.,.F.,
 .F.,(4,1,4),(2,2),(-0.109231466668004,-0.0573294494620239,0.),(0.,0.1),
 .UNSPECIFIED.);
#539=FACE_OUTER_BOUND('',#872,.T.);
#540=FACE_OUTER_BOUND('',#873,.T.);
#541=FACE_OUTER_BOUND('',#874,.T.);
#542=FACE_OUTER_BOUND('',#875,.T.);
#543=FACE_OUTER_BOUND('',#876,.T.);
#544=FACE_OUTER_BOUND('',#877,.T.);
#545=FACE_OUTER_BOUND('',#878,.T.);
#546=FACE_OUTER_BOUND('',#879,.T.);
#547=FACE_OUTER_BOUND('',#880,.T.);
#548=FACE_OUTER_BOUND('',#881,.T.);
#549=FACE_OUTER_BOUND('',#882,.T.);
#550=FACE_OUTER_BOUND('',#883,.T.);
#551=FACE_OUTER_BOUND('',#884,.T.);
#552=FACE_OUTER_BOUND('',#885,.T.);
#553=FACE_OUTER_BOUND('',#886,.T.);
#554=FACE_OUTER_BOUND('',#887,.T.);
#555=FACE_OUTER_BOUND('',#888,.T.);
#556=FACE_OUTER_BOUND('',#889,.T.);
#557=FACE_OUTER_BOUND('',#890,.T.);
#558=FACE_OUTER_BOUND('',#891,.T.);
#559=FACE_OUTER_BOUND('',#892,.T.);
#560=FACE_OUTER_BOUND('',#893,.T.);
#561=FACE_OUTER_BOUND('',#894,.T.);
#562=FACE_OUTER_BOUND('',#895,.T.);
#563=FACE_OUTER_BOUND('',#896,.T.);
#564=FACE_OUTER_BOUND('',#898,.T.);
#565=FACE_OUTER_BOUND('',#899,.T.);
#566=FACE_OUTER_BOUND('',#900,.T.);
#567=FACE_OUTER_BOUND('',#901,.T.);
#568=FACE_OUTER_BOUND('',#902,.T.);
#569=FACE_OUTER_BOUND('',#903,.T.);
#570=FACE_OUTER_BOUND('',#904,.T.);
#571=FACE_OUTER_BOUND('',#905,.T.);
#572=FACE_OUTER_BOUND('',#906,.T.);
#573=FACE_OUTER_BOUND('',#907,.T.);
#574=FACE_OUTER_BOUND('',#908,.T.);
#575=FACE_OUTER_BOUND('',#909,.T.);
#576=FACE_OUTER_BOUND('',#910,.T.);
#577=FACE_OUTER_BOUND('',#911,.T.);
#578=FACE_OUTER_BOUND('',#912,.T.);
#579=FACE_OUTER_BOUND('',#913,.T.);
#580=FACE_OUTER_BOUND('',#914,.T.);
#581=FACE_OUTER_BOUND('',#915,.T.);
#582=FACE_OUTER_BOUND('',#916,.T.);
#583=FACE_OUTER_BOUND('',#917,.T.);
#584=FACE_OUTER_BOUND('',#918,.T.);
#585=FACE_OUTER_BOUND('',#919,.T.);
#586=FACE_OUTER_BOUND('',#920,.T.);
#587=FACE_OUTER_BOUND('',#921,.T.);
#588=FACE_OUTER_BOUND('',#922,.T.);
#589=FACE_OUTER_BOUND('',#923,.T.);
#590=FACE_OUTER_BOUND('',#924,.T.);
#591=FACE_OUTER_BOUND('',#925,.T.);
#592=FACE_OUTER_BOUND('',#926,.T.);
#593=FACE_OUTER_BOUND('',#927,.T.);
#594=FACE_OUTER_BOUND('',#928,.T.);
#595=FACE_OUTER_BOUND('',#929,.T.);
#596=FACE_OUTER_BOUND('',#930,.T.);
#597=FACE_OUTER_BOUND('',#931,.T.);
#598=FACE_OUTER_BOUND('',#932,.T.);
#599=FACE_OUTER_BOUND('',#933,.T.);
#600=FACE_OUTER_BOUND('',#934,.T.);
#601=FACE_OUTER_BOUND('',#935,.T.);
#602=FACE_OUTER_BOUND('',#936,.T.);
#603=FACE_OUTER_BOUND('',#937,.T.);
#604=FACE_OUTER_BOUND('',#938,.T.);
#605=FACE_OUTER_BOUND('',#939,.T.);
#606=FACE_OUTER_BOUND('',#940,.T.);
#607=FACE_OUTER_BOUND('',#941,.T.);
#608=FACE_OUTER_BOUND('',#942,.T.);
#609=FACE_OUTER_BOUND('',#943,.T.);
#610=FACE_OUTER_BOUND('',#944,.T.);
#611=FACE_OUTER_BOUND('',#945,.T.);
#612=FACE_OUTER_BOUND('',#946,.T.);
#613=FACE_OUTER_BOUND('',#947,.T.);
#614=FACE_OUTER_BOUND('',#948,.T.);
#615=FACE_OUTER_BOUND('',#949,.T.);
#616=FACE_OUTER_BOUND('',#950,.T.);
#617=FACE_OUTER_BOUND('',#951,.T.);
#618=FACE_OUTER_BOUND('',#952,.T.);
#619=FACE_OUTER_BOUND('',#953,.T.);
#620=FACE_OUTER_BOUND('',#954,.T.);
#621=FACE_OUTER_BOUND('',#955,.T.);
#622=FACE_OUTER_BOUND('',#956,.T.);
#623=FACE_OUTER_BOUND('',#957,.T.);
#624=FACE_OUTER_BOUND('',#958,.T.);
#625=FACE_OUTER_BOUND('',#959,.T.);
#626=FACE_OUTER_BOUND('',#960,.T.);
#627=FACE_OUTER_BOUND('',#961,.T.);
#628=FACE_OUTER_BOUND('',#962,.T.);
#629=FACE_OUTER_BOUND('',#963,.T.);
#630=FACE_OUTER_BOUND('',#964,.T.);
#631=FACE_OUTER_BOUND('',#965,.T.);
#632=FACE_OUTER_BOUND('',#966,.T.);
#633=FACE_OUTER_BOUND('',#967,.T.);
#634=FACE_OUTER_BOUND('',#968,.T.);
#635=FACE_OUTER_BOUND('',#969,.T.);
#636=FACE_OUTER_BOUND('',#970,.T.);
#637=FACE_OUTER_BOUND('',#971,.T.);
#638=FACE_OUTER_BOUND('',#972,.T.);
#639=FACE_OUTER_BOUND('',#973,.T.);
#640=FACE_OUTER_BOUND('',#974,.T.);
#641=FACE_OUTER_BOUND('',#975,.T.);
#642=FACE_OUTER_BOUND('',#976,.T.);
#643=FACE_OUTER_BOUND('',#977,.T.);
#644=FACE_OUTER_BOUND('',#978,.T.);
#645=FACE_OUTER_BOUND('',#979,.T.);
#646=FACE_OUTER_BOUND('',#980,.T.);
#647=FACE_OUTER_BOUND('',#981,.T.);
#648=FACE_OUTER_BOUND('',#982,.T.);
#649=FACE_OUTER_BOUND('',#983,.T.);
#650=FACE_OUTER_BOUND('',#984,.T.);
#651=FACE_OUTER_BOUND('',#985,.T.);
#652=FACE_OUTER_BOUND('',#986,.T.);
#653=FACE_OUTER_BOUND('',#987,.T.);
#654=FACE_OUTER_BOUND('',#988,.T.);
#655=FACE_OUTER_BOUND('',#989,.T.);
#656=FACE_OUTER_BOUND('',#990,.T.);
#657=FACE_OUTER_BOUND('',#991,.T.);
#658=FACE_OUTER_BOUND('',#993,.T.);
#659=FACE_OUTER_BOUND('',#994,.T.);
#660=FACE_OUTER_BOUND('',#995,.T.);
#661=FACE_OUTER_BOUND('',#996,.T.);
#662=FACE_OUTER_BOUND('',#997,.T.);
#663=FACE_OUTER_BOUND('',#998,.T.);
#664=FACE_OUTER_BOUND('',#999,.T.);
#665=FACE_OUTER_BOUND('',#1000,.T.);
#666=FACE_OUTER_BOUND('',#1001,.T.);
#667=FACE_OUTER_BOUND('',#1002,.T.);
#668=FACE_OUTER_BOUND('',#1003,.T.);
#669=FACE_OUTER_BOUND('',#1004,.T.);
#670=FACE_OUTER_BOUND('',#1005,.T.);
#671=FACE_OUTER_BOUND('',#1006,.T.);
#672=FACE_OUTER_BOUND('',#1007,.T.);
#673=FACE_OUTER_BOUND('',#1008,.T.);
#674=FACE_OUTER_BOUND('',#1009,.T.);
#675=FACE_OUTER_BOUND('',#1010,.T.);
#676=FACE_OUTER_BOUND('',#1011,.T.);
#677=FACE_OUTER_BOUND('',#1012,.T.);
#678=FACE_OUTER_BOUND('',#1014,.T.);
#679=FACE_OUTER_BOUND('',#1015,.T.);
#680=FACE_OUTER_BOUND('',#1016,.T.);
#681=FACE_OUTER_BOUND('',#1017,.T.);
#682=FACE_OUTER_BOUND('',#1018,.T.);
#683=FACE_OUTER_BOUND('',#1019,.T.);
#684=FACE_OUTER_BOUND('',#1020,.T.);
#685=FACE_OUTER_BOUND('',#1021,.T.);
#686=FACE_OUTER_BOUND('',#1022,.T.);
#687=FACE_OUTER_BOUND('',#1023,.T.);
#688=FACE_OUTER_BOUND('',#1024,.T.);
#689=FACE_OUTER_BOUND('',#1025,.T.);
#690=FACE_OUTER_BOUND('',#1026,.T.);
#691=FACE_OUTER_BOUND('',#1027,.T.);
#692=FACE_OUTER_BOUND('',#1028,.T.);
#693=FACE_OUTER_BOUND('',#1029,.T.);
#694=FACE_OUTER_BOUND('',#1030,.T.);
#695=FACE_OUTER_BOUND('',#1031,.T.);
#696=FACE_OUTER_BOUND('',#1032,.T.);
#697=FACE_OUTER_BOUND('',#1033,.T.);
#698=FACE_OUTER_BOUND('',#1034,.T.);
#699=FACE_OUTER_BOUND('',#1035,.T.);
#700=FACE_OUTER_BOUND('',#1036,.T.);
#701=FACE_OUTER_BOUND('',#1037,.T.);
#702=FACE_OUTER_BOUND('',#1038,.T.);
#703=FACE_OUTER_BOUND('',#1039,.T.);
#704=FACE_OUTER_BOUND('',#1040,.T.);
#705=FACE_OUTER_BOUND('',#1041,.T.);
#706=FACE_OUTER_BOUND('',#1042,.T.);
#707=FACE_OUTER_BOUND('',#1043,.T.);
#708=FACE_OUTER_BOUND('',#1044,.T.);
#709=FACE_OUTER_BOUND('',#1045,.T.);
#710=FACE_OUTER_BOUND('',#1046,.T.);
#711=FACE_OUTER_BOUND('',#1047,.T.);
#712=FACE_OUTER_BOUND('',#1048,.T.);
#713=FACE_OUTER_BOUND('',#1049,.T.);
#714=FACE_OUTER_BOUND('',#1051,.T.);
#715=FACE_OUTER_BOUND('',#1052,.T.);
#716=FACE_OUTER_BOUND('',#1053,.T.);
#717=FACE_OUTER_BOUND('',#1054,.T.);
#718=FACE_OUTER_BOUND('',#1055,.T.);
#719=FACE_OUTER_BOUND('',#1056,.T.);
#720=FACE_OUTER_BOUND('',#1057,.T.);
#721=FACE_OUTER_BOUND('',#1058,.T.);
#722=FACE_OUTER_BOUND('',#1059,.T.);
#723=FACE_OUTER_BOUND('',#1060,.T.);
#724=FACE_OUTER_BOUND('',#1061,.T.);
#725=FACE_OUTER_BOUND('',#1062,.T.);
#726=FACE_OUTER_BOUND('',#1063,.T.);
#727=FACE_OUTER_BOUND('',#1064,.T.);
#728=FACE_OUTER_BOUND('',#1065,.T.);
#729=FACE_OUTER_BOUND('',#1066,.T.);
#730=FACE_OUTER_BOUND('',#1067,.T.);
#731=FACE_OUTER_BOUND('',#1068,.T.);
#732=FACE_OUTER_BOUND('',#1069,.T.);
#733=FACE_OUTER_BOUND('',#1070,.T.);
#734=FACE_OUTER_BOUND('',#1071,.T.);
#735=FACE_OUTER_BOUND('',#1072,.T.);
#736=FACE_OUTER_BOUND('',#1073,.T.);
#737=FACE_OUTER_BOUND('',#1074,.T.);
#738=FACE_OUTER_BOUND('',#1075,.T.);
#739=FACE_OUTER_BOUND('',#1076,.T.);
#740=FACE_OUTER_BOUND('',#1077,.T.);
#741=FACE_OUTER_BOUND('',#1078,.T.);
#742=FACE_OUTER_BOUND('',#1079,.T.);
#743=FACE_OUTER_BOUND('',#1080,.T.);
#744=FACE_OUTER_BOUND('',#1081,.T.);
#745=FACE_OUTER_BOUND('',#1082,.T.);
#746=FACE_OUTER_BOUND('',#1083,.T.);
#747=FACE_OUTER_BOUND('',#1084,.T.);
#748=FACE_OUTER_BOUND('',#1085,.T.);
#749=FACE_OUTER_BOUND('',#1086,.T.);
#750=FACE_OUTER_BOUND('',#1087,.T.);
#751=FACE_OUTER_BOUND('',#1088,.T.);
#752=FACE_OUTER_BOUND('',#1089,.T.);
#753=FACE_OUTER_BOUND('',#1090,.T.);
#754=FACE_OUTER_BOUND('',#1091,.T.);
#755=FACE_OUTER_BOUND('',#1092,.T.);
#756=FACE_OUTER_BOUND('',#1093,.T.);
#757=FACE_OUTER_BOUND('',#1094,.T.);
#758=FACE_OUTER_BOUND('',#1095,.T.);
#759=FACE_OUTER_BOUND('',#1096,.T.);
#760=FACE_OUTER_BOUND('',#1097,.T.);
#761=FACE_OUTER_BOUND('',#1098,.T.);
#762=FACE_OUTER_BOUND('',#1099,.T.);
#763=FACE_OUTER_BOUND('',#1100,.T.);
#764=FACE_OUTER_BOUND('',#1101,.T.);
#765=FACE_OUTER_BOUND('',#1102,.T.);
#766=FACE_OUTER_BOUND('',#1103,.T.);
#767=FACE_OUTER_BOUND('',#1104,.T.);
#768=FACE_OUTER_BOUND('',#1105,.T.);
#769=FACE_OUTER_BOUND('',#1106,.T.);
#770=FACE_OUTER_BOUND('',#1107,.T.);
#771=FACE_OUTER_BOUND('',#1108,.T.);
#772=FACE_OUTER_BOUND('',#1109,.T.);
#773=FACE_OUTER_BOUND('',#1110,.T.);
#774=FACE_OUTER_BOUND('',#1111,.T.);
#775=FACE_OUTER_BOUND('',#1112,.T.);
#776=FACE_OUTER_BOUND('',#1113,.T.);
#777=FACE_OUTER_BOUND('',#1114,.T.);
#778=FACE_OUTER_BOUND('',#1115,.T.);
#779=FACE_OUTER_BOUND('',#1116,.T.);
#780=FACE_OUTER_BOUND('',#1117,.T.);
#781=FACE_OUTER_BOUND('',#1118,.T.);
#782=FACE_OUTER_BOUND('',#1119,.T.);
#783=FACE_OUTER_BOUND('',#1120,.T.);
#784=FACE_OUTER_BOUND('',#1121,.T.);
#785=FACE_OUTER_BOUND('',#1122,.T.);
#786=FACE_OUTER_BOUND('',#1123,.T.);
#787=FACE_OUTER_BOUND('',#1124,.T.);
#788=FACE_OUTER_BOUND('',#1125,.T.);
#789=FACE_OUTER_BOUND('',#1126,.T.);
#790=FACE_OUTER_BOUND('',#1127,.T.);
#791=FACE_OUTER_BOUND('',#1128,.T.);
#792=FACE_OUTER_BOUND('',#1129,.T.);
#793=FACE_OUTER_BOUND('',#1130,.T.);
#794=FACE_OUTER_BOUND('',#1131,.T.);
#795=FACE_OUTER_BOUND('',#1132,.T.);
#796=FACE_OUTER_BOUND('',#1133,.T.);
#797=FACE_OUTER_BOUND('',#1134,.T.);
#798=FACE_OUTER_BOUND('',#1135,.T.);
#799=FACE_OUTER_BOUND('',#1136,.T.);
#800=FACE_OUTER_BOUND('',#1137,.T.);
#801=FACE_OUTER_BOUND('',#1138,.T.);
#802=FACE_OUTER_BOUND('',#1139,.T.);
#803=FACE_OUTER_BOUND('',#1140,.T.);
#804=FACE_OUTER_BOUND('',#1141,.T.);
#805=FACE_OUTER_BOUND('',#1142,.T.);
#806=FACE_OUTER_BOUND('',#1143,.T.);
#807=FACE_OUTER_BOUND('',#1144,.T.);
#808=FACE_OUTER_BOUND('',#1145,.T.);
#809=FACE_OUTER_BOUND('',#1146,.T.);
#810=FACE_OUTER_BOUND('',#1147,.T.);
#811=FACE_OUTER_BOUND('',#1148,.T.);
#812=FACE_OUTER_BOUND('',#1149,.T.);
#813=FACE_OUTER_BOUND('',#1150,.T.);
#814=FACE_OUTER_BOUND('',#1151,.T.);
#815=FACE_OUTER_BOUND('',#1152,.T.);
#816=FACE_OUTER_BOUND('',#1153,.T.);
#817=FACE_OUTER_BOUND('',#1154,.T.);
#818=FACE_OUTER_BOUND('',#1155,.T.);
#819=FACE_OUTER_BOUND('',#1156,.T.);
#820=FACE_OUTER_BOUND('',#1157,.T.);
#821=FACE_OUTER_BOUND('',#1158,.T.);
#822=FACE_OUTER_BOUND('',#1159,.T.);
#823=FACE_OUTER_BOUND('',#1160,.T.);
#824=FACE_OUTER_BOUND('',#1161,.T.);
#825=FACE_OUTER_BOUND('',#1162,.T.);
#826=FACE_OUTER_BOUND('',#1163,.T.);
#827=FACE_OUTER_BOUND('',#1164,.T.);
#828=FACE_OUTER_BOUND('',#1165,.T.);
#829=FACE_OUTER_BOUND('',#1166,.T.);
#830=FACE_OUTER_BOUND('',#1167,.T.);
#831=FACE_OUTER_BOUND('',#1168,.T.);
#832=FACE_OUTER_BOUND('',#1169,.T.);
#833=FACE_OUTER_BOUND('',#1170,.T.);
#834=FACE_OUTER_BOUND('',#1171,.T.);
#835=FACE_OUTER_BOUND('',#1172,.T.);
#836=FACE_OUTER_BOUND('',#1173,.T.);
#837=FACE_OUTER_BOUND('',#1174,.T.);
#838=FACE_OUTER_BOUND('',#1175,.T.);
#839=FACE_OUTER_BOUND('',#1176,.T.);
#840=FACE_OUTER_BOUND('',#1177,.T.);
#841=FACE_OUTER_BOUND('',#1178,.T.);
#842=FACE_OUTER_BOUND('',#1179,.T.);
#843=FACE_OUTER_BOUND('',#1180,.T.);
#844=FACE_OUTER_BOUND('',#1181,.T.);
#845=FACE_OUTER_BOUND('',#1182,.T.);
#846=FACE_OUTER_BOUND('',#1183,.T.);
#847=FACE_OUTER_BOUND('',#1184,.T.);
#848=FACE_OUTER_BOUND('',#1185,.T.);
#849=FACE_OUTER_BOUND('',#1186,.T.);
#850=FACE_OUTER_BOUND('',#1187,.T.);
#851=FACE_OUTER_BOUND('',#1188,.T.);
#852=FACE_OUTER_BOUND('',#1189,.T.);
#853=FACE_OUTER_BOUND('',#1190,.T.);
#854=FACE_OUTER_BOUND('',#1191,.T.);
#855=FACE_OUTER_BOUND('',#1192,.T.);
#856=FACE_OUTER_BOUND('',#1193,.T.);
#857=FACE_OUTER_BOUND('',#1194,.T.);
#858=FACE_OUTER_BOUND('',#1195,.T.);
#859=FACE_OUTER_BOUND('',#1196,.T.);
#860=FACE_OUTER_BOUND('',#1197,.T.);
#861=FACE_OUTER_BOUND('',#1198,.T.);
#862=FACE_OUTER_BOUND('',#1199,.T.);
#863=FACE_OUTER_BOUND('',#1200,.T.);
#864=FACE_OUTER_BOUND('',#1201,.T.);
#865=FACE_OUTER_BOUND('',#1202,.T.);
#866=FACE_OUTER_BOUND('',#1203,.T.);
#867=FACE_OUTER_BOUND('',#1262,.T.);
#868=FACE_OUTER_BOUND('',#1311,.T.);
#869=FACE_OUTER_BOUND('',#1312,.T.);
#870=FACE_OUTER_BOUND('',#1313,.T.);
#871=FACE_OUTER_BOUND('',#1314,.T.);
#872=EDGE_LOOP('',(#4250,#4251,#4252,#4253));
#873=EDGE_LOOP('',(#4254,#4255,#4256,#4257));
#874=EDGE_LOOP('',(#4258,#4259,#4260,#4261));
#875=EDGE_LOOP('',(#4262,#4263,#4264,#4265));
#876=EDGE_LOOP('',(#4266,#4267,#4268,#4269));
#877=EDGE_LOOP('',(#4270,#4271,#4272,#4273));
#878=EDGE_LOOP('',(#4274,#4275,#4276,#4277));
#879=EDGE_LOOP('',(#4278,#4279,#4280,#4281));
#880=EDGE_LOOP('',(#4282,#4283,#4284,#4285));
#881=EDGE_LOOP('',(#4286,#4287,#4288,#4289));
#882=EDGE_LOOP('',(#4290,#4291,#4292,#4293));
#883=EDGE_LOOP('',(#4294,#4295,#4296,#4297));
#884=EDGE_LOOP('',(#4298,#4299,#4300,#4301));
#885=EDGE_LOOP('',(#4302,#4303,#4304,#4305));
#886=EDGE_LOOP('',(#4306,#4307,#4308,#4309));
#887=EDGE_LOOP('',(#4310,#4311,#4312,#4313));
#888=EDGE_LOOP('',(#4314,#4315,#4316,#4317));
#889=EDGE_LOOP('',(#4318,#4319,#4320,#4321));
#890=EDGE_LOOP('',(#4322,#4323,#4324,#4325));
#891=EDGE_LOOP('',(#4326,#4327,#4328,#4329));
#892=EDGE_LOOP('',(#4330,#4331,#4332,#4333));
#893=EDGE_LOOP('',(#4334,#4335,#4336,#4337));
#894=EDGE_LOOP('',(#4338,#4339,#4340,#4341));
#895=EDGE_LOOP('',(#4342,#4343,#4344,#4345));
#896=EDGE_LOOP('',(#4346,#4347,#4348,#4349,#4350,#4351,#4352,#4353,#4354,
#4355,#4356,#4357,#4358,#4359,#4360,#4361));
#897=EDGE_LOOP('',(#4362,#4363,#4364,#4365,#4366,#4367,#4368,#4369));
#898=EDGE_LOOP('',(#4370,#4371,#4372,#4373,#4374,#4375,#4376,#4377));
#899=EDGE_LOOP('',(#4378,#4379,#4380,#4381));
#900=EDGE_LOOP('',(#4382,#4383,#4384,#4385));
#901=EDGE_LOOP('',(#4386,#4387,#4388,#4389));
#902=EDGE_LOOP('',(#4390,#4391,#4392,#4393));
#903=EDGE_LOOP('',(#4394,#4395,#4396,#4397));
#904=EDGE_LOOP('',(#4398,#4399,#4400,#4401));
#905=EDGE_LOOP('',(#4402,#4403,#4404,#4405));
#906=EDGE_LOOP('',(#4406,#4407,#4408,#4409));
#907=EDGE_LOOP('',(#4410,#4411,#4412,#4413));
#908=EDGE_LOOP('',(#4414,#4415,#4416,#4417));
#909=EDGE_LOOP('',(#4418,#4419,#4420,#4421));
#910=EDGE_LOOP('',(#4422,#4423,#4424,#4425));
#911=EDGE_LOOP('',(#4426,#4427,#4428,#4429));
#912=EDGE_LOOP('',(#4430,#4431,#4432,#4433));
#913=EDGE_LOOP('',(#4434,#4435,#4436,#4437));
#914=EDGE_LOOP('',(#4438,#4439,#4440,#4441));
#915=EDGE_LOOP('',(#4442,#4443,#4444,#4445));
#916=EDGE_LOOP('',(#4446,#4447,#4448,#4449));
#917=EDGE_LOOP('',(#4450,#4451,#4452,#4453));
#918=EDGE_LOOP('',(#4454,#4455,#4456,#4457));
#919=EDGE_LOOP('',(#4458,#4459,#4460,#4461,#4462,#4463,#4464,#4465,#4466,
#4467,#4468,#4469,#4470,#4471,#4472,#4473,#4474,#4475,#4476,#4477));
#920=EDGE_LOOP('',(#4478,#4479,#4480,#4481));
#921=EDGE_LOOP('',(#4482,#4483,#4484,#4485));
#922=EDGE_LOOP('',(#4486,#4487,#4488,#4489));
#923=EDGE_LOOP('',(#4490,#4491,#4492,#4493));
#924=EDGE_LOOP('',(#4494,#4495,#4496,#4497));
#925=EDGE_LOOP('',(#4498,#4499,#4500,#4501));
#926=EDGE_LOOP('',(#4502,#4503,#4504,#4505));
#927=EDGE_LOOP('',(#4506,#4507,#4508,#4509));
#928=EDGE_LOOP('',(#4510,#4511,#4512,#4513));
#929=EDGE_LOOP('',(#4514,#4515,#4516,#4517));
#930=EDGE_LOOP('',(#4518,#4519,#4520,#4521));
#931=EDGE_LOOP('',(#4522,#4523,#4524,#4525));
#932=EDGE_LOOP('',(#4526,#4527,#4528,#4529));
#933=EDGE_LOOP('',(#4530,#4531,#4532,#4533));
#934=EDGE_LOOP('',(#4534,#4535,#4536,#4537));
#935=EDGE_LOOP('',(#4538,#4539,#4540,#4541));
#936=EDGE_LOOP('',(#4542,#4543,#4544,#4545));
#937=EDGE_LOOP('',(#4546,#4547,#4548,#4549));
#938=EDGE_LOOP('',(#4550,#4551,#4552,#4553));
#939=EDGE_LOOP('',(#4554,#4555,#4556,#4557));
#940=EDGE_LOOP('',(#4558,#4559,#4560,#4561));
#941=EDGE_LOOP('',(#4562,#4563,#4564,#4565));
#942=EDGE_LOOP('',(#4566,#4567,#4568,#4569));
#943=EDGE_LOOP('',(#4570,#4571,#4572,#4573));
#944=EDGE_LOOP('',(#4574,#4575,#4576,#4577));
#945=EDGE_LOOP('',(#4578,#4579,#4580,#4581));
#946=EDGE_LOOP('',(#4582,#4583,#4584,#4585));
#947=EDGE_LOOP('',(#4586,#4587,#4588,#4589));
#948=EDGE_LOOP('',(#4590,#4591,#4592,#4593));
#949=EDGE_LOOP('',(#4594,#4595,#4596,#4597));
#950=EDGE_LOOP('',(#4598,#4599,#4600,#4601));
#951=EDGE_LOOP('',(#4602,#4603,#4604,#4605,#4606,#4607,#4608,#4609,#4610,
#4611,#4612,#4613,#4614,#4615,#4616,#4617,#4618,#4619,#4620,#4621,#4622,
#4623,#4624,#4625,#4626,#4627,#4628,#4629,#4630,#4631,#4632));
#952=EDGE_LOOP('',(#4633,#4634,#4635,#4636));
#953=EDGE_LOOP('',(#4637,#4638,#4639,#4640));
#954=EDGE_LOOP('',(#4641,#4642,#4643,#4644));
#955=EDGE_LOOP('',(#4645,#4646,#4647,#4648));
#956=EDGE_LOOP('',(#4649,#4650,#4651,#4652));
#957=EDGE_LOOP('',(#4653,#4654,#4655,#4656));
#958=EDGE_LOOP('',(#4657,#4658,#4659,#4660));
#959=EDGE_LOOP('',(#4661,#4662,#4663,#4664));
#960=EDGE_LOOP('',(#4665,#4666,#4667,#4668));
#961=EDGE_LOOP('',(#4669,#4670,#4671,#4672));
#962=EDGE_LOOP('',(#4673,#4674,#4675,#4676));
#963=EDGE_LOOP('',(#4677,#4678,#4679,#4680));
#964=EDGE_LOOP('',(#4681,#4682,#4683,#4684));
#965=EDGE_LOOP('',(#4685,#4686,#4687,#4688));
#966=EDGE_LOOP('',(#4689,#4690,#4691,#4692));
#967=EDGE_LOOP('',(#4693,#4694,#4695,#4696));
#968=EDGE_LOOP('',(#4697,#4698,#4699,#4700));
#969=EDGE_LOOP('',(#4701,#4702,#4703,#4704));
#970=EDGE_LOOP('',(#4705,#4706,#4707,#4708));
#971=EDGE_LOOP('',(#4709,#4710,#4711,#4712));
#972=EDGE_LOOP('',(#4713,#4714,#4715,#4716,#4717,#4718,#4719,#4720,#4721,
#4722,#4723,#4724,#4725,#4726,#4727,#4728,#4729,#4730,#4731,#4732));
#973=EDGE_LOOP('',(#4733,#4734,#4735,#4736));
#974=EDGE_LOOP('',(#4737,#4738,#4739,#4740));
#975=EDGE_LOOP('',(#4741,#4742,#4743,#4744));
#976=EDGE_LOOP('',(#4745,#4746,#4747,#4748));
#977=EDGE_LOOP('',(#4749,#4750,#4751,#4752));
#978=EDGE_LOOP('',(#4753,#4754,#4755,#4756));
#979=EDGE_LOOP('',(#4757,#4758,#4759,#4760));
#980=EDGE_LOOP('',(#4761,#4762,#4763,#4764));
#981=EDGE_LOOP('',(#4765,#4766,#4767,#4768));
#982=EDGE_LOOP('',(#4769,#4770,#4771,#4772));
#983=EDGE_LOOP('',(#4773,#4774,#4775,#4776));
#984=EDGE_LOOP('',(#4777,#4778,#4779,#4780));
#985=EDGE_LOOP('',(#4781,#4782,#4783,#4784));
#986=EDGE_LOOP('',(#4785,#4786,#4787,#4788));
#987=EDGE_LOOP('',(#4789,#4790,#4791,#4792));
#988=EDGE_LOOP('',(#4793,#4794,#4795,#4796));
#989=EDGE_LOOP('',(#4797,#4798,#4799,#4800));
#990=EDGE_LOOP('',(#4801,#4802,#4803,#4804));
#991=EDGE_LOOP('',(#4805,#4806,#4807,#4808,#4809,#4810,#4811,#4812,#4813));
#992=EDGE_LOOP('',(#4814,#4815,#4816,#4817,#4818,#4819,#4820,#4821,#4822));
#993=EDGE_LOOP('',(#4823,#4824,#4825,#4826,#4827,#4828,#4829,#4830,#4831));
#994=EDGE_LOOP('',(#4832,#4833,#4834,#4835));
#995=EDGE_LOOP('',(#4836,#4837,#4838,#4839));
#996=EDGE_LOOP('',(#4840,#4841,#4842,#4843));
#997=EDGE_LOOP('',(#4844,#4845,#4846,#4847));
#998=EDGE_LOOP('',(#4848,#4849,#4850,#4851));
#999=EDGE_LOOP('',(#4852,#4853,#4854,#4855));
#1000=EDGE_LOOP('',(#4856,#4857,#4858,#4859));
#1001=EDGE_LOOP('',(#4860,#4861,#4862,#4863));
#1002=EDGE_LOOP('',(#4864,#4865,#4866,#4867));
#1003=EDGE_LOOP('',(#4868,#4869,#4870,#4871));
#1004=EDGE_LOOP('',(#4872,#4873,#4874,#4875));
#1005=EDGE_LOOP('',(#4876,#4877,#4878,#4879));
#1006=EDGE_LOOP('',(#4880,#4881,#4882,#4883));
#1007=EDGE_LOOP('',(#4884,#4885,#4886,#4887));
#1008=EDGE_LOOP('',(#4888,#4889,#4890,#4891));
#1009=EDGE_LOOP('',(#4892,#4893,#4894,#4895));
#1010=EDGE_LOOP('',(#4896,#4897,#4898,#4899));
#1011=EDGE_LOOP('',(#4900,#4901,#4902,#4903));
#1012=EDGE_LOOP('',(#4904,#4905,#4906,#4907,#4908,#4909,#4910,#4911,#4912));
#1013=EDGE_LOOP('',(#4913,#4914,#4915,#4916,#4917,#4918,#4919,#4920,#4921));
#1014=EDGE_LOOP('',(#4922,#4923,#4924,#4925,#4926,#4927,#4928,#4929,#4930));
#1015=EDGE_LOOP('',(#4931,#4932,#4933,#4934));
#1016=EDGE_LOOP('',(#4935,#4936,#4937,#4938));
#1017=EDGE_LOOP('',(#4939,#4940,#4941,#4942));
#1018=EDGE_LOOP('',(#4943,#4944,#4945,#4946));
#1019=EDGE_LOOP('',(#4947,#4948,#4949,#4950));
#1020=EDGE_LOOP('',(#4951,#4952,#4953,#4954));
#1021=EDGE_LOOP('',(#4955,#4956,#4957,#4958));
#1022=EDGE_LOOP('',(#4959,#4960,#4961,#4962));
#1023=EDGE_LOOP('',(#4963,#4964,#4965,#4966));
#1024=EDGE_LOOP('',(#4967,#4968,#4969,#4970));
#1025=EDGE_LOOP('',(#4971,#4972,#4973,#4974));
#1026=EDGE_LOOP('',(#4975,#4976,#4977,#4978));
#1027=EDGE_LOOP('',(#4979,#4980,#4981,#4982,#4983,#4984,#4985,#4986,#4987,
#4988,#4989,#4990));
#1028=EDGE_LOOP('',(#4991,#4992,#4993,#4994));
#1029=EDGE_LOOP('',(#4995,#4996,#4997,#4998));
#1030=EDGE_LOOP('',(#4999,#5000,#5001,#5002));
#1031=EDGE_LOOP('',(#5003,#5004,#5005,#5006));
#1032=EDGE_LOOP('',(#5007,#5008,#5009,#5010));
#1033=EDGE_LOOP('',(#5011,#5012,#5013,#5014));
#1034=EDGE_LOOP('',(#5015,#5016,#5017,#5018));
#1035=EDGE_LOOP('',(#5019,#5020,#5021,#5022));
#1036=EDGE_LOOP('',(#5023,#5024,#5025,#5026));
#1037=EDGE_LOOP('',(#5027,#5028,#5029,#5030));
#1038=EDGE_LOOP('',(#5031,#5032,#5033,#5034));
#1039=EDGE_LOOP('',(#5035,#5036,#5037,#5038));
#1040=EDGE_LOOP('',(#5039,#5040,#5041,#5042));
#1041=EDGE_LOOP('',(#5043,#5044,#5045,#5046));
#1042=EDGE_LOOP('',(#5047,#5048,#5049,#5050));
#1043=EDGE_LOOP('',(#5051,#5052,#5053,#5054));
#1044=EDGE_LOOP('',(#5055,#5056,#5057,#5058));
#1045=EDGE_LOOP('',(#5059,#5060,#5061,#5062));
#1046=EDGE_LOOP('',(#5063,#5064,#5065,#5066));
#1047=EDGE_LOOP('',(#5067,#5068,#5069,#5070));
#1048=EDGE_LOOP('',(#5071,#5072,#5073,#5074));
#1049=EDGE_LOOP('',(#5075,#5076,#5077,#5078,#5079,#5080,#5081,#5082,#5083,
#5084,#5085,#5086,#5087,#5088,#5089));
#1050=EDGE_LOOP('',(#5090,#5091,#5092,#5093,#5094,#5095));
#1051=EDGE_LOOP('',(#5096,#5097,#5098,#5099,#5100,#5101));
#1052=EDGE_LOOP('',(#5102,#5103,#5104,#5105));
#1053=EDGE_LOOP('',(#5106,#5107,#5108,#5109));
#1054=EDGE_LOOP('',(#5110,#5111,#5112,#5113));
#1055=EDGE_LOOP('',(#5114,#5115,#5116,#5117));
#1056=EDGE_LOOP('',(#5118,#5119,#5120,#5121));
#1057=EDGE_LOOP('',(#5122,#5123,#5124,#5125));
#1058=EDGE_LOOP('',(#5126,#5127,#5128,#5129));
#1059=EDGE_LOOP('',(#5130,#5131,#5132,#5133));
#1060=EDGE_LOOP('',(#5134,#5135,#5136,#5137));
#1061=EDGE_LOOP('',(#5138,#5139,#5140,#5141));
#1062=EDGE_LOOP('',(#5142,#5143,#5144,#5145));
#1063=EDGE_LOOP('',(#5146,#5147,#5148,#5149));
#1064=EDGE_LOOP('',(#5150,#5151,#5152,#5153));
#1065=EDGE_LOOP('',(#5154,#5155,#5156,#5157));
#1066=EDGE_LOOP('',(#5158,#5159,#5160,#5161));
#1067=EDGE_LOOP('',(#5162,#5163,#5164,#5165));
#1068=EDGE_LOOP('',(#5166,#5167,#5168,#5169));
#1069=EDGE_LOOP('',(#5170,#5171,#5172,#5173));
#1070=EDGE_LOOP('',(#5174,#5175,#5176,#5177));
#1071=EDGE_LOOP('',(#5178,#5179,#5180,#5181));
#1072=EDGE_LOOP('',(#5182,#5183,#5184,#5185));
#1073=EDGE_LOOP('',(#5186,#5187,#5188,#5189));
#1074=EDGE_LOOP('',(#5190,#5191,#5192,#5193));
#1075=EDGE_LOOP('',(#5194,#5195,#5196,#5197));
#1076=EDGE_LOOP('',(#5198,#5199,#5200,#5201));
#1077=EDGE_LOOP('',(#5202,#5203,#5204,#5205));
#1078=EDGE_LOOP('',(#5206,#5207,#5208,#5209));
#1079=EDGE_LOOP('',(#5210,#5211,#5212,#5213));
#1080=EDGE_LOOP('',(#5214,#5215,#5216,#5217));
#1081=EDGE_LOOP('',(#5218,#5219,#5220,#5221));
#1082=EDGE_LOOP('',(#5222,#5223,#5224,#5225));
#1083=EDGE_LOOP('',(#5226,#5227,#5228,#5229));
#1084=EDGE_LOOP('',(#5230,#5231,#5232,#5233));
#1085=EDGE_LOOP('',(#5234,#5235,#5236,#5237));
#1086=EDGE_LOOP('',(#5238,#5239,#5240,#5241));
#1087=EDGE_LOOP('',(#5242,#5243,#5244,#5245));
#1088=EDGE_LOOP('',(#5246,#5247,#5248,#5249));
#1089=EDGE_LOOP('',(#5250,#5251,#5252,#5253));
#1090=EDGE_LOOP('',(#5254,#5255,#5256,#5257));
#1091=EDGE_LOOP('',(#5258,#5259,#5260,#5261));
#1092=EDGE_LOOP('',(#5262,#5263,#5264,#5265));
#1093=EDGE_LOOP('',(#5266,#5267,#5268,#5269));
#1094=EDGE_LOOP('',(#5270,#5271,#5272,#5273));
#1095=EDGE_LOOP('',(#5274,#5275,#5276,#5277));
#1096=EDGE_LOOP('',(#5278,#5279,#5280,#5281));
#1097=EDGE_LOOP('',(#5282,#5283,#5284,#5285));
#1098=EDGE_LOOP('',(#5286,#5287,#5288,#5289));
#1099=EDGE_LOOP('',(#5290,#5291,#5292,#5293));
#1100=EDGE_LOOP('',(#5294,#5295,#5296,#5297));
#1101=EDGE_LOOP('',(#5298,#5299,#5300,#5301));
#1102=EDGE_LOOP('',(#5302,#5303,#5304,#5305));
#1103=EDGE_LOOP('',(#5306,#5307,#5308,#5309));
#1104=EDGE_LOOP('',(#5310,#5311,#5312,#5313));
#1105=EDGE_LOOP('',(#5314,#5315,#5316,#5317));
#1106=EDGE_LOOP('',(#5318,#5319,#5320,#5321));
#1107=EDGE_LOOP('',(#5322,#5323,#5324,#5325));
#1108=EDGE_LOOP('',(#5326,#5327,#5328,#5329));
#1109=EDGE_LOOP('',(#5330,#5331,#5332,#5333));
#1110=EDGE_LOOP('',(#5334,#5335,#5336,#5337));
#1111=EDGE_LOOP('',(#5338,#5339,#5340,#5341));
#1112=EDGE_LOOP('',(#5342,#5343,#5344,#5345));
#1113=EDGE_LOOP('',(#5346,#5347,#5348,#5349));
#1114=EDGE_LOOP('',(#5350,#5351,#5352,#5353));
#1115=EDGE_LOOP('',(#5354,#5355,#5356,#5357));
#1116=EDGE_LOOP('',(#5358,#5359,#5360,#5361));
#1117=EDGE_LOOP('',(#5362,#5363,#5364,#5365));
#1118=EDGE_LOOP('',(#5366,#5367,#5368,#5369));
#1119=EDGE_LOOP('',(#5370,#5371,#5372,#5373));
#1120=EDGE_LOOP('',(#5374,#5375,#5376,#5377));
#1121=EDGE_LOOP('',(#5378,#5379,#5380,#5381));
#1122=EDGE_LOOP('',(#5382,#5383,#5384,#5385));
#1123=EDGE_LOOP('',(#5386,#5387,#5388,#5389));
#1124=EDGE_LOOP('',(#5390,#5391,#5392,#5393));
#1125=EDGE_LOOP('',(#5394,#5395,#5396,#5397));
#1126=EDGE_LOOP('',(#5398,#5399,#5400,#5401));
#1127=EDGE_LOOP('',(#5402,#5403,#5404,#5405));
#1128=EDGE_LOOP('',(#5406,#5407,#5408,#5409));
#1129=EDGE_LOOP('',(#5410,#5411,#5412,#5413));
#1130=EDGE_LOOP('',(#5414,#5415,#5416,#5417));
#1131=EDGE_LOOP('',(#5418,#5419,#5420,#5421));
#1132=EDGE_LOOP('',(#5422,#5423,#5424,#5425));
#1133=EDGE_LOOP('',(#5426,#5427,#5428,#5429));
#1134=EDGE_LOOP('',(#5430,#5431,#5432,#5433));
#1135=EDGE_LOOP('',(#5434,#5435,#5436,#5437));
#1136=EDGE_LOOP('',(#5438,#5439,#5440,#5441));
#1137=EDGE_LOOP('',(#5442,#5443,#5444,#5445));
#1138=EDGE_LOOP('',(#5446,#5447,#5448,#5449));
#1139=EDGE_LOOP('',(#5450,#5451,#5452,#5453));
#1140=EDGE_LOOP('',(#5454,#5455,#5456,#5457));
#1141=EDGE_LOOP('',(#5458,#5459,#5460,#5461));
#1142=EDGE_LOOP('',(#5462,#5463,#5464,#5465));
#1143=EDGE_LOOP('',(#5466,#5467,#5468,#5469));
#1144=EDGE_LOOP('',(#5470,#5471,#5472,#5473));
#1145=EDGE_LOOP('',(#5474,#5475,#5476,#5477));
#1146=EDGE_LOOP('',(#5478,#5479,#5480,#5481));
#1147=EDGE_LOOP('',(#5482,#5483,#5484,#5485));
#1148=EDGE_LOOP('',(#5486,#5487,#5488,#5489));
#1149=EDGE_LOOP('',(#5490,#5491,#5492,#5493));
#1150=EDGE_LOOP('',(#5494,#5495,#5496,#5497));
#1151=EDGE_LOOP('',(#5498,#5499,#5500,#5501));
#1152=EDGE_LOOP('',(#5502,#5503,#5504,#5505));
#1153=EDGE_LOOP('',(#5506,#5507,#5508,#5509));
#1154=EDGE_LOOP('',(#5510,#5511,#5512,#5513));
#1155=EDGE_LOOP('',(#5514,#5515,#5516,#5517));
#1156=EDGE_LOOP('',(#5518,#5519,#5520,#5521));
#1157=EDGE_LOOP('',(#5522,#5523,#5524,#5525));
#1158=EDGE_LOOP('',(#5526,#5527,#5528,#5529));
#1159=EDGE_LOOP('',(#5530,#5531,#5532,#5533));
#1160=EDGE_LOOP('',(#5534,#5535,#5536,#5537));
#1161=EDGE_LOOP('',(#5538,#5539,#5540,#5541));
#1162=EDGE_LOOP('',(#5542,#5543,#5544,#5545));
#1163=EDGE_LOOP('',(#5546,#5547,#5548,#5549));
#1164=EDGE_LOOP('',(#5550,#5551,#5552,#5553));
#1165=EDGE_LOOP('',(#5554,#5555,#5556,#5557));
#1166=EDGE_LOOP('',(#5558,#5559,#5560,#5561));
#1167=EDGE_LOOP('',(#5562,#5563,#5564,#5565));
#1168=EDGE_LOOP('',(#5566,#5567,#5568,#5569));
#1169=EDGE_LOOP('',(#5570,#5571,#5572,#5573));
#1170=EDGE_LOOP('',(#5574,#5575,#5576,#5577));
#1171=EDGE_LOOP('',(#5578,#5579,#5580,#5581));
#1172=EDGE_LOOP('',(#5582,#5583,#5584,#5585));
#1173=EDGE_LOOP('',(#5586,#5587,#5588,#5589));
#1174=EDGE_LOOP('',(#5590,#5591,#5592,#5593));
#1175=EDGE_LOOP('',(#5594,#5595,#5596,#5597));
#1176=EDGE_LOOP('',(#5598,#5599,#5600,#5601));
#1177=EDGE_LOOP('',(#5602,#5603,#5604,#5605));
#1178=EDGE_LOOP('',(#5606,#5607,#5608,#5609));
#1179=EDGE_LOOP('',(#5610,#5611,#5612,#5613));
#1180=EDGE_LOOP('',(#5614,#5615,#5616,#5617));
#1181=EDGE_LOOP('',(#5618,#5619,#5620,#5621));
#1182=EDGE_LOOP('',(#5622,#5623,#5624,#5625));
#1183=EDGE_LOOP('',(#5626,#5627,#5628,#5629));
#1184=EDGE_LOOP('',(#5630,#5631,#5632,#5633));
#1185=EDGE_LOOP('',(#5634,#5635,#5636,#5637));
#1186=EDGE_LOOP('',(#5638,#5639,#5640,#5641));
#1187=EDGE_LOOP('',(#5642,#5643,#5644,#5645));
#1188=EDGE_LOOP('',(#5646,#5647,#5648,#5649));
#1189=EDGE_LOOP('',(#5650,#5651,#5652,#5653));
#1190=EDGE_LOOP('',(#5654,#5655,#5656,#5657));
#1191=EDGE_LOOP('',(#5658,#5659,#5660,#5661));
#1192=EDGE_LOOP('',(#5662,#5663,#5664,#5665));
#1193=EDGE_LOOP('',(#5666,#5667,#5668,#5669));
#1194=EDGE_LOOP('',(#5670,#5671,#5672,#5673));
#1195=EDGE_LOOP('',(#5674,#5675,#5676,#5677));
#1196=EDGE_LOOP('',(#5678,#5679,#5680,#5681));
#1197=EDGE_LOOP('',(#5682,#5683,#5684,#5685));
#1198=EDGE_LOOP('',(#5686,#5687,#5688,#5689));
#1199=EDGE_LOOP('',(#5690,#5691,#5692,#5693));
#1200=EDGE_LOOP('',(#5694,#5695,#5696,#5697));
#1201=EDGE_LOOP('',(#5698,#5699,#5700,#5701));
#1202=EDGE_LOOP('',(#5702,#5703,#5704,#5705));
#1203=EDGE_LOOP('',(#5706,#5707,#5708,#5709));
#1204=EDGE_LOOP('',(#5710,#5711,#5712,#5713,#5714,#5715,#5716,#5717,#5718,
#5719,#5720,#5721,#5722,#5723,#5724,#5725,#5726,#5727,#5728,#5729));
#1205=EDGE_LOOP('',(#5730,#5731,#5732,#5733,#5734,#5735,#5736,#5737,#5738,
#5739,#5740,#5741,#5742,#5743,#5744,#5745,#5746,#5747,#5748,#5749));
#1206=EDGE_LOOP('',(#5750,#5751,#5752,#5753,#5754,#5755,#5756,#5757,#5758));
#1207=EDGE_LOOP('',(#5759,#5760,#5761,#5762,#5763,#5764,#5765,#5766,#5767,
#5768,#5769,#5770,#5771,#5772,#5773));
#1208=EDGE_LOOP('',(#5774,#5775,#5776,#5777));
#1209=EDGE_LOOP('',(#5778,#5779,#5780,#5781));
#1210=EDGE_LOOP('',(#5782,#5783,#5784,#5785));
#1211=EDGE_LOOP('',(#5786,#5787,#5788,#5789));
#1212=EDGE_LOOP('',(#5790,#5791,#5792,#5793));
#1213=EDGE_LOOP('',(#5794,#5795,#5796,#5797));
#1214=EDGE_LOOP('',(#5798,#5799,#5800,#5801));
#1215=EDGE_LOOP('',(#5802,#5803,#5804,#5805));
#1216=EDGE_LOOP('',(#5806,#5807,#5808,#5809));
#1217=EDGE_LOOP('',(#5810,#5811,#5812,#5813));
#1218=EDGE_LOOP('',(#5814,#5815,#5816,#5817));
#1219=EDGE_LOOP('',(#5818,#5819,#5820,#5821));
#1220=EDGE_LOOP('',(#5822,#5823,#5824,#5825));
#1221=EDGE_LOOP('',(#5826,#5827,#5828,#5829));
#1222=EDGE_LOOP('',(#5830,#5831,#5832,#5833));
#1223=EDGE_LOOP('',(#5834,#5835,#5836,#5837));
#1224=EDGE_LOOP('',(#5838,#5839,#5840,#5841));
#1225=EDGE_LOOP('',(#5842,#5843,#5844,#5845));
#1226=EDGE_LOOP('',(#5846));
#1227=EDGE_LOOP('',(#5847));
#1228=EDGE_LOOP('',(#5848));
#1229=EDGE_LOOP('',(#5849));
#1230=EDGE_LOOP('',(#5850));
#1231=EDGE_LOOP('',(#5851,#5852,#5853,#5854));
#1232=EDGE_LOOP('',(#5855));
#1233=EDGE_LOOP('',(#5856));
#1234=EDGE_LOOP('',(#5857));
#1235=EDGE_LOOP('',(#5858));
#1236=EDGE_LOOP('',(#5859));
#1237=EDGE_LOOP('',(#5860));
#1238=EDGE_LOOP('',(#5861));
#1239=EDGE_LOOP('',(#5862));
#1240=EDGE_LOOP('',(#5863,#5864,#5865,#5866));
#1241=EDGE_LOOP('',(#5867,#5868,#5869,#5870));
#1242=EDGE_LOOP('',(#5871,#5872,#5873,#5874));
#1243=EDGE_LOOP('',(#5875,#5876,#5877,#5878));
#1244=EDGE_LOOP('',(#5879,#5880,#5881,#5882));
#1245=EDGE_LOOP('',(#5883,#5884,#5885,#5886));
#1246=EDGE_LOOP('',(#5887,#5888,#5889,#5890));
#1247=EDGE_LOOP('',(#5891,#5892,#5893,#5894));
#1248=EDGE_LOOP('',(#5895,#5896,#5897,#5898));
#1249=EDGE_LOOP('',(#5899,#5900,#5901,#5902));
#1250=EDGE_LOOP('',(#5903,#5904,#5905,#5906));
#1251=EDGE_LOOP('',(#5907,#5908,#5909,#5910));
#1252=EDGE_LOOP('',(#5911,#5912,#5913,#5914));
#1253=EDGE_LOOP('',(#5915,#5916,#5917,#5918));
#1254=EDGE_LOOP('',(#5919));
#1255=EDGE_LOOP('',(#5920));
#1256=EDGE_LOOP('',(#5921));
#1257=EDGE_LOOP('',(#5922));
#1258=EDGE_LOOP('',(#5923,#5924,#5925,#5926,#5927,#5928,#5929,#5930,#5931,
#5932,#5933,#5934));
#1259=EDGE_LOOP('',(#5935,#5936,#5937,#5938,#5939,#5940,#5941,#5942,#5943));
#1260=EDGE_LOOP('',(#5944,#5945,#5946,#5947,#5948,#5949,#5950,#5951,#5952,
#5953,#5954,#5955,#5956,#5957,#5958,#5959,#5960,#5961,#5962,#5963,#5964,
#5965,#5966,#5967,#5968,#5969,#5970,#5971,#5972,#5973,#5974));
#1261=EDGE_LOOP('',(#5975,#5976,#5977,#5978,#5979,#5980,#5981,#5982,#5983,
#5984,#5985,#5986,#5987,#5988,#5989,#5990));
#1262=EDGE_LOOP('',(#5991,#5992,#5993,#5994));
#1263=EDGE_LOOP('',(#5995,#5996,#5997,#5998));
#1264=EDGE_LOOP('',(#5999,#6000,#6001,#6002));
#1265=EDGE_LOOP('',(#6003,#6004,#6005,#6006));
#1266=EDGE_LOOP('',(#6007,#6008,#6009,#6010));
#1267=EDGE_LOOP('',(#6011,#6012,#6013,#6014));
#1268=EDGE_LOOP('',(#6015,#6016,#6017,#6018));
#1269=EDGE_LOOP('',(#6019,#6020,#6021,#6022));
#1270=EDGE_LOOP('',(#6023,#6024,#6025,#6026));
#1271=EDGE_LOOP('',(#6027,#6028,#6029,#6030));
#1272=EDGE_LOOP('',(#6031,#6032,#6033,#6034));
#1273=EDGE_LOOP('',(#6035,#6036,#6037,#6038));
#1274=EDGE_LOOP('',(#6039,#6040,#6041,#6042));
#1275=EDGE_LOOP('',(#6043,#6044,#6045,#6046));
#1276=EDGE_LOOP('',(#6047,#6048,#6049,#6050));
#1277=EDGE_LOOP('',(#6051,#6052,#6053,#6054));
#1278=EDGE_LOOP('',(#6055,#6056,#6057,#6058));
#1279=EDGE_LOOP('',(#6059,#6060,#6061,#6062));
#1280=EDGE_LOOP('',(#6063));
#1281=EDGE_LOOP('',(#6064));
#1282=EDGE_LOOP('',(#6065));
#1283=EDGE_LOOP('',(#6066));
#1284=EDGE_LOOP('',(#6067));
#1285=EDGE_LOOP('',(#6068,#6069,#6070,#6071));
#1286=EDGE_LOOP('',(#6072));
#1287=EDGE_LOOP('',(#6073));
#1288=EDGE_LOOP('',(#6074));
#1289=EDGE_LOOP('',(#6075));
#1290=EDGE_LOOP('',(#6076));
#1291=EDGE_LOOP('',(#6077));
#1292=EDGE_LOOP('',(#6078));
#1293=EDGE_LOOP('',(#6079));
#1294=EDGE_LOOP('',(#6080,#6081,#6082,#6083));
#1295=EDGE_LOOP('',(#6084,#6085,#6086,#6087));
#1296=EDGE_LOOP('',(#6088,#6089,#6090,#6091));
#1297=EDGE_LOOP('',(#6092,#6093,#6094,#6095));
#1298=EDGE_LOOP('',(#6096,#6097,#6098,#6099));
#1299=EDGE_LOOP('',(#6100,#6101,#6102,#6103));
#1300=EDGE_LOOP('',(#6104,#6105,#6106,#6107));
#1301=EDGE_LOOP('',(#6108,#6109,#6110,#6111));
#1302=EDGE_LOOP('',(#6112,#6113,#6114,#6115));
#1303=EDGE_LOOP('',(#6116,#6117,#6118,#6119));
#1304=EDGE_LOOP('',(#6120,#6121,#6122,#6123));
#1305=EDGE_LOOP('',(#6124,#6125,#6126,#6127));
#1306=EDGE_LOOP('',(#6128,#6129,#6130,#6131));
#1307=EDGE_LOOP('',(#6132));
#1308=EDGE_LOOP('',(#6133));
#1309=EDGE_LOOP('',(#6134));
#1310=EDGE_LOOP('',(#6135));
#1311=EDGE_LOOP('',(#6136,#6137,#6138,#6139));
#1312=EDGE_LOOP('',(#6140,#6141,#6142,#6143));
#1313=EDGE_LOOP('',(#6144,#6145,#6146,#6147));
#1314=EDGE_LOOP('',(#6148,#6149,#6150,#6151));
#1315=LINE('',#8113,#1990);
#1316=LINE('',#8115,#1991);
#1317=LINE('',#8117,#1992);
#1318=LINE('',#8118,#1993);
#1319=LINE('',#8141,#1994);
#1320=LINE('',#8164,#1995);
#1321=LINE('',#8187,#1996);
#1322=LINE('',#8210,#1997);
#1323=LINE('',#8233,#1998);
#1324=LINE('',#8236,#1999);
#1325=LINE('',#8238,#2000);
#1326=LINE('',#8239,#2001);
#1327=LINE('',#8241,#2002);
#1328=LINE('',#8242,#2003);
#1329=LINE('',#8246,#2004);
#1330=LINE('',#8248,#2005);
#1331=LINE('',#8250,#2006);
#1332=LINE('',#8251,#2007);
#1333=LINE('',#8254,#2008);
#1334=LINE('',#8256,#2009);
#1335=LINE('',#8257,#2010);
#1336=LINE('',#8260,#2011);
#1337=LINE('',#8262,#2012);
#1338=LINE('',#8263,#2013);
#1339=LINE('',#8286,#2014);
#1340=LINE('',#8309,#2015);
#1341=LINE('',#8332,#2016);
#1342=LINE('',#8355,#2017);
#1343=LINE('',#8378,#2018);
#1344=LINE('',#8401,#2019);
#1345=LINE('',#8424,#2020);
#1346=LINE('',#8427,#2021);
#1347=LINE('',#8429,#2022);
#1348=LINE('',#8430,#2023);
#1349=LINE('',#8453,#2024);
#1350=LINE('',#8476,#2025);
#1351=LINE('',#8499,#2026);
#1352=LINE('',#8502,#2027);
#1353=LINE('',#8504,#2028);
#1354=LINE('',#8505,#2029);
#1355=LINE('',#8507,#2030);
#1356=LINE('',#8508,#2031);
#1357=LINE('',#8514,#2032);
#1358=LINE('',#8516,#2033);
#1359=LINE('',#8518,#2034);
#1360=LINE('',#8519,#2035);
#1361=LINE('',#8522,#2036);
#1362=LINE('',#8524,#2037);
#1363=LINE('',#8525,#2038);
#1364=LINE('',#8528,#2039);
#1365=LINE('',#8530,#2040);
#1366=LINE('',#8531,#2041);
#1367=LINE('',#8534,#2042);
#1368=LINE('',#8536,#2043);
#1369=LINE('',#8537,#2044);
#1370=LINE('',#8540,#2045);
#1371=LINE('',#8542,#2046);
#1372=LINE('',#8543,#2047);
#1373=LINE('',#8546,#2048);
#1374=LINE('',#8548,#2049);
#1375=LINE('',#8549,#2050);
#1376=LINE('',#8552,#2051);
#1377=LINE('',#8554,#2052);
#1378=LINE('',#8555,#2053);
#1379=LINE('',#8558,#2054);
#1380=LINE('',#8560,#2055);
#1381=LINE('',#8561,#2056);
#1382=LINE('',#8564,#2057);
#1383=LINE('',#8566,#2058);
#1384=LINE('',#8567,#2059);
#1385=LINE('',#8590,#2060);
#1386=LINE('',#8613,#2061);
#1387=LINE('',#8636,#2062);
#1388=LINE('',#8659,#2063);
#1389=LINE('',#8662,#2064);
#1390=LINE('',#8664,#2065);
#1391=LINE('',#8665,#2066);
#1392=LINE('',#8688,#2067);
#1393=LINE('',#8711,#2068);
#1394=LINE('',#8734,#2069);
#1395=LINE('',#8757,#2070);
#1396=LINE('',#8760,#2071);
#1397=LINE('',#8762,#2072);
#1398=LINE('',#8763,#2073);
#1399=LINE('',#8765,#2074);
#1400=LINE('',#8766,#2075);
#1401=LINE('',#8771,#2076);
#1402=LINE('',#8773,#2077);
#1403=LINE('',#8775,#2078);
#1404=LINE('',#8776,#2079);
#1405=LINE('',#8779,#2080);
#1406=LINE('',#8781,#2081);
#1407=LINE('',#8782,#2082);
#1408=LINE('',#8805,#2083);
#1409=LINE('',#8828,#2084);
#1410=LINE('',#8851,#2085);
#1411=LINE('',#8874,#2086);
#1412=LINE('',#8897,#2087);
#1413=LINE('',#8920,#2088);
#1414=LINE('',#8943,#2089);
#1415=LINE('',#8966,#2090);
#1416=LINE('',#8969,#2091);
#1417=LINE('',#8971,#2092);
#1418=LINE('',#8972,#2093);
#1419=LINE('',#8975,#2094);
#1420=LINE('',#8977,#2095);
#1421=LINE('',#8978,#2096);
#1422=LINE('',#8981,#2097);
#1423=LINE('',#8983,#2098);
#1424=LINE('',#8984,#2099);
#1425=LINE('',#9007,#2100);
#1426=LINE('',#9030,#2101);
#1427=LINE('',#9053,#2102);
#1428=LINE('',#9076,#2103);
#1429=LINE('',#9099,#2104);
#1430=LINE('',#9102,#2105);
#1431=LINE('',#9104,#2106);
#1432=LINE('',#9105,#2107);
#1433=LINE('',#9108,#2108);
#1434=LINE('',#9110,#2109);
#1435=LINE('',#9111,#2110);
#1436=LINE('',#9114,#2111);
#1437=LINE('',#9116,#2112);
#1438=LINE('',#9117,#2113);
#1439=LINE('',#9140,#2114);
#1440=LINE('',#9163,#2115);
#1441=LINE('',#9186,#2116);
#1442=LINE('',#9209,#2117);
#1443=LINE('',#9232,#2118);
#1444=LINE('',#9255,#2119);
#1445=LINE('',#9278,#2120);
#1446=LINE('',#9281,#2121);
#1447=LINE('',#9283,#2122);
#1448=LINE('',#9284,#2123);
#1449=LINE('',#9287,#2124);
#1450=LINE('',#9289,#2125);
#1451=LINE('',#9290,#2126);
#1452=LINE('',#9292,#2127);
#1453=LINE('',#9293,#2128);
#1454=LINE('',#9298,#2129);
#1455=LINE('',#9300,#2130);
#1456=LINE('',#9302,#2131);
#1457=LINE('',#9303,#2132);
#1458=LINE('',#9326,#2133);
#1459=LINE('',#9349,#2134);
#1460=LINE('',#9372,#2135);
#1461=LINE('',#9395,#2136);
#1462=LINE('',#9418,#2137);
#1463=LINE('',#9441,#2138);
#1464=LINE('',#9464,#2139);
#1465=LINE('',#9487,#2140);
#1466=LINE('',#9510,#2141);
#1467=LINE('',#9513,#2142);
#1468=LINE('',#9515,#2143);
#1469=LINE('',#9516,#2144);
#1470=LINE('',#9539,#2145);
#1471=LINE('',#9562,#2146);
#1472=LINE('',#9585,#2147);
#1473=LINE('',#9608,#2148);
#1474=LINE('',#9631,#2149);
#1475=LINE('',#9654,#2150);
#1476=LINE('',#9677,#2151);
#1477=LINE('',#9700,#2152);
#1478=LINE('',#9740,#2153);
#1479=LINE('',#9747,#2154);
#1480=LINE('',#9770,#2155);
#1481=LINE('',#9793,#2156);
#1482=LINE('',#9816,#2157);
#1483=LINE('',#9839,#2158);
#1484=LINE('',#9862,#2159);
#1485=LINE('',#9885,#2160);
#1486=LINE('',#9908,#2161);
#1487=LINE('',#9947,#2162);
#1488=LINE('',#9954,#2163);
#1489=LINE('',#9977,#2164);
#1490=LINE('',#10000,#2165);
#1491=LINE('',#10023,#2166);
#1492=LINE('',#10046,#2167);
#1493=LINE('',#10069,#2168);
#1494=LINE('',#10092,#2169);
#1495=LINE('',#10115,#2170);
#1496=LINE('',#10156,#2171);
#1497=LINE('',#10163,#2172);
#1498=LINE('',#10186,#2173);
#1499=LINE('',#10209,#2174);
#1500=LINE('',#10232,#2175);
#1501=LINE('',#10255,#2176);
#1502=LINE('',#10278,#2177);
#1503=LINE('',#10301,#2178);
#1504=LINE('',#10324,#2179);
#1505=LINE('',#10363,#2180);
#1506=LINE('',#10370,#2181);
#1507=LINE('',#10393,#2182);
#1508=LINE('',#10416,#2183);
#1509=LINE('',#10439,#2184);
#1510=LINE('',#10462,#2185);
#1511=LINE('',#10485,#2186);
#1512=LINE('',#10508,#2187);
#1513=LINE('',#10531,#2188);
#1514=LINE('',#10557,#2189);
#1515=LINE('',#10559,#2190);
#1516=LINE('',#10561,#2191);
#1517=LINE('',#10562,#2192);
#1518=LINE('',#10565,#2193);
#1519=LINE('',#10567,#2194);
#1520=LINE('',#10568,#2195);
#1521=LINE('',#10591,#2196);
#1522=LINE('',#10614,#2197);
#1523=LINE('',#10617,#2198);
#1524=LINE('',#10619,#2199);
#1525=LINE('',#10620,#2200);
#1526=LINE('',#10643,#2201);
#1527=LINE('',#10666,#2202);
#1528=LINE('',#10689,#2203);
#1529=LINE('',#10712,#2204);
#1530=LINE('',#10715,#2205);
#1531=LINE('',#10717,#2206);
#1532=LINE('',#10718,#2207);
#1533=LINE('',#10721,#2208);
#1534=LINE('',#10723,#2209);
#1535=LINE('',#10724,#2210);
#1536=LINE('',#10726,#2211);
#1537=LINE('',#10727,#2212);
#1538=LINE('',#10747,#2213);
#1539=LINE('',#10754,#2214);
#1540=LINE('',#10777,#2215);
#1541=LINE('',#10800,#2216);
#1542=LINE('',#10823,#2217);
#1543=LINE('',#10846,#2218);
#1544=LINE('',#10848,#2219);
#1545=LINE('',#10849,#2220);
#1546=LINE('',#10853,#2221);
#1547=LINE('',#10855,#2222);
#1548=LINE('',#10857,#2223);
#1549=LINE('',#10858,#2224);
#1550=LINE('',#10881,#2225);
#1551=LINE('',#10904,#2226);
#1552=LINE('',#10927,#2227);
#1553=LINE('',#10950,#2228);
#1554=LINE('',#10953,#2229);
#1555=LINE('',#10955,#2230);
#1556=LINE('',#10956,#2231);
#1557=LINE('',#10979,#2232);
#1558=LINE('',#11002,#2233);
#1559=LINE('',#11025,#2234);
#1560=LINE('',#11048,#2235);
#1561=LINE('',#11071,#2236);
#1562=LINE('',#11094,#2237);
#1563=LINE('',#11117,#2238);
#1564=LINE('',#11140,#2239);
#1565=LINE('',#11167,#2240);
#1566=LINE('',#11173,#2241);
#1567=LINE('',#11179,#2242);
#1568=LINE('',#11185,#2243);
#1569=LINE('',#11190,#2244);
#1570=LINE('',#11192,#2245);
#1571=LINE('',#11194,#2246);
#1572=LINE('',#11195,#2247);
#1573=LINE('',#11198,#2248);
#1574=LINE('',#11200,#2249);
#1575=LINE('',#11201,#2250);
#1576=LINE('',#11204,#2251);
#1577=LINE('',#11206,#2252);
#1578=LINE('',#11207,#2253);
#1579=LINE('',#11209,#2254);
#1580=LINE('',#11210,#2255);
#1581=LINE('',#11215,#2256);
#1582=LINE('',#11217,#2257);
#1583=LINE('',#11219,#2258);
#1584=LINE('',#11220,#2259);
#1585=LINE('',#11223,#2260);
#1586=LINE('',#11225,#2261);
#1587=LINE('',#11226,#2262);
#1588=LINE('',#11229,#2263);
#1589=LINE('',#11231,#2264);
#1590=LINE('',#11232,#2265);
#1591=LINE('',#11234,#2266);
#1592=LINE('',#11235,#2267);
#1593=LINE('',#11240,#2268);
#1594=LINE('',#11242,#2269);
#1595=LINE('',#11244,#2270);
#1596=LINE('',#11245,#2271);
#1597=LINE('',#11248,#2272);
#1598=LINE('',#11250,#2273);
#1599=LINE('',#11251,#2274);
#1600=LINE('',#11254,#2275);
#1601=LINE('',#11256,#2276);
#1602=LINE('',#11257,#2277);
#1603=LINE('',#11259,#2278);
#1604=LINE('',#11260,#2279);
#1605=LINE('',#11264,#2280);
#1606=LINE('',#11266,#2281);
#1607=LINE('',#11268,#2282);
#1608=LINE('',#11269,#2283);
#1609=LINE('',#11272,#2284);
#1610=LINE('',#11274,#2285);
#1611=LINE('',#11275,#2286);
#1612=LINE('',#11278,#2287);
#1613=LINE('',#11280,#2288);
#1614=LINE('',#11281,#2289);
#1615=LINE('',#11283,#2290);
#1616=LINE('',#11284,#2291);
#1617=LINE('',#11288,#2292);
#1618=LINE('',#11290,#2293);
#1619=LINE('',#11292,#2294);
#1620=LINE('',#11293,#2295);
#1621=LINE('',#11296,#2296);
#1622=LINE('',#11298,#2297);
#1623=LINE('',#11299,#2298);
#1624=LINE('',#11302,#2299);
#1625=LINE('',#11304,#2300);
#1626=LINE('',#11305,#2301);
#1627=LINE('',#11307,#2302);
#1628=LINE('',#11308,#2303);
#1629=LINE('',#11312,#2304);
#1630=LINE('',#11314,#2305);
#1631=LINE('',#11316,#2306);
#1632=LINE('',#11317,#2307);
#1633=LINE('',#11320,#2308);
#1634=LINE('',#11322,#2309);
#1635=LINE('',#11323,#2310);
#1636=LINE('',#11326,#2311);
#1637=LINE('',#11328,#2312);
#1638=LINE('',#11329,#2313);
#1639=LINE('',#11331,#2314);
#1640=LINE('',#11332,#2315);
#1641=LINE('',#11336,#2316);
#1642=LINE('',#11338,#2317);
#1643=LINE('',#11340,#2318);
#1644=LINE('',#11341,#2319);
#1645=LINE('',#11344,#2320);
#1646=LINE('',#11346,#2321);
#1647=LINE('',#11347,#2322);
#1648=LINE('',#11350,#2323);
#1649=LINE('',#11352,#2324);
#1650=LINE('',#11353,#2325);
#1651=LINE('',#11355,#2326);
#1652=LINE('',#11356,#2327);
#1653=LINE('',#11360,#2328);
#1654=LINE('',#11362,#2329);
#1655=LINE('',#11364,#2330);
#1656=LINE('',#11365,#2331);
#1657=LINE('',#11368,#2332);
#1658=LINE('',#11370,#2333);
#1659=LINE('',#11371,#2334);
#1660=LINE('',#11374,#2335);
#1661=LINE('',#11376,#2336);
#1662=LINE('',#11377,#2337);
#1663=LINE('',#11379,#2338);
#1664=LINE('',#11380,#2339);
#1665=LINE('',#11384,#2340);
#1666=LINE('',#11386,#2341);
#1667=LINE('',#11388,#2342);
#1668=LINE('',#11389,#2343);
#1669=LINE('',#11392,#2344);
#1670=LINE('',#11394,#2345);
#1671=LINE('',#11395,#2346);
#1672=LINE('',#11398,#2347);
#1673=LINE('',#11400,#2348);
#1674=LINE('',#11401,#2349);
#1675=LINE('',#11403,#2350);
#1676=LINE('',#11404,#2351);
#1677=LINE('',#11408,#2352);
#1678=LINE('',#11410,#2353);
#1679=LINE('',#11412,#2354);
#1680=LINE('',#11413,#2355);
#1681=LINE('',#11416,#2356);
#1682=LINE('',#11418,#2357);
#1683=LINE('',#11419,#2358);
#1684=LINE('',#11422,#2359);
#1685=LINE('',#11424,#2360);
#1686=LINE('',#11425,#2361);
#1687=LINE('',#11427,#2362);
#1688=LINE('',#11428,#2363);
#1689=LINE('',#11432,#2364);
#1690=LINE('',#11434,#2365);
#1691=LINE('',#11436,#2366);
#1692=LINE('',#11437,#2367);
#1693=LINE('',#11440,#2368);
#1694=LINE('',#11442,#2369);
#1695=LINE('',#11443,#2370);
#1696=LINE('',#11446,#2371);
#1697=LINE('',#11448,#2372);
#1698=LINE('',#11449,#2373);
#1699=LINE('',#11451,#2374);
#1700=LINE('',#11452,#2375);
#1701=LINE('',#11456,#2376);
#1702=LINE('',#11458,#2377);
#1703=LINE('',#11460,#2378);
#1704=LINE('',#11461,#2379);
#1705=LINE('',#11464,#2380);
#1706=LINE('',#11466,#2381);
#1707=LINE('',#11467,#2382);
#1708=LINE('',#11470,#2383);
#1709=LINE('',#11472,#2384);
#1710=LINE('',#11473,#2385);
#1711=LINE('',#11475,#2386);
#1712=LINE('',#11476,#2387);
#1713=LINE('',#11480,#2388);
#1714=LINE('',#11482,#2389);
#1715=LINE('',#11484,#2390);
#1716=LINE('',#11485,#2391);
#1717=LINE('',#11488,#2392);
#1718=LINE('',#11490,#2393);
#1719=LINE('',#11491,#2394);
#1720=LINE('',#11494,#2395);
#1721=LINE('',#11496,#2396);
#1722=LINE('',#11497,#2397);
#1723=LINE('',#11499,#2398);
#1724=LINE('',#11500,#2399);
#1725=LINE('',#11504,#2400);
#1726=LINE('',#11506,#2401);
#1727=LINE('',#11508,#2402);
#1728=LINE('',#11509,#2403);
#1729=LINE('',#11512,#2404);
#1730=LINE('',#11514,#2405);
#1731=LINE('',#11515,#2406);
#1732=LINE('',#11518,#2407);
#1733=LINE('',#11520,#2408);
#1734=LINE('',#11521,#2409);
#1735=LINE('',#11523,#2410);
#1736=LINE('',#11524,#2411);
#1737=LINE('',#11528,#2412);
#1738=LINE('',#11530,#2413);
#1739=LINE('',#11532,#2414);
#1740=LINE('',#11533,#2415);
#1741=LINE('',#11536,#2416);
#1742=LINE('',#11538,#2417);
#1743=LINE('',#11539,#2418);
#1744=LINE('',#11542,#2419);
#1745=LINE('',#11544,#2420);
#1746=LINE('',#11545,#2421);
#1747=LINE('',#11547,#2422);
#1748=LINE('',#11548,#2423);
#1749=LINE('',#11552,#2424);
#1750=LINE('',#11554,#2425);
#1751=LINE('',#11556,#2426);
#1752=LINE('',#11557,#2427);
#1753=LINE('',#11560,#2428);
#1754=LINE('',#11562,#2429);
#1755=LINE('',#11563,#2430);
#1756=LINE('',#11566,#2431);
#1757=LINE('',#11568,#2432);
#1758=LINE('',#11569,#2433);
#1759=LINE('',#11571,#2434);
#1760=LINE('',#11572,#2435);
#1761=LINE('',#11576,#2436);
#1762=LINE('',#11578,#2437);
#1763=LINE('',#11580,#2438);
#1764=LINE('',#11581,#2439);
#1765=LINE('',#11584,#2440);
#1766=LINE('',#11586,#2441);
#1767=LINE('',#11587,#2442);
#1768=LINE('',#11590,#2443);
#1769=LINE('',#11592,#2444);
#1770=LINE('',#11593,#2445);
#1771=LINE('',#11595,#2446);
#1772=LINE('',#11596,#2447);
#1773=LINE('',#11600,#2448);
#1774=LINE('',#11602,#2449);
#1775=LINE('',#11604,#2450);
#1776=LINE('',#11605,#2451);
#1777=LINE('',#11608,#2452);
#1778=LINE('',#11610,#2453);
#1779=LINE('',#11611,#2454);
#1780=LINE('',#11614,#2455);
#1781=LINE('',#11616,#2456);
#1782=LINE('',#11617,#2457);
#1783=LINE('',#11619,#2458);
#1784=LINE('',#11620,#2459);
#1785=LINE('',#11624,#2460);
#1786=LINE('',#11626,#2461);
#1787=LINE('',#11628,#2462);
#1788=LINE('',#11629,#2463);
#1789=LINE('',#11632,#2464);
#1790=LINE('',#11634,#2465);
#1791=LINE('',#11635,#2466);
#1792=LINE('',#11638,#2467);
#1793=LINE('',#11640,#2468);
#1794=LINE('',#11641,#2469);
#1795=LINE('',#11643,#2470);
#1796=LINE('',#11644,#2471);
#1797=LINE('',#11648,#2472);
#1798=LINE('',#11650,#2473);
#1799=LINE('',#11652,#2474);
#1800=LINE('',#11653,#2475);
#1801=LINE('',#11656,#2476);
#1802=LINE('',#11658,#2477);
#1803=LINE('',#11659,#2478);
#1804=LINE('',#11662,#2479);
#1805=LINE('',#11664,#2480);
#1806=LINE('',#11665,#2481);
#1807=LINE('',#11667,#2482);
#1808=LINE('',#11668,#2483);
#1809=LINE('',#11672,#2484);
#1810=LINE('',#11674,#2485);
#1811=LINE('',#11676,#2486);
#1812=LINE('',#11677,#2487);
#1813=LINE('',#11680,#2488);
#1814=LINE('',#11682,#2489);
#1815=LINE('',#11683,#2490);
#1816=LINE('',#11686,#2491);
#1817=LINE('',#11688,#2492);
#1818=LINE('',#11689,#2493);
#1819=LINE('',#11691,#2494);
#1820=LINE('',#11692,#2495);
#1821=LINE('',#11696,#2496);
#1822=LINE('',#11698,#2497);
#1823=LINE('',#11700,#2498);
#1824=LINE('',#11701,#2499);
#1825=LINE('',#11704,#2500);
#1826=LINE('',#11706,#2501);
#1827=LINE('',#11707,#2502);
#1828=LINE('',#11710,#2503);
#1829=LINE('',#11712,#2504);
#1830=LINE('',#11713,#2505);
#1831=LINE('',#11715,#2506);
#1832=LINE('',#11716,#2507);
#1833=LINE('',#11720,#2508);
#1834=LINE('',#11722,#2509);
#1835=LINE('',#11724,#2510);
#1836=LINE('',#11725,#2511);
#1837=LINE('',#11728,#2512);
#1838=LINE('',#11730,#2513);
#1839=LINE('',#11731,#2514);
#1840=LINE('',#11734,#2515);
#1841=LINE('',#11736,#2516);
#1842=LINE('',#11737,#2517);
#1843=LINE('',#11739,#2518);
#1844=LINE('',#11740,#2519);
#1845=LINE('',#11744,#2520);
#1846=LINE('',#11746,#2521);
#1847=LINE('',#11748,#2522);
#1848=LINE('',#11749,#2523);
#1849=LINE('',#11752,#2524);
#1850=LINE('',#11754,#2525);
#1851=LINE('',#11755,#2526);
#1852=LINE('',#11758,#2527);
#1853=LINE('',#11760,#2528);
#1854=LINE('',#11761,#2529);
#1855=LINE('',#11763,#2530);
#1856=LINE('',#11764,#2531);
#1857=LINE('',#11768,#2532);
#1858=LINE('',#11770,#2533);
#1859=LINE('',#11772,#2534);
#1860=LINE('',#11773,#2535);
#1861=LINE('',#11776,#2536);
#1862=LINE('',#11778,#2537);
#1863=LINE('',#11779,#2538);
#1864=LINE('',#11782,#2539);
#1865=LINE('',#11784,#2540);
#1866=LINE('',#11785,#2541);
#1867=LINE('',#11787,#2542);
#1868=LINE('',#11788,#2543);
#1869=LINE('',#11792,#2544);
#1870=LINE('',#11794,#2545);
#1871=LINE('',#11796,#2546);
#1872=LINE('',#11797,#2547);
#1873=LINE('',#11800,#2548);
#1874=LINE('',#11802,#2549);
#1875=LINE('',#11803,#2550);
#1876=LINE('',#11806,#2551);
#1877=LINE('',#11808,#2552);
#1878=LINE('',#11809,#2553);
#1879=LINE('',#11811,#2554);
#1880=LINE('',#11812,#2555);
#1881=LINE('',#11816,#2556);
#1882=LINE('',#11818,#2557);
#1883=LINE('',#11820,#2558);
#1884=LINE('',#11821,#2559);
#1885=LINE('',#11824,#2560);
#1886=LINE('',#11826,#2561);
#1887=LINE('',#11827,#2562);
#1888=LINE('',#11830,#2563);
#1889=LINE('',#11832,#2564);
#1890=LINE('',#11833,#2565);
#1891=LINE('',#11835,#2566);
#1892=LINE('',#11836,#2567);
#1893=LINE('',#11840,#2568);
#1894=LINE('',#11842,#2569);
#1895=LINE('',#11844,#2570);
#1896=LINE('',#11845,#2571);
#1897=LINE('',#11848,#2572);
#1898=LINE('',#11850,#2573);
#1899=LINE('',#11851,#2574);
#1900=LINE('',#11854,#2575);
#1901=LINE('',#11856,#2576);
#1902=LINE('',#11857,#2577);
#1903=LINE('',#11859,#2578);
#1904=LINE('',#11860,#2579);
#1905=LINE('',#11864,#2580);
#1906=LINE('',#11866,#2581);
#1907=LINE('',#11868,#2582);
#1908=LINE('',#11869,#2583);
#1909=LINE('',#11872,#2584);
#1910=LINE('',#11874,#2585);
#1911=LINE('',#11875,#2586);
#1912=LINE('',#11878,#2587);
#1913=LINE('',#11880,#2588);
#1914=LINE('',#11881,#2589);
#1915=LINE('',#11883,#2590);
#1916=LINE('',#11884,#2591);
#1917=LINE('',#11888,#2592);
#1918=LINE('',#11890,#2593);
#1919=LINE('',#11892,#2594);
#1920=LINE('',#11893,#2595);
#1921=LINE('',#11896,#2596);
#1922=LINE('',#11898,#2597);
#1923=LINE('',#11899,#2598);
#1924=LINE('',#11902,#2599);
#1925=LINE('',#11904,#2600);
#1926=LINE('',#11905,#2601);
#1927=LINE('',#11907,#2602);
#1928=LINE('',#11908,#2603);
#1929=LINE('',#11912,#2604);
#1930=LINE('',#11914,#2605);
#1931=LINE('',#11916,#2606);
#1932=LINE('',#11917,#2607);
#1933=LINE('',#11920,#2608);
#1934=LINE('',#11922,#2609);
#1935=LINE('',#11923,#2610);
#1936=LINE('',#11926,#2611);
#1937=LINE('',#11928,#2612);
#1938=LINE('',#11929,#2613);
#1939=LINE('',#11931,#2614);
#1940=LINE('',#11932,#2615);
#1941=LINE('',#11936,#2616);
#1942=LINE('',#11938,#2617);
#1943=LINE('',#11940,#2618);
#1944=LINE('',#11941,#2619);
#1945=LINE('',#11944,#2620);
#1946=LINE('',#11946,#2621);
#1947=LINE('',#11947,#2622);
#1948=LINE('',#11950,#2623);
#1949=LINE('',#11952,#2624);
#1950=LINE('',#11953,#2625);
#1951=LINE('',#11955,#2626);
#1952=LINE('',#11956,#2627);
#1953=LINE('',#11961,#2628);
#1954=LINE('',#11967,#2629);
#1955=LINE('',#11973,#2630);
#1956=LINE('',#11979,#2631);
#1957=LINE('',#11985,#2632);
#1958=LINE('',#11991,#2633);
#1959=LINE('',#11997,#2634);
#1960=LINE('',#12003,#2635);
#1961=LINE('',#12009,#2636);
#1962=LINE('',#12015,#2637);
#1963=LINE('',#12021,#2638);
#1964=LINE('',#12027,#2639);
#1965=LINE('',#12032,#2640);
#1966=LINE('',#12034,#2641);
#1967=LINE('',#12036,#2642);
#1968=LINE('',#12037,#2643);
#1969=LINE('',#12040,#2644);
#1970=LINE('',#12042,#2645);
#1971=LINE('',#12043,#2646);
#1972=LINE('',#12046,#2647);
#1973=LINE('',#12048,#2648);
#1974=LINE('',#12049,#2649);
#1975=LINE('',#12051,#2650);
#1976=LINE('',#12052,#2651);
#1977=LINE('',#12057,#2652);
#1978=LINE('',#12062,#2653);
#1979=LINE('',#12064,#2654);
#1980=LINE('',#12066,#2655);
#1981=LINE('',#12067,#2656);
#1982=LINE('',#12071,#2657);
#1983=LINE('',#12073,#2658);
#1984=LINE('',#12075,#2659);
#1985=LINE('',#12076,#2660);
#1986=LINE('',#12078,#2661);
#1987=LINE('',#12079,#2662);
#1988=LINE('',#12081,#2663);
#1989=LINE('',#12083,#2664);
#1990=VECTOR('',#6944,1.);
#1991=VECTOR('',#6945,1.);
#1992=VECTOR('',#6946,1.);
#1993=VECTOR('',#6947,1.);
#1994=VECTOR('',#6948,1.);
#1995=VECTOR('',#6949,1.);
#1996=VECTOR('',#6950,1.);
#1997=VECTOR('',#6951,1.);
#1998=VECTOR('',#6952,1.);
#1999=VECTOR('',#6955,1.);
#2000=VECTOR('',#6956,1.);
#2001=VECTOR('',#6957,1.);
#2002=VECTOR('',#6960,1.);
#2003=VECTOR('',#6961,1.);
#2004=VECTOR('',#6964,1.);
#2005=VECTOR('',#6965,1.);
#2006=VECTOR('',#6966,1.);
#2007=VECTOR('',#6967,1.);
#2008=VECTOR('',#6970,1.);
#2009=VECTOR('',#6971,1.);
#2010=VECTOR('',#6972,1.);
#2011=VECTOR('',#6975,1.);
#2012=VECTOR('',#6976,1.);
#2013=VECTOR('',#6977,1.);
#2014=VECTOR('',#6978,1.);
#2015=VECTOR('',#6979,1.);
#2016=VECTOR('',#6980,1.);
#2017=VECTOR('',#6981,1.);
#2018=VECTOR('',#6982,1.);
#2019=VECTOR('',#6983,1.);
#2020=VECTOR('',#6984,1.);
#2021=VECTOR('',#6987,1.);
#2022=VECTOR('',#6988,1.);
#2023=VECTOR('',#6989,1.);
#2024=VECTOR('',#6990,1.);
#2025=VECTOR('',#6991,1.);
#2026=VECTOR('',#6992,1.);
#2027=VECTOR('',#6995,1.);
#2028=VECTOR('',#6996,1.);
#2029=VECTOR('',#6997,1.);
#2030=VECTOR('',#7000,1.);
#2031=VECTOR('',#7001,1.);
#2032=VECTOR('',#7008,1.);
#2033=VECTOR('',#7009,1.);
#2034=VECTOR('',#7010,1.);
#2035=VECTOR('',#7011,1.);
#2036=VECTOR('',#7014,1.);
#2037=VECTOR('',#7015,1.);
#2038=VECTOR('',#7016,1.);
#2039=VECTOR('',#7019,1.);
#2040=VECTOR('',#7020,1.);
#2041=VECTOR('',#7021,1.);
#2042=VECTOR('',#7024,1.);
#2043=VECTOR('',#7025,1.);
#2044=VECTOR('',#7026,1.);
#2045=VECTOR('',#7029,1.);
#2046=VECTOR('',#7030,1.);
#2047=VECTOR('',#7031,1.);
#2048=VECTOR('',#7034,1.);
#2049=VECTOR('',#7035,1.);
#2050=VECTOR('',#7036,1.);
#2051=VECTOR('',#7039,1.);
#2052=VECTOR('',#7040,1.);
#2053=VECTOR('',#7041,1.);
#2054=VECTOR('',#7044,1.);
#2055=VECTOR('',#7045,1.);
#2056=VECTOR('',#7046,1.);
#2057=VECTOR('',#7049,1.);
#2058=VECTOR('',#7050,1.);
#2059=VECTOR('',#7051,1.);
#2060=VECTOR('',#7052,1.);
#2061=VECTOR('',#7053,1.);
#2062=VECTOR('',#7054,1.);
#2063=VECTOR('',#7055,1.);
#2064=VECTOR('',#7058,1.);
#2065=VECTOR('',#7059,1.);
#2066=VECTOR('',#7060,1.);
#2067=VECTOR('',#7061,1.);
#2068=VECTOR('',#7062,1.);
#2069=VECTOR('',#7063,1.);
#2070=VECTOR('',#7064,1.);
#2071=VECTOR('',#7067,1.);
#2072=VECTOR('',#7068,1.);
#2073=VECTOR('',#7069,1.);
#2074=VECTOR('',#7072,1.);
#2075=VECTOR('',#7073,1.);
#2076=VECTOR('',#7078,1.);
#2077=VECTOR('',#7079,1.);
#2078=VECTOR('',#7080,1.);
#2079=VECTOR('',#7081,1.);
#2080=VECTOR('',#7084,1.);
#2081=VECTOR('',#7085,1.);
#2082=VECTOR('',#7086,1.);
#2083=VECTOR('',#7087,1.);
#2084=VECTOR('',#7088,1.);
#2085=VECTOR('',#7089,1.);
#2086=VECTOR('',#7090,1.);
#2087=VECTOR('',#7091,1.);
#2088=VECTOR('',#7092,1.);
#2089=VECTOR('',#7093,1.);
#2090=VECTOR('',#7094,1.);
#2091=VECTOR('',#7097,1.);
#2092=VECTOR('',#7098,1.);
#2093=VECTOR('',#7099,1.);
#2094=VECTOR('',#7102,1.);
#2095=VECTOR('',#7103,1.);
#2096=VECTOR('',#7104,1.);
#2097=VECTOR('',#7107,1.);
#2098=VECTOR('',#7108,1.);
#2099=VECTOR('',#7109,1.);
#2100=VECTOR('',#7110,1.);
#2101=VECTOR('',#7111,1.);
#2102=VECTOR('',#7112,1.);
#2103=VECTOR('',#7113,1.);
#2104=VECTOR('',#7114,1.);
#2105=VECTOR('',#7117,1.);
#2106=VECTOR('',#7118,1.);
#2107=VECTOR('',#7119,1.);
#2108=VECTOR('',#7122,1.);
#2109=VECTOR('',#7123,1.);
#2110=VECTOR('',#7124,1.);
#2111=VECTOR('',#7127,1.);
#2112=VECTOR('',#7128,1.);
#2113=VECTOR('',#7129,1.);
#2114=VECTOR('',#7130,1.);
#2115=VECTOR('',#7131,1.);
#2116=VECTOR('',#7132,1.);
#2117=VECTOR('',#7133,1.);
#2118=VECTOR('',#7134,1.);
#2119=VECTOR('',#7135,1.);
#2120=VECTOR('',#7136,1.);
#2121=VECTOR('',#7139,1.);
#2122=VECTOR('',#7140,1.);
#2123=VECTOR('',#7141,1.);
#2124=VECTOR('',#7144,1.);
#2125=VECTOR('',#7145,1.);
#2126=VECTOR('',#7146,1.);
#2127=VECTOR('',#7149,1.);
#2128=VECTOR('',#7150,1.);
#2129=VECTOR('',#7155,1.);
#2130=VECTOR('',#7156,1.);
#2131=VECTOR('',#7157,1.);
#2132=VECTOR('',#7158,1.);
#2133=VECTOR('',#7159,1.);
#2134=VECTOR('',#7160,1.);
#2135=VECTOR('',#7161,1.);
#2136=VECTOR('',#7162,1.);
#2137=VECTOR('',#7163,1.);
#2138=VECTOR('',#7164,1.);
#2139=VECTOR('',#7165,1.);
#2140=VECTOR('',#7166,1.);
#2141=VECTOR('',#7167,1.);
#2142=VECTOR('',#7170,1.);
#2143=VECTOR('',#7171,1.);
#2144=VECTOR('',#7172,1.);
#2145=VECTOR('',#7173,1.);
#2146=VECTOR('',#7174,1.);
#2147=VECTOR('',#7175,1.);
#2148=VECTOR('',#7176,1.);
#2149=VECTOR('',#7177,1.);
#2150=VECTOR('',#7178,1.);
#2151=VECTOR('',#7179,1.);
#2152=VECTOR('',#7180,1.);
#2153=VECTOR('',#7183,1.);
#2154=VECTOR('',#7184,1.);
#2155=VECTOR('',#7185,1.);
#2156=VECTOR('',#7186,1.);
#2157=VECTOR('',#7187,1.);
#2158=VECTOR('',#7188,1.);
#2159=VECTOR('',#7189,1.);
#2160=VECTOR('',#7190,1.);
#2161=VECTOR('',#7191,1.);
#2162=VECTOR('',#7192,1.);
#2163=VECTOR('',#7193,1.);
#2164=VECTOR('',#7194,1.);
#2165=VECTOR('',#7195,1.);
#2166=VECTOR('',#7196,1.);
#2167=VECTOR('',#7197,1.);
#2168=VECTOR('',#7198,1.);
#2169=VECTOR('',#7199,1.);
#2170=VECTOR('',#7200,1.);
#2171=VECTOR('',#7205,1.);
#2172=VECTOR('',#7206,1.);
#2173=VECTOR('',#7207,1.);
#2174=VECTOR('',#7208,1.);
#2175=VECTOR('',#7209,1.);
#2176=VECTOR('',#7210,1.);
#2177=VECTOR('',#7211,1.);
#2178=VECTOR('',#7212,1.);
#2179=VECTOR('',#7213,1.);
#2180=VECTOR('',#7214,1.);
#2181=VECTOR('',#7215,1.);
#2182=VECTOR('',#7216,1.);
#2183=VECTOR('',#7217,1.);
#2184=VECTOR('',#7218,1.);
#2185=VECTOR('',#7219,1.);
#2186=VECTOR('',#7220,1.);
#2187=VECTOR('',#7221,1.);
#2188=VECTOR('',#7222,1.);
#2189=VECTOR('',#7229,1.);
#2190=VECTOR('',#7230,1.);
#2191=VECTOR('',#7231,1.);
#2192=VECTOR('',#7232,1.);
#2193=VECTOR('',#7235,1.);
#2194=VECTOR('',#7236,1.);
#2195=VECTOR('',#7237,1.);
#2196=VECTOR('',#7238,1.);
#2197=VECTOR('',#7239,1.);
#2198=VECTOR('',#7242,1.);
#2199=VECTOR('',#7243,1.);
#2200=VECTOR('',#7244,1.);
#2201=VECTOR('',#7245,1.);
#2202=VECTOR('',#7246,1.);
#2203=VECTOR('',#7247,1.);
#2204=VECTOR('',#7248,1.);
#2205=VECTOR('',#7251,1.);
#2206=VECTOR('',#7252,1.);
#2207=VECTOR('',#7253,1.);
#2208=VECTOR('',#7256,1.);
#2209=VECTOR('',#7257,1.);
#2210=VECTOR('',#7258,1.);
#2211=VECTOR('',#7261,1.);
#2212=VECTOR('',#7262,1.);
#2213=VECTOR('',#7265,1.);
#2214=VECTOR('',#7266,1.);
#2215=VECTOR('',#7267,1.);
#2216=VECTOR('',#7268,1.);
#2217=VECTOR('',#7269,1.);
#2218=VECTOR('',#7270,1.);
#2219=VECTOR('',#7273,1.);
#2220=VECTOR('',#7274,1.);
#2221=VECTOR('',#7277,1.);
#2222=VECTOR('',#7278,1.);
#2223=VECTOR('',#7279,1.);
#2224=VECTOR('',#7280,1.);
#2225=VECTOR('',#7281,1.);
#2226=VECTOR('',#7282,1.);
#2227=VECTOR('',#7283,1.);
#2228=VECTOR('',#7284,1.);
#2229=VECTOR('',#7287,1.);
#2230=VECTOR('',#7288,1.);
#2231=VECTOR('',#7289,1.);
#2232=VECTOR('',#7290,1.);
#2233=VECTOR('',#7291,1.);
#2234=VECTOR('',#7292,1.);
#2235=VECTOR('',#7293,1.);
#2236=VECTOR('',#7294,1.);
#2237=VECTOR('',#7295,1.);
#2238=VECTOR('',#7296,1.);
#2239=VECTOR('',#7297,1.);
#2240=VECTOR('',#7306,0.125);
#2241=VECTOR('',#7313,0.125);
#2242=VECTOR('',#7320,0.125);
#2243=VECTOR('',#7327,0.125);
#2244=VECTOR('',#7332,1.);
#2245=VECTOR('',#7333,1.);
#2246=VECTOR('',#7334,1.);
#2247=VECTOR('',#7335,1.);
#2248=VECTOR('',#7338,1.);
#2249=VECTOR('',#7339,1.);
#2250=VECTOR('',#7340,1.);
#2251=VECTOR('',#7343,1.);
#2252=VECTOR('',#7344,1.);
#2253=VECTOR('',#7345,1.);
#2254=VECTOR('',#7348,1.);
#2255=VECTOR('',#7349,1.);
#2256=VECTOR('',#7354,1.);
#2257=VECTOR('',#7355,1.);
#2258=VECTOR('',#7356,1.);
#2259=VECTOR('',#7357,1.);
#2260=VECTOR('',#7360,1.);
#2261=VECTOR('',#7361,1.);
#2262=VECTOR('',#7362,1.);
#2263=VECTOR('',#7365,1.);
#2264=VECTOR('',#7366,1.);
#2265=VECTOR('',#7367,1.);
#2266=VECTOR('',#7370,1.);
#2267=VECTOR('',#7371,1.);
#2268=VECTOR('',#7376,1.);
#2269=VECTOR('',#7377,1.);
#2270=VECTOR('',#7378,1.);
#2271=VECTOR('',#7379,1.);
#2272=VECTOR('',#7382,1.);
#2273=VECTOR('',#7383,1.);
#2274=VECTOR('',#7384,1.);
#2275=VECTOR('',#7387,1.);
#2276=VECTOR('',#7388,1.);
#2277=VECTOR('',#7389,1.);
#2278=VECTOR('',#7392,1.);
#2279=VECTOR('',#7393,1.);
#2280=VECTOR('',#7396,1.);
#2281=VECTOR('',#7397,1.);
#2282=VECTOR('',#7398,1.);
#2283=VECTOR('',#7399,1.);
#2284=VECTOR('',#7402,1.);
#2285=VECTOR('',#7403,1.);
#2286=VECTOR('',#7404,1.);
#2287=VECTOR('',#7407,1.);
#2288=VECTOR('',#7408,1.);
#2289=VECTOR('',#7409,1.);
#2290=VECTOR('',#7412,1.);
#2291=VECTOR('',#7413,1.);
#2292=VECTOR('',#7416,1.);
#2293=VECTOR('',#7417,1.);
#2294=VECTOR('',#7418,1.);
#2295=VECTOR('',#7419,1.);
#2296=VECTOR('',#7422,1.);
#2297=VECTOR('',#7423,1.);
#2298=VECTOR('',#7424,1.);
#2299=VECTOR('',#7427,1.);
#2300=VECTOR('',#7428,1.);
#2301=VECTOR('',#7429,1.);
#2302=VECTOR('',#7432,1.);
#2303=VECTOR('',#7433,1.);
#2304=VECTOR('',#7436,1.);
#2305=VECTOR('',#7437,1.);
#2306=VECTOR('',#7438,1.);
#2307=VECTOR('',#7439,1.);
#2308=VECTOR('',#7442,1.);
#2309=VECTOR('',#7443,1.);
#2310=VECTOR('',#7444,1.);
#2311=VECTOR('',#7447,1.);
#2312=VECTOR('',#7448,1.);
#2313=VECTOR('',#7449,1.);
#2314=VECTOR('',#7452,1.);
#2315=VECTOR('',#7453,1.);
#2316=VECTOR('',#7456,1.);
#2317=VECTOR('',#7457,1.);
#2318=VECTOR('',#7458,1.);
#2319=VECTOR('',#7459,1.);
#2320=VECTOR('',#7462,1.);
#2321=VECTOR('',#7463,1.);
#2322=VECTOR('',#7464,1.);
#2323=VECTOR('',#7467,1.);
#2324=VECTOR('',#7468,1.);
#2325=VECTOR('',#7469,1.);
#2326=VECTOR('',#7472,1.);
#2327=VECTOR('',#7473,1.);
#2328=VECTOR('',#7476,1.);
#2329=VECTOR('',#7477,1.);
#2330=VECTOR('',#7478,1.);
#2331=VECTOR('',#7479,1.);
#2332=VECTOR('',#7482,1.);
#2333=VECTOR('',#7483,1.);
#2334=VECTOR('',#7484,1.);
#2335=VECTOR('',#7487,1.);
#2336=VECTOR('',#7488,1.);
#2337=VECTOR('',#7489,1.);
#2338=VECTOR('',#7492,1.);
#2339=VECTOR('',#7493,1.);
#2340=VECTOR('',#7496,1.);
#2341=VECTOR('',#7497,1.);
#2342=VECTOR('',#7498,1.);
#2343=VECTOR('',#7499,1.);
#2344=VECTOR('',#7502,1.);
#2345=VECTOR('',#7503,1.);
#2346=VECTOR('',#7504,1.);
#2347=VECTOR('',#7507,1.);
#2348=VECTOR('',#7508,1.);
#2349=VECTOR('',#7509,1.);
#2350=VECTOR('',#7512,1.);
#2351=VECTOR('',#7513,1.);
#2352=VECTOR('',#7516,1.);
#2353=VECTOR('',#7517,1.);
#2354=VECTOR('',#7518,1.);
#2355=VECTOR('',#7519,1.);
#2356=VECTOR('',#7522,1.);
#2357=VECTOR('',#7523,1.);
#2358=VECTOR('',#7524,1.);
#2359=VECTOR('',#7527,1.);
#2360=VECTOR('',#7528,1.);
#2361=VECTOR('',#7529,1.);
#2362=VECTOR('',#7532,1.);
#2363=VECTOR('',#7533,1.);
#2364=VECTOR('',#7536,1.);
#2365=VECTOR('',#7537,1.);
#2366=VECTOR('',#7538,1.);
#2367=VECTOR('',#7539,1.);
#2368=VECTOR('',#7542,1.);
#2369=VECTOR('',#7543,1.);
#2370=VECTOR('',#7544,1.);
#2371=VECTOR('',#7547,1.);
#2372=VECTOR('',#7548,1.);
#2373=VECTOR('',#7549,1.);
#2374=VECTOR('',#7552,1.);
#2375=VECTOR('',#7553,1.);
#2376=VECTOR('',#7556,1.);
#2377=VECTOR('',#7557,1.);
#2378=VECTOR('',#7558,1.);
#2379=VECTOR('',#7559,1.);
#2380=VECTOR('',#7562,1.);
#2381=VECTOR('',#7563,1.);
#2382=VECTOR('',#7564,1.);
#2383=VECTOR('',#7567,1.);
#2384=VECTOR('',#7568,1.);
#2385=VECTOR('',#7569,1.);
#2386=VECTOR('',#7572,1.);
#2387=VECTOR('',#7573,1.);
#2388=VECTOR('',#7576,1.);
#2389=VECTOR('',#7577,1.);
#2390=VECTOR('',#7578,1.);
#2391=VECTOR('',#7579,1.);
#2392=VECTOR('',#7582,1.);
#2393=VECTOR('',#7583,1.);
#2394=VECTOR('',#7584,1.);
#2395=VECTOR('',#7587,1.);
#2396=VECTOR('',#7588,1.);
#2397=VECTOR('',#7589,1.);
#2398=VECTOR('',#7592,1.);
#2399=VECTOR('',#7593,1.);
#2400=VECTOR('',#7596,1.);
#2401=VECTOR('',#7597,1.);
#2402=VECTOR('',#7598,1.);
#2403=VECTOR('',#7599,1.);
#2404=VECTOR('',#7602,1.);
#2405=VECTOR('',#7603,1.);
#2406=VECTOR('',#7604,1.);
#2407=VECTOR('',#7607,1.);
#2408=VECTOR('',#7608,1.);
#2409=VECTOR('',#7609,1.);
#2410=VECTOR('',#7612,1.);
#2411=VECTOR('',#7613,1.);
#2412=VECTOR('',#7616,1.);
#2413=VECTOR('',#7617,1.);
#2414=VECTOR('',#7618,1.);
#2415=VECTOR('',#7619,1.);
#2416=VECTOR('',#7622,1.);
#2417=VECTOR('',#7623,1.);
#2418=VECTOR('',#7624,1.);
#2419=VECTOR('',#7627,1.);
#2420=VECTOR('',#7628,1.);
#2421=VECTOR('',#7629,1.);
#2422=VECTOR('',#7632,1.);
#2423=VECTOR('',#7633,1.);
#2424=VECTOR('',#7636,1.);
#2425=VECTOR('',#7637,1.);
#2426=VECTOR('',#7638,1.);
#2427=VECTOR('',#7639,1.);
#2428=VECTOR('',#7642,1.);
#2429=VECTOR('',#7643,1.);
#2430=VECTOR('',#7644,1.);
#2431=VECTOR('',#7647,1.);
#2432=VECTOR('',#7648,1.);
#2433=VECTOR('',#7649,1.);
#2434=VECTOR('',#7652,1.);
#2435=VECTOR('',#7653,1.);
#2436=VECTOR('',#7656,1.);
#2437=VECTOR('',#7657,1.);
#2438=VECTOR('',#7658,1.);
#2439=VECTOR('',#7659,1.);
#2440=VECTOR('',#7662,1.);
#2441=VECTOR('',#7663,1.);
#2442=VECTOR('',#7664,1.);
#2443=VECTOR('',#7667,1.);
#2444=VECTOR('',#7668,1.);
#2445=VECTOR('',#7669,1.);
#2446=VECTOR('',#7672,1.);
#2447=VECTOR('',#7673,1.);
#2448=VECTOR('',#7676,1.);
#2449=VECTOR('',#7677,1.);
#2450=VECTOR('',#7678,1.);
#2451=VECTOR('',#7679,1.);
#2452=VECTOR('',#7682,1.);
#2453=VECTOR('',#7683,1.);
#2454=VECTOR('',#7684,1.);
#2455=VECTOR('',#7687,1.);
#2456=VECTOR('',#7688,1.);
#2457=VECTOR('',#7689,1.);
#2458=VECTOR('',#7692,1.);
#2459=VECTOR('',#7693,1.);
#2460=VECTOR('',#7696,1.);
#2461=VECTOR('',#7697,1.);
#2462=VECTOR('',#7698,1.);
#2463=VECTOR('',#7699,1.);
#2464=VECTOR('',#7702,1.);
#2465=VECTOR('',#7703,1.);
#2466=VECTOR('',#7704,1.);
#2467=VECTOR('',#7707,1.);
#2468=VECTOR('',#7708,1.);
#2469=VECTOR('',#7709,1.);
#2470=VECTOR('',#7712,1.);
#2471=VECTOR('',#7713,1.);
#2472=VECTOR('',#7716,1.);
#2473=VECTOR('',#7717,1.);
#2474=VECTOR('',#7718,1.);
#2475=VECTOR('',#7719,1.);
#2476=VECTOR('',#7722,1.);
#2477=VECTOR('',#7723,1.);
#2478=VECTOR('',#7724,1.);
#2479=VECTOR('',#7727,1.);
#2480=VECTOR('',#7728,1.);
#2481=VECTOR('',#7729,1.);
#2482=VECTOR('',#7732,1.);
#2483=VECTOR('',#7733,1.);
#2484=VECTOR('',#7736,1.);
#2485=VECTOR('',#7737,1.);
#2486=VECTOR('',#7738,1.);
#2487=VECTOR('',#7739,1.);
#2488=VECTOR('',#7742,1.);
#2489=VECTOR('',#7743,1.);
#2490=VECTOR('',#7744,1.);
#2491=VECTOR('',#7747,1.);
#2492=VECTOR('',#7748,1.);
#2493=VECTOR('',#7749,1.);
#2494=VECTOR('',#7752,1.);
#2495=VECTOR('',#7753,1.);
#2496=VECTOR('',#7756,1.);
#2497=VECTOR('',#7757,1.);
#2498=VECTOR('',#7758,1.);
#2499=VECTOR('',#7759,1.);
#2500=VECTOR('',#7762,1.);
#2501=VECTOR('',#7763,1.);
#2502=VECTOR('',#7764,1.);
#2503=VECTOR('',#7767,1.);
#2504=VECTOR('',#7768,1.);
#2505=VECTOR('',#7769,1.);
#2506=VECTOR('',#7772,1.);
#2507=VECTOR('',#7773,1.);
#2508=VECTOR('',#7776,1.);
#2509=VECTOR('',#7777,1.);
#2510=VECTOR('',#7778,1.);
#2511=VECTOR('',#7779,1.);
#2512=VECTOR('',#7782,1.);
#2513=VECTOR('',#7783,1.);
#2514=VECTOR('',#7784,1.);
#2515=VECTOR('',#7787,1.);
#2516=VECTOR('',#7788,1.);
#2517=VECTOR('',#7789,1.);
#2518=VECTOR('',#7792,1.);
#2519=VECTOR('',#7793,1.);
#2520=VECTOR('',#7796,1.);
#2521=VECTOR('',#7797,1.);
#2522=VECTOR('',#7798,1.);
#2523=VECTOR('',#7799,1.);
#2524=VECTOR('',#7802,1.);
#2525=VECTOR('',#7803,1.);
#2526=VECTOR('',#7804,1.);
#2527=VECTOR('',#7807,1.);
#2528=VECTOR('',#7808,1.);
#2529=VECTOR('',#7809,1.);
#2530=VECTOR('',#7812,1.);
#2531=VECTOR('',#7813,1.);
#2532=VECTOR('',#7816,1.);
#2533=VECTOR('',#7817,1.);
#2534=VECTOR('',#7818,1.);
#2535=VECTOR('',#7819,1.);
#2536=VECTOR('',#7822,1.);
#2537=VECTOR('',#7823,1.);
#2538=VECTOR('',#7824,1.);
#2539=VECTOR('',#7827,1.);
#2540=VECTOR('',#7828,1.);
#2541=VECTOR('',#7829,1.);
#2542=VECTOR('',#7832,1.);
#2543=VECTOR('',#7833,1.);
#2544=VECTOR('',#7836,1.);
#2545=VECTOR('',#7837,1.);
#2546=VECTOR('',#7838,1.);
#2547=VECTOR('',#7839,1.);
#2548=VECTOR('',#7842,1.);
#2549=VECTOR('',#7843,1.);
#2550=VECTOR('',#7844,1.);
#2551=VECTOR('',#7847,1.);
#2552=VECTOR('',#7848,1.);
#2553=VECTOR('',#7849,1.);
#2554=VECTOR('',#7852,1.);
#2555=VECTOR('',#7853,1.);
#2556=VECTOR('',#7856,1.);
#2557=VECTOR('',#7857,1.);
#2558=VECTOR('',#7858,1.);
#2559=VECTOR('',#7859,1.);
#2560=VECTOR('',#7862,1.);
#2561=VECTOR('',#7863,1.);
#2562=VECTOR('',#7864,1.);
#2563=VECTOR('',#7867,1.);
#2564=VECTOR('',#7868,1.);
#2565=VECTOR('',#7869,1.);
#2566=VECTOR('',#7872,1.);
#2567=VECTOR('',#7873,1.);
#2568=VECTOR('',#7876,1.);
#2569=VECTOR('',#7877,1.);
#2570=VECTOR('',#7878,1.);
#2571=VECTOR('',#7879,1.);
#2572=VECTOR('',#7882,1.);
#2573=VECTOR('',#7883,1.);
#2574=VECTOR('',#7884,1.);
#2575=VECTOR('',#7887,1.);
#2576=VECTOR('',#7888,1.);
#2577=VECTOR('',#7889,1.);
#2578=VECTOR('',#7892,1.);
#2579=VECTOR('',#7893,1.);
#2580=VECTOR('',#7896,1.);
#2581=VECTOR('',#7897,1.);
#2582=VECTOR('',#7898,1.);
#2583=VECTOR('',#7899,1.);
#2584=VECTOR('',#7902,1.);
#2585=VECTOR('',#7903,1.);
#2586=VECTOR('',#7904,1.);
#2587=VECTOR('',#7907,1.);
#2588=VECTOR('',#7908,1.);
#2589=VECTOR('',#7909,1.);
#2590=VECTOR('',#7912,1.);
#2591=VECTOR('',#7913,1.);
#2592=VECTOR('',#7916,1.);
#2593=VECTOR('',#7917,1.);
#2594=VECTOR('',#7918,1.);
#2595=VECTOR('',#7919,1.);
#2596=VECTOR('',#7922,1.);
#2597=VECTOR('',#7923,1.);
#2598=VECTOR('',#7924,1.);
#2599=VECTOR('',#7927,1.);
#2600=VECTOR('',#7928,1.);
#2601=VECTOR('',#7929,1.);
#2602=VECTOR('',#7932,1.);
#2603=VECTOR('',#7933,1.);
#2604=VECTOR('',#7936,1.);
#2605=VECTOR('',#7937,1.);
#2606=VECTOR('',#7938,1.);
#2607=VECTOR('',#7939,1.);
#2608=VECTOR('',#7942,1.);
#2609=VECTOR('',#7943,1.);
#2610=VECTOR('',#7944,1.);
#2611=VECTOR('',#7947,1.);
#2612=VECTOR('',#7948,1.);
#2613=VECTOR('',#7949,1.);
#2614=VECTOR('',#7952,1.);
#2615=VECTOR('',#7953,1.);
#2616=VECTOR('',#7956,1.);
#2617=VECTOR('',#7957,1.);
#2618=VECTOR('',#7958,1.);
#2619=VECTOR('',#7959,1.);
#2620=VECTOR('',#7962,1.);
#2621=VECTOR('',#7963,1.);
#2622=VECTOR('',#7964,1.);
#2623=VECTOR('',#7967,1.);
#2624=VECTOR('',#7968,1.);
#2625=VECTOR('',#7969,1.);
#2626=VECTOR('',#7972,1.);
#2627=VECTOR('',#7973,1.);
#2628=VECTOR('',#7978,0.749999999999999);
#2629=VECTOR('',#7985,0.749999999999999);
#2630=VECTOR('',#7992,0.3);
#2631=VECTOR('',#7999,0.300000000000001);
#2632=VECTOR('',#8006,0.300000000000001);
#2633=VECTOR('',#8013,0.300000000000001);
#2634=VECTOR('',#8020,0.300000000000001);
#2635=VECTOR('',#8027,0.300000000000001);
#2636=VECTOR('',#8034,0.300000000000001);
#2637=VECTOR('',#8041,0.449999999999999);
#2638=VECTOR('',#8048,0.449999999999999);
#2639=VECTOR('',#8055,0.449999999999999);
#2640=VECTOR('',#8060,1.);
#2641=VECTOR('',#8061,1.);
#2642=VECTOR('',#8062,1.);
#2643=VECTOR('',#8063,1.);
#2644=VECTOR('',#8066,1.);
#2645=VECTOR('',#8067,1.);
#2646=VECTOR('',#8068,1.);
#2647=VECTOR('',#8071,1.);
#2648=VECTOR('',#8072,1.);
#2649=VECTOR('',#8073,1.);
#2650=VECTOR('',#8076,1.);
#2651=VECTOR('',#8077,1.);
#2652=VECTOR('',#8082,0.449999999999999);
#2653=VECTOR('',#8087,1.);
#2654=VECTOR('',#8088,1.);
#2655=VECTOR('',#8089,1.);
#2656=VECTOR('',#8090,1.);
#2657=VECTOR('',#8093,1.);
#2658=VECTOR('',#8094,1.);
#2659=VECTOR('',#8095,1.);
#2660=VECTOR('',#8096,1.);
#2661=VECTOR('',#8099,1.);
#2662=VECTOR('',#8100,1.);
#2663=VECTOR('',#8103,1.);
#2664=VECTOR('',#8106,1.);
#2665=VERTEX_POINT('',#8111);
#2666=VERTEX_POINT('',#8112);
#2667=VERTEX_POINT('',#8114);
#2668=VERTEX_POINT('',#8116);
#2669=VERTEX_POINT('',#8129);
#2670=VERTEX_POINT('',#8135);
#2671=VERTEX_POINT('',#8152);
#2672=VERTEX_POINT('',#8158);
#2673=VERTEX_POINT('',#8175);
#2674=VERTEX_POINT('',#8181);
#2675=VERTEX_POINT('',#8198);
#2676=VERTEX_POINT('',#8204);
#2677=VERTEX_POINT('',#8221);
#2678=VERTEX_POINT('',#8227);
#2679=VERTEX_POINT('',#8235);
#2680=VERTEX_POINT('',#8237);
#2681=VERTEX_POINT('',#8244);
#2682=VERTEX_POINT('',#8245);
#2683=VERTEX_POINT('',#8247);
#2684=VERTEX_POINT('',#8249);
#2685=VERTEX_POINT('',#8253);
#2686=VERTEX_POINT('',#8255);
#2687=VERTEX_POINT('',#8259);
#2688=VERTEX_POINT('',#8261);
#2689=VERTEX_POINT('',#8274);
#2690=VERTEX_POINT('',#8280);
#2691=VERTEX_POINT('',#8297);
#2692=VERTEX_POINT('',#8303);
#2693=VERTEX_POINT('',#8320);
#2694=VERTEX_POINT('',#8326);
#2695=VERTEX_POINT('',#8343);
#2696=VERTEX_POINT('',#8349);
#2697=VERTEX_POINT('',#8366);
#2698=VERTEX_POINT('',#8372);
#2699=VERTEX_POINT('',#8389);
#2700=VERTEX_POINT('',#8395);
#2701=VERTEX_POINT('',#8412);
#2702=VERTEX_POINT('',#8418);
#2703=VERTEX_POINT('',#8426);
#2704=VERTEX_POINT('',#8428);
#2705=VERTEX_POINT('',#8441);
#2706=VERTEX_POINT('',#8447);
#2707=VERTEX_POINT('',#8464);
#2708=VERTEX_POINT('',#8470);
#2709=VERTEX_POINT('',#8487);
#2710=VERTEX_POINT('',#8493);
#2711=VERTEX_POINT('',#8501);
#2712=VERTEX_POINT('',#8503);
#2713=VERTEX_POINT('',#8512);
#2714=VERTEX_POINT('',#8513);
#2715=VERTEX_POINT('',#8515);
#2716=VERTEX_POINT('',#8517);
#2717=VERTEX_POINT('',#8521);
#2718=VERTEX_POINT('',#8523);
#2719=VERTEX_POINT('',#8527);
#2720=VERTEX_POINT('',#8529);
#2721=VERTEX_POINT('',#8533);
#2722=VERTEX_POINT('',#8535);
#2723=VERTEX_POINT('',#8539);
#2724=VERTEX_POINT('',#8541);
#2725=VERTEX_POINT('',#8545);
#2726=VERTEX_POINT('',#8547);
#2727=VERTEX_POINT('',#8551);
#2728=VERTEX_POINT('',#8553);
#2729=VERTEX_POINT('',#8557);
#2730=VERTEX_POINT('',#8559);
#2731=VERTEX_POINT('',#8563);
#2732=VERTEX_POINT('',#8565);
#2733=VERTEX_POINT('',#8578);
#2734=VERTEX_POINT('',#8584);
#2735=VERTEX_POINT('',#8601);
#2736=VERTEX_POINT('',#8607);
#2737=VERTEX_POINT('',#8624);
#2738=VERTEX_POINT('',#8630);
#2739=VERTEX_POINT('',#8647);
#2740=VERTEX_POINT('',#8653);
#2741=VERTEX_POINT('',#8661);
#2742=VERTEX_POINT('',#8663);
#2743=VERTEX_POINT('',#8676);
#2744=VERTEX_POINT('',#8682);
#2745=VERTEX_POINT('',#8699);
#2746=VERTEX_POINT('',#8705);
#2747=VERTEX_POINT('',#8722);
#2748=VERTEX_POINT('',#8728);
#2749=VERTEX_POINT('',#8745);
#2750=VERTEX_POINT('',#8751);
#2751=VERTEX_POINT('',#8759);
#2752=VERTEX_POINT('',#8761);
#2753=VERTEX_POINT('',#8769);
#2754=VERTEX_POINT('',#8770);
#2755=VERTEX_POINT('',#8772);
#2756=VERTEX_POINT('',#8774);
#2757=VERTEX_POINT('',#8778);
#2758=VERTEX_POINT('',#8780);
#2759=VERTEX_POINT('',#8793);
#2760=VERTEX_POINT('',#8799);
#2761=VERTEX_POINT('',#8816);
#2762=VERTEX_POINT('',#8822);
#2763=VERTEX_POINT('',#8839);
#2764=VERTEX_POINT('',#8845);
#2765=VERTEX_POINT('',#8862);
#2766=VERTEX_POINT('',#8868);
#2767=VERTEX_POINT('',#8885);
#2768=VERTEX_POINT('',#8891);
#2769=VERTEX_POINT('',#8908);
#2770=VERTEX_POINT('',#8914);
#2771=VERTEX_POINT('',#8931);
#2772=VERTEX_POINT('',#8937);
#2773=VERTEX_POINT('',#8954);
#2774=VERTEX_POINT('',#8960);
#2775=VERTEX_POINT('',#8968);
#2776=VERTEX_POINT('',#8970);
#2777=VERTEX_POINT('',#8974);
#2778=VERTEX_POINT('',#8976);
#2779=VERTEX_POINT('',#8980);
#2780=VERTEX_POINT('',#8982);
#2781=VERTEX_POINT('',#8995);
#2782=VERTEX_POINT('',#9001);
#2783=VERTEX_POINT('',#9018);
#2784=VERTEX_POINT('',#9024);
#2785=VERTEX_POINT('',#9041);
#2786=VERTEX_POINT('',#9047);
#2787=VERTEX_POINT('',#9064);
#2788=VERTEX_POINT('',#9070);
#2789=VERTEX_POINT('',#9087);
#2790=VERTEX_POINT('',#9093);
#2791=VERTEX_POINT('',#9101);
#2792=VERTEX_POINT('',#9103);
#2793=VERTEX_POINT('',#9107);
#2794=VERTEX_POINT('',#9109);
#2795=VERTEX_POINT('',#9113);
#2796=VERTEX_POINT('',#9115);
#2797=VERTEX_POINT('',#9128);
#2798=VERTEX_POINT('',#9134);
#2799=VERTEX_POINT('',#9151);
#2800=VERTEX_POINT('',#9157);
#2801=VERTEX_POINT('',#9174);
#2802=VERTEX_POINT('',#9180);
#2803=VERTEX_POINT('',#9197);
#2804=VERTEX_POINT('',#9203);
#2805=VERTEX_POINT('',#9220);
#2806=VERTEX_POINT('',#9226);
#2807=VERTEX_POINT('',#9243);
#2808=VERTEX_POINT('',#9249);
#2809=VERTEX_POINT('',#9266);
#2810=VERTEX_POINT('',#9272);
#2811=VERTEX_POINT('',#9280);
#2812=VERTEX_POINT('',#9282);
#2813=VERTEX_POINT('',#9286);
#2814=VERTEX_POINT('',#9288);
#2815=VERTEX_POINT('',#9296);
#2816=VERTEX_POINT('',#9297);
#2817=VERTEX_POINT('',#9299);
#2818=VERTEX_POINT('',#9301);
#2819=VERTEX_POINT('',#9314);
#2820=VERTEX_POINT('',#9320);
#2821=VERTEX_POINT('',#9337);
#2822=VERTEX_POINT('',#9343);
#2823=VERTEX_POINT('',#9360);
#2824=VERTEX_POINT('',#9366);
#2825=VERTEX_POINT('',#9383);
#2826=VERTEX_POINT('',#9389);
#2827=VERTEX_POINT('',#9406);
#2828=VERTEX_POINT('',#9412);
#2829=VERTEX_POINT('',#9429);
#2830=VERTEX_POINT('',#9435);
#2831=VERTEX_POINT('',#9452);
#2832=VERTEX_POINT('',#9458);
#2833=VERTEX_POINT('',#9475);
#2834=VERTEX_POINT('',#9481);
#2835=VERTEX_POINT('',#9498);
#2836=VERTEX_POINT('',#9504);
#2837=VERTEX_POINT('',#9512);
#2838=VERTEX_POINT('',#9514);
#2839=VERTEX_POINT('',#9527);
#2840=VERTEX_POINT('',#9533);
#2841=VERTEX_POINT('',#9550);
#2842=VERTEX_POINT('',#9556);
#2843=VERTEX_POINT('',#9573);
#2844=VERTEX_POINT('',#9579);
#2845=VERTEX_POINT('',#9596);
#2846=VERTEX_POINT('',#9602);
#2847=VERTEX_POINT('',#9619);
#2848=VERTEX_POINT('',#9625);
#2849=VERTEX_POINT('',#9642);
#2850=VERTEX_POINT('',#9648);
#2851=VERTEX_POINT('',#9665);
#2852=VERTEX_POINT('',#9671);
#2853=VERTEX_POINT('',#9688);
#2854=VERTEX_POINT('',#9694);
#2855=VERTEX_POINT('',#9732);
#2856=VERTEX_POINT('',#9733);
#2857=VERTEX_POINT('',#9739);
#2858=VERTEX_POINT('',#9741);
#2859=VERTEX_POINT('',#9758);
#2860=VERTEX_POINT('',#9764);
#2861=VERTEX_POINT('',#9781);
#2862=VERTEX_POINT('',#9787);
#2863=VERTEX_POINT('',#9804);
#2864=VERTEX_POINT('',#9810);
#2865=VERTEX_POINT('',#9827);
#2866=VERTEX_POINT('',#9833);
#2867=VERTEX_POINT('',#9850);
#2868=VERTEX_POINT('',#9856);
#2869=VERTEX_POINT('',#9873);
#2870=VERTEX_POINT('',#9879);
#2871=VERTEX_POINT('',#9896);
#2872=VERTEX_POINT('',#9902);
#2873=VERTEX_POINT('',#9939);
#2874=VERTEX_POINT('',#9940);
#2875=VERTEX_POINT('',#9946);
#2876=VERTEX_POINT('',#9948);
#2877=VERTEX_POINT('',#9965);
#2878=VERTEX_POINT('',#9971);
#2879=VERTEX_POINT('',#9988);
#2880=VERTEX_POINT('',#9994);
#2881=VERTEX_POINT('',#10011);
#2882=VERTEX_POINT('',#10017);
#2883=VERTEX_POINT('',#10034);
#2884=VERTEX_POINT('',#10040);
#2885=VERTEX_POINT('',#10057);
#2886=VERTEX_POINT('',#10063);
#2887=VERTEX_POINT('',#10080);
#2888=VERTEX_POINT('',#10086);
#2889=VERTEX_POINT('',#10103);
#2890=VERTEX_POINT('',#10109);
#2891=VERTEX_POINT('',#10148);
#2892=VERTEX_POINT('',#10149);
#2893=VERTEX_POINT('',#10155);
#2894=VERTEX_POINT('',#10157);
#2895=VERTEX_POINT('',#10174);
#2896=VERTEX_POINT('',#10180);
#2897=VERTEX_POINT('',#10197);
#2898=VERTEX_POINT('',#10203);
#2899=VERTEX_POINT('',#10220);
#2900=VERTEX_POINT('',#10226);
#2901=VERTEX_POINT('',#10243);
#2902=VERTEX_POINT('',#10249);
#2903=VERTEX_POINT('',#10266);
#2904=VERTEX_POINT('',#10272);
#2905=VERTEX_POINT('',#10289);
#2906=VERTEX_POINT('',#10295);
#2907=VERTEX_POINT('',#10312);
#2908=VERTEX_POINT('',#10318);
#2909=VERTEX_POINT('',#10355);
#2910=VERTEX_POINT('',#10356);
#2911=VERTEX_POINT('',#10362);
#2912=VERTEX_POINT('',#10364);
#2913=VERTEX_POINT('',#10381);
#2914=VERTEX_POINT('',#10387);
#2915=VERTEX_POINT('',#10404);
#2916=VERTEX_POINT('',#10410);
#2917=VERTEX_POINT('',#10427);
#2918=VERTEX_POINT('',#10433);
#2919=VERTEX_POINT('',#10450);
#2920=VERTEX_POINT('',#10456);
#2921=VERTEX_POINT('',#10473);
#2922=VERTEX_POINT('',#10479);
#2923=VERTEX_POINT('',#10496);
#2924=VERTEX_POINT('',#10502);
#2925=VERTEX_POINT('',#10519);
#2926=VERTEX_POINT('',#10525);
#2927=VERTEX_POINT('',#10555);
#2928=VERTEX_POINT('',#10556);
#2929=VERTEX_POINT('',#10558);
#2930=VERTEX_POINT('',#10560);
#2931=VERTEX_POINT('',#10564);
#2932=VERTEX_POINT('',#10566);
#2933=VERTEX_POINT('',#10579);
#2934=VERTEX_POINT('',#10585);
#2935=VERTEX_POINT('',#10602);
#2936=VERTEX_POINT('',#10608);
#2937=VERTEX_POINT('',#10616);
#2938=VERTEX_POINT('',#10618);
#2939=VERTEX_POINT('',#10631);
#2940=VERTEX_POINT('',#10637);
#2941=VERTEX_POINT('',#10654);
#2942=VERTEX_POINT('',#10660);
#2943=VERTEX_POINT('',#10677);
#2944=VERTEX_POINT('',#10683);
#2945=VERTEX_POINT('',#10700);
#2946=VERTEX_POINT('',#10706);
#2947=VERTEX_POINT('',#10714);
#2948=VERTEX_POINT('',#10716);
#2949=VERTEX_POINT('',#10720);
#2950=VERTEX_POINT('',#10722);
#2951=VERTEX_POINT('',#10739);
#2952=VERTEX_POINT('',#10740);
#2953=VERTEX_POINT('',#10746);
#2954=VERTEX_POINT('',#10748);
#2955=VERTEX_POINT('',#10765);
#2956=VERTEX_POINT('',#10771);
#2957=VERTEX_POINT('',#10788);
#2958=VERTEX_POINT('',#10794);
#2959=VERTEX_POINT('',#10811);
#2960=VERTEX_POINT('',#10817);
#2961=VERTEX_POINT('',#10834);
#2962=VERTEX_POINT('',#10840);
#2963=VERTEX_POINT('',#10851);
#2964=VERTEX_POINT('',#10852);
#2965=VERTEX_POINT('',#10854);
#2966=VERTEX_POINT('',#10856);
#2967=VERTEX_POINT('',#10869);
#2968=VERTEX_POINT('',#10875);
#2969=VERTEX_POINT('',#10892);
#2970=VERTEX_POINT('',#10898);
#2971=VERTEX_POINT('',#10915);
#2972=VERTEX_POINT('',#10921);
#2973=VERTEX_POINT('',#10938);
#2974=VERTEX_POINT('',#10944);
#2975=VERTEX_POINT('',#10952);
#2976=VERTEX_POINT('',#10954);
#2977=VERTEX_POINT('',#10967);
#2978=VERTEX_POINT('',#10973);
#2979=VERTEX_POINT('',#10990);
#2980=VERTEX_POINT('',#10996);
#2981=VERTEX_POINT('',#11013);
#2982=VERTEX_POINT('',#11019);
#2983=VERTEX_POINT('',#11036);
#2984=VERTEX_POINT('',#11042);
#2985=VERTEX_POINT('',#11059);
#2986=VERTEX_POINT('',#11065);
#2987=VERTEX_POINT('',#11082);
#2988=VERTEX_POINT('',#11088);
#2989=VERTEX_POINT('',#11105);
#2990=VERTEX_POINT('',#11111);
#2991=VERTEX_POINT('',#11128);
#2992=VERTEX_POINT('',#11134);
#2993=VERTEX_POINT('',#11164);
#2994=VERTEX_POINT('',#11166);
#2995=VERTEX_POINT('',#11170);
#2996=VERTEX_POINT('',#11172);
#2997=VERTEX_POINT('',#11176);
#2998=VERTEX_POINT('',#11178);
#2999=VERTEX_POINT('',#11182);
#3000=VERTEX_POINT('',#11184);
#3001=VERTEX_POINT('',#11188);
#3002=VERTEX_POINT('',#11189);
#3003=VERTEX_POINT('',#11191);
#3004=VERTEX_POINT('',#11193);
#3005=VERTEX_POINT('',#11197);
#3006=VERTEX_POINT('',#11199);
#3007=VERTEX_POINT('',#11203);
#3008=VERTEX_POINT('',#11205);
#3009=VERTEX_POINT('',#11213);
#3010=VERTEX_POINT('',#11214);
#3011=VERTEX_POINT('',#11216);
#3012=VERTEX_POINT('',#11218);
#3013=VERTEX_POINT('',#11222);
#3014=VERTEX_POINT('',#11224);
#3015=VERTEX_POINT('',#11228);
#3016=VERTEX_POINT('',#11230);
#3017=VERTEX_POINT('',#11238);
#3018=VERTEX_POINT('',#11239);
#3019=VERTEX_POINT('',#11241);
#3020=VERTEX_POINT('',#11243);
#3021=VERTEX_POINT('',#11247);
#3022=VERTEX_POINT('',#11249);
#3023=VERTEX_POINT('',#11253);
#3024=VERTEX_POINT('',#11255);
#3025=VERTEX_POINT('',#11262);
#3026=VERTEX_POINT('',#11263);
#3027=VERTEX_POINT('',#11265);
#3028=VERTEX_POINT('',#11267);
#3029=VERTEX_POINT('',#11271);
#3030=VERTEX_POINT('',#11273);
#3031=VERTEX_POINT('',#11277);
#3032=VERTEX_POINT('',#11279);
#3033=VERTEX_POINT('',#11286);
#3034=VERTEX_POINT('',#11287);
#3035=VERTEX_POINT('',#11289);
#3036=VERTEX_POINT('',#11291);
#3037=VERTEX_POINT('',#11295);
#3038=VERTEX_POINT('',#11297);
#3039=VERTEX_POINT('',#11301);
#3040=VERTEX_POINT('',#11303);
#3041=VERTEX_POINT('',#11310);
#3042=VERTEX_POINT('',#11311);
#3043=VERTEX_POINT('',#11313);
#3044=VERTEX_POINT('',#11315);
#3045=VERTEX_POINT('',#11319);
#3046=VERTEX_POINT('',#11321);
#3047=VERTEX_POINT('',#11325);
#3048=VERTEX_POINT('',#11327);
#3049=VERTEX_POINT('',#11334);
#3050=VERTEX_POINT('',#11335);
#3051=VERTEX_POINT('',#11337);
#3052=VERTEX_POINT('',#11339);
#3053=VERTEX_POINT('',#11343);
#3054=VERTEX_POINT('',#11345);
#3055=VERTEX_POINT('',#11349);
#3056=VERTEX_POINT('',#11351);
#3057=VERTEX_POINT('',#11358);
#3058=VERTEX_POINT('',#11359);
#3059=VERTEX_POINT('',#11361);
#3060=VERTEX_POINT('',#11363);
#3061=VERTEX_POINT('',#11367);
#3062=VERTEX_POINT('',#11369);
#3063=VERTEX_POINT('',#11373);
#3064=VERTEX_POINT('',#11375);
#3065=VERTEX_POINT('',#11382);
#3066=VERTEX_POINT('',#11383);
#3067=VERTEX_POINT('',#11385);
#3068=VERTEX_POINT('',#11387);
#3069=VERTEX_POINT('',#11391);
#3070=VERTEX_POINT('',#11393);
#3071=VERTEX_POINT('',#11397);
#3072=VERTEX_POINT('',#11399);
#3073=VERTEX_POINT('',#11406);
#3074=VERTEX_POINT('',#11407);
#3075=VERTEX_POINT('',#11409);
#3076=VERTEX_POINT('',#11411);
#3077=VERTEX_POINT('',#11415);
#3078=VERTEX_POINT('',#11417);
#3079=VERTEX_POINT('',#11421);
#3080=VERTEX_POINT('',#11423);
#3081=VERTEX_POINT('',#11430);
#3082=VERTEX_POINT('',#11431);
#3083=VERTEX_POINT('',#11433);
#3084=VERTEX_POINT('',#11435);
#3085=VERTEX_POINT('',#11439);
#3086=VERTEX_POINT('',#11441);
#3087=VERTEX_POINT('',#11445);
#3088=VERTEX_POINT('',#11447);
#3089=VERTEX_POINT('',#11454);
#3090=VERTEX_POINT('',#11455);
#3091=VERTEX_POINT('',#11457);
#3092=VERTEX_POINT('',#11459);
#3093=VERTEX_POINT('',#11463);
#3094=VERTEX_POINT('',#11465);
#3095=VERTEX_POINT('',#11469);
#3096=VERTEX_POINT('',#11471);
#3097=VERTEX_POINT('',#11478);
#3098=VERTEX_POINT('',#11479);
#3099=VERTEX_POINT('',#11481);
#3100=VERTEX_POINT('',#11483);
#3101=VERTEX_POINT('',#11487);
#3102=VERTEX_POINT('',#11489);
#3103=VERTEX_POINT('',#11493);
#3104=VERTEX_POINT('',#11495);
#3105=VERTEX_POINT('',#11502);
#3106=VERTEX_POINT('',#11503);
#3107=VERTEX_POINT('',#11505);
#3108=VERTEX_POINT('',#11507);
#3109=VERTEX_POINT('',#11511);
#3110=VERTEX_POINT('',#11513);
#3111=VERTEX_POINT('',#11517);
#3112=VERTEX_POINT('',#11519);
#3113=VERTEX_POINT('',#11526);
#3114=VERTEX_POINT('',#11527);
#3115=VERTEX_POINT('',#11529);
#3116=VERTEX_POINT('',#11531);
#3117=VERTEX_POINT('',#11535);
#3118=VERTEX_POINT('',#11537);
#3119=VERTEX_POINT('',#11541);
#3120=VERTEX_POINT('',#11543);
#3121=VERTEX_POINT('',#11550);
#3122=VERTEX_POINT('',#11551);
#3123=VERTEX_POINT('',#11553);
#3124=VERTEX_POINT('',#11555);
#3125=VERTEX_POINT('',#11559);
#3126=VERTEX_POINT('',#11561);
#3127=VERTEX_POINT('',#11565);
#3128=VERTEX_POINT('',#11567);
#3129=VERTEX_POINT('',#11574);
#3130=VERTEX_POINT('',#11575);
#3131=VERTEX_POINT('',#11577);
#3132=VERTEX_POINT('',#11579);
#3133=VERTEX_POINT('',#11583);
#3134=VERTEX_POINT('',#11585);
#3135=VERTEX_POINT('',#11589);
#3136=VERTEX_POINT('',#11591);
#3137=VERTEX_POINT('',#11598);
#3138=VERTEX_POINT('',#11599);
#3139=VERTEX_POINT('',#11601);
#3140=VERTEX_POINT('',#11603);
#3141=VERTEX_POINT('',#11607);
#3142=VERTEX_POINT('',#11609);
#3143=VERTEX_POINT('',#11613);
#3144=VERTEX_POINT('',#11615);
#3145=VERTEX_POINT('',#11622);
#3146=VERTEX_POINT('',#11623);
#3147=VERTEX_POINT('',#11625);
#3148=VERTEX_POINT('',#11627);
#3149=VERTEX_POINT('',#11631);
#3150=VERTEX_POINT('',#11633);
#3151=VERTEX_POINT('',#11637);
#3152=VERTEX_POINT('',#11639);
#3153=VERTEX_POINT('',#11646);
#3154=VERTEX_POINT('',#11647);
#3155=VERTEX_POINT('',#11649);
#3156=VERTEX_POINT('',#11651);
#3157=VERTEX_POINT('',#11655);
#3158=VERTEX_POINT('',#11657);
#3159=VERTEX_POINT('',#11661);
#3160=VERTEX_POINT('',#11663);
#3161=VERTEX_POINT('',#11670);
#3162=VERTEX_POINT('',#11671);
#3163=VERTEX_POINT('',#11673);
#3164=VERTEX_POINT('',#11675);
#3165=VERTEX_POINT('',#11679);
#3166=VERTEX_POINT('',#11681);
#3167=VERTEX_POINT('',#11685);
#3168=VERTEX_POINT('',#11687);
#3169=VERTEX_POINT('',#11694);
#3170=VERTEX_POINT('',#11695);
#3171=VERTEX_POINT('',#11697);
#3172=VERTEX_POINT('',#11699);
#3173=VERTEX_POINT('',#11703);
#3174=VERTEX_POINT('',#11705);
#3175=VERTEX_POINT('',#11709);
#3176=VERTEX_POINT('',#11711);
#3177=VERTEX_POINT('',#11718);
#3178=VERTEX_POINT('',#11719);
#3179=VERTEX_POINT('',#11721);
#3180=VERTEX_POINT('',#11723);
#3181=VERTEX_POINT('',#11727);
#3182=VERTEX_POINT('',#11729);
#3183=VERTEX_POINT('',#11733);
#3184=VERTEX_POINT('',#11735);
#3185=VERTEX_POINT('',#11742);
#3186=VERTEX_POINT('',#11743);
#3187=VERTEX_POINT('',#11745);
#3188=VERTEX_POINT('',#11747);
#3189=VERTEX_POINT('',#11751);
#3190=VERTEX_POINT('',#11753);
#3191=VERTEX_POINT('',#11757);
#3192=VERTEX_POINT('',#11759);
#3193=VERTEX_POINT('',#11766);
#3194=VERTEX_POINT('',#11767);
#3195=VERTEX_POINT('',#11769);
#3196=VERTEX_POINT('',#11771);
#3197=VERTEX_POINT('',#11775);
#3198=VERTEX_POINT('',#11777);
#3199=VERTEX_POINT('',#11781);
#3200=VERTEX_POINT('',#11783);
#3201=VERTEX_POINT('',#11790);
#3202=VERTEX_POINT('',#11791);
#3203=VERTEX_POINT('',#11793);
#3204=VERTEX_POINT('',#11795);
#3205=VERTEX_POINT('',#11799);
#3206=VERTEX_POINT('',#11801);
#3207=VERTEX_POINT('',#11805);
#3208=VERTEX_POINT('',#11807);
#3209=VERTEX_POINT('',#11814);
#3210=VERTEX_POINT('',#11815);
#3211=VERTEX_POINT('',#11817);
#3212=VERTEX_POINT('',#11819);
#3213=VERTEX_POINT('',#11823);
#3214=VERTEX_POINT('',#11825);
#3215=VERTEX_POINT('',#11829);
#3216=VERTEX_POINT('',#11831);
#3217=VERTEX_POINT('',#11838);
#3218=VERTEX_POINT('',#11839);
#3219=VERTEX_POINT('',#11841);
#3220=VERTEX_POINT('',#11843);
#3221=VERTEX_POINT('',#11847);
#3222=VERTEX_POINT('',#11849);
#3223=VERTEX_POINT('',#11853);
#3224=VERTEX_POINT('',#11855);
#3225=VERTEX_POINT('',#11862);
#3226=VERTEX_POINT('',#11863);
#3227=VERTEX_POINT('',#11865);
#3228=VERTEX_POINT('',#11867);
#3229=VERTEX_POINT('',#11871);
#3230=VERTEX_POINT('',#11873);
#3231=VERTEX_POINT('',#11877);
#3232=VERTEX_POINT('',#11879);
#3233=VERTEX_POINT('',#11886);
#3234=VERTEX_POINT('',#11887);
#3235=VERTEX_POINT('',#11889);
#3236=VERTEX_POINT('',#11891);
#3237=VERTEX_POINT('',#11895);
#3238=VERTEX_POINT('',#11897);
#3239=VERTEX_POINT('',#11901);
#3240=VERTEX_POINT('',#11903);
#3241=VERTEX_POINT('',#11910);
#3242=VERTEX_POINT('',#11911);
#3243=VERTEX_POINT('',#11913);
#3244=VERTEX_POINT('',#11915);
#3245=VERTEX_POINT('',#11919);
#3246=VERTEX_POINT('',#11921);
#3247=VERTEX_POINT('',#11925);
#3248=VERTEX_POINT('',#11927);
#3249=VERTEX_POINT('',#11934);
#3250=VERTEX_POINT('',#11935);
#3251=VERTEX_POINT('',#11937);
#3252=VERTEX_POINT('',#11939);
#3253=VERTEX_POINT('',#11943);
#3254=VERTEX_POINT('',#11945);
#3255=VERTEX_POINT('',#11949);
#3256=VERTEX_POINT('',#11951);
#3257=VERTEX_POINT('',#11958);
#3258=VERTEX_POINT('',#11960);
#3259=VERTEX_POINT('',#11964);
#3260=VERTEX_POINT('',#11966);
#3261=VERTEX_POINT('',#11970);
#3262=VERTEX_POINT('',#11972);
#3263=VERTEX_POINT('',#11976);
#3264=VERTEX_POINT('',#11978);
#3265=VERTEX_POINT('',#11982);
#3266=VERTEX_POINT('',#11984);
#3267=VERTEX_POINT('',#11988);
#3268=VERTEX_POINT('',#11990);
#3269=VERTEX_POINT('',#11994);
#3270=VERTEX_POINT('',#11996);
#3271=VERTEX_POINT('',#12000);
#3272=VERTEX_POINT('',#12002);
#3273=VERTEX_POINT('',#12006);
#3274=VERTEX_POINT('',#12008);
#3275=VERTEX_POINT('',#12012);
#3276=VERTEX_POINT('',#12014);
#3277=VERTEX_POINT('',#12018);
#3278=VERTEX_POINT('',#12020);
#3279=VERTEX_POINT('',#12024);
#3280=VERTEX_POINT('',#12026);
#3281=VERTEX_POINT('',#12030);
#3282=VERTEX_POINT('',#12031);
#3283=VERTEX_POINT('',#12033);
#3284=VERTEX_POINT('',#12035);
#3285=VERTEX_POINT('',#12039);
#3286=VERTEX_POINT('',#12041);
#3287=VERTEX_POINT('',#12045);
#3288=VERTEX_POINT('',#12047);
#3289=VERTEX_POINT('',#12054);
#3290=VERTEX_POINT('',#12056);
#3291=VERTEX_POINT('',#12060);
#3292=VERTEX_POINT('',#12061);
#3293=VERTEX_POINT('',#12063);
#3294=VERTEX_POINT('',#12065);
#3295=VERTEX_POINT('',#12069);
#3296=VERTEX_POINT('',#12070);
#3297=VERTEX_POINT('',#12072);
#3298=VERTEX_POINT('',#12074);
#3299=EDGE_CURVE('',#2665,#2666,#1315,.T.);
#3300=EDGE_CURVE('',#2665,#2667,#1316,.T.);
#3301=EDGE_CURVE('',#2668,#2667,#1317,.T.);
#3302=EDGE_CURVE('',#2666,#2668,#1318,.T.);
#3303=EDGE_CURVE('',#2666,#2669,#176,.T.);
#3304=EDGE_CURVE('',#2670,#2668,#177,.T.);
#3305=EDGE_CURVE('',#2669,#2670,#1319,.T.);
#3306=EDGE_CURVE('',#2669,#2671,#178,.T.);
#3307=EDGE_CURVE('',#2672,#2670,#179,.T.);
#3308=EDGE_CURVE('',#2671,#2672,#1320,.T.);
#3309=EDGE_CURVE('',#2671,#2673,#180,.T.);
#3310=EDGE_CURVE('',#2674,#2672,#181,.T.);
#3311=EDGE_CURVE('',#2673,#2674,#1321,.T.);
#3312=EDGE_CURVE('',#2673,#2675,#182,.T.);
#3313=EDGE_CURVE('',#2676,#2674,#183,.T.);
#3314=EDGE_CURVE('',#2675,#2676,#1322,.T.);
#3315=EDGE_CURVE('',#2675,#2677,#184,.T.);
#3316=EDGE_CURVE('',#2678,#2676,#185,.T.);
#3317=EDGE_CURVE('',#2677,#2678,#1323,.T.);
#3318=EDGE_CURVE('',#2677,#2679,#1324,.T.);
#3319=EDGE_CURVE('',#2680,#2678,#1325,.T.);
#3320=EDGE_CURVE('',#2679,#2680,#1326,.T.);
#3321=EDGE_CURVE('',#2679,#2665,#1327,.T.);
#3322=EDGE_CURVE('',#2667,#2680,#1328,.T.);
#3323=EDGE_CURVE('',#2681,#2682,#1329,.T.);
#3324=EDGE_CURVE('',#2681,#2683,#1330,.T.);
#3325=EDGE_CURVE('',#2684,#2683,#1331,.T.);
#3326=EDGE_CURVE('',#2682,#2684,#1332,.T.);
#3327=EDGE_CURVE('',#2682,#2685,#1333,.T.);
#3328=EDGE_CURVE('',#2686,#2684,#1334,.T.);
#3329=EDGE_CURVE('',#2685,#2686,#1335,.T.);
#3330=EDGE_CURVE('',#2685,#2687,#1336,.T.);
#3331=EDGE_CURVE('',#2688,#2686,#1337,.T.);
#3332=EDGE_CURVE('',#2687,#2688,#1338,.T.);
#3333=EDGE_CURVE('',#2687,#2689,#186,.T.);
#3334=EDGE_CURVE('',#2690,#2688,#187,.T.);
#3335=EDGE_CURVE('',#2689,#2690,#1339,.T.);
#3336=EDGE_CURVE('',#2689,#2691,#188,.T.);
#3337=EDGE_CURVE('',#2692,#2690,#189,.T.);
#3338=EDGE_CURVE('',#2691,#2692,#1340,.T.);
#3339=EDGE_CURVE('',#2691,#2693,#190,.T.);
#3340=EDGE_CURVE('',#2694,#2692,#191,.T.);
#3341=EDGE_CURVE('',#2693,#2694,#1341,.T.);
#3342=EDGE_CURVE('',#2693,#2695,#192,.T.);
#3343=EDGE_CURVE('',#2696,#2694,#193,.T.);
#3344=EDGE_CURVE('',#2695,#2696,#1342,.T.);
#3345=EDGE_CURVE('',#2695,#2697,#194,.T.);
#3346=EDGE_CURVE('',#2698,#2696,#195,.T.);
#3347=EDGE_CURVE('',#2697,#2698,#1343,.T.);
#3348=EDGE_CURVE('',#2697,#2699,#196,.T.);
#3349=EDGE_CURVE('',#2700,#2698,#197,.T.);
#3350=EDGE_CURVE('',#2699,#2700,#1344,.T.);
#3351=EDGE_CURVE('',#2699,#2701,#198,.T.);
#3352=EDGE_CURVE('',#2702,#2700,#199,.T.);
#3353=EDGE_CURVE('',#2701,#2702,#1345,.T.);
#3354=EDGE_CURVE('',#2701,#2703,#1346,.T.);
#3355=EDGE_CURVE('',#2704,#2702,#1347,.T.);
#3356=EDGE_CURVE('',#2703,#2704,#1348,.T.);
#3357=EDGE_CURVE('',#2703,#2705,#200,.T.);
#3358=EDGE_CURVE('',#2706,#2704,#201,.T.);
#3359=EDGE_CURVE('',#2705,#2706,#1349,.T.);
#3360=EDGE_CURVE('',#2705,#2707,#202,.T.);
#3361=EDGE_CURVE('',#2708,#2706,#203,.T.);
#3362=EDGE_CURVE('',#2707,#2708,#1350,.T.);
#3363=EDGE_CURVE('',#2707,#2709,#204,.T.);
#3364=EDGE_CURVE('',#2710,#2708,#205,.T.);
#3365=EDGE_CURVE('',#2709,#2710,#1351,.T.);
#3366=EDGE_CURVE('',#2709,#2711,#1352,.T.);
#3367=EDGE_CURVE('',#2712,#2710,#1353,.T.);
#3368=EDGE_CURVE('',#2711,#2712,#1354,.T.);
#3369=EDGE_CURVE('',#2711,#2681,#1355,.T.);
#3370=EDGE_CURVE('',#2683,#2712,#1356,.T.);
#3371=EDGE_CURVE('',#2713,#2714,#1357,.T.);
#3372=EDGE_CURVE('',#2713,#2715,#1358,.T.);
#3373=EDGE_CURVE('',#2716,#2715,#1359,.T.);
#3374=EDGE_CURVE('',#2714,#2716,#1360,.T.);
#3375=EDGE_CURVE('',#2714,#2717,#1361,.T.);
#3376=EDGE_CURVE('',#2718,#2716,#1362,.T.);
#3377=EDGE_CURVE('',#2717,#2718,#1363,.T.);
#3378=EDGE_CURVE('',#2717,#2719,#1364,.T.);
#3379=EDGE_CURVE('',#2720,#2718,#1365,.T.);
#3380=EDGE_CURVE('',#2719,#2720,#1366,.T.);
#3381=EDGE_CURVE('',#2719,#2721,#1367,.T.);
#3382=EDGE_CURVE('',#2722,#2720,#1368,.T.);
#3383=EDGE_CURVE('',#2721,#2722,#1369,.T.);
#3384=EDGE_CURVE('',#2721,#2723,#1370,.T.);
#3385=EDGE_CURVE('',#2724,#2722,#1371,.T.);
#3386=EDGE_CURVE('',#2723,#2724,#1372,.T.);
#3387=EDGE_CURVE('',#2723,#2725,#1373,.T.);
#3388=EDGE_CURVE('',#2726,#2724,#1374,.T.);
#3389=EDGE_CURVE('',#2725,#2726,#1375,.T.);
#3390=EDGE_CURVE('',#2725,#2727,#1376,.T.);
#3391=EDGE_CURVE('',#2728,#2726,#1377,.T.);
#3392=EDGE_CURVE('',#2727,#2728,#1378,.T.);
#3393=EDGE_CURVE('',#2727,#2729,#1379,.T.);
#3394=EDGE_CURVE('',#2730,#2728,#1380,.T.);
#3395=EDGE_CURVE('',#2729,#2730,#1381,.T.);
#3396=EDGE_CURVE('',#2729,#2731,#1382,.T.);
#3397=EDGE_CURVE('',#2732,#2730,#1383,.T.);
#3398=EDGE_CURVE('',#2731,#2732,#1384,.T.);
#3399=EDGE_CURVE('',#2731,#2733,#206,.T.);
#3400=EDGE_CURVE('',#2734,#2732,#207,.T.);
#3401=EDGE_CURVE('',#2733,#2734,#1385,.T.);
#3402=EDGE_CURVE('',#2733,#2735,#208,.T.);
#3403=EDGE_CURVE('',#2736,#2734,#209,.T.);
#3404=EDGE_CURVE('',#2735,#2736,#1386,.T.);
#3405=EDGE_CURVE('',#2735,#2737,#210,.T.);
#3406=EDGE_CURVE('',#2738,#2736,#211,.T.);
#3407=EDGE_CURVE('',#2737,#2738,#1387,.T.);
#3408=EDGE_CURVE('',#2737,#2739,#212,.T.);
#3409=EDGE_CURVE('',#2740,#2738,#213,.T.);
#3410=EDGE_CURVE('',#2739,#2740,#1388,.T.);
#3411=EDGE_CURVE('',#2739,#2741,#1389,.T.);
#3412=EDGE_CURVE('',#2742,#2740,#1390,.T.);
#3413=EDGE_CURVE('',#2741,#2742,#1391,.T.);
#3414=EDGE_CURVE('',#2741,#2743,#214,.T.);
#3415=EDGE_CURVE('',#2744,#2742,#215,.T.);
#3416=EDGE_CURVE('',#2743,#2744,#1392,.T.);
#3417=EDGE_CURVE('',#2743,#2745,#216,.T.);
#3418=EDGE_CURVE('',#2746,#2744,#217,.T.);
#3419=EDGE_CURVE('',#2745,#2746,#1393,.T.);
#3420=EDGE_CURVE('',#2745,#2747,#218,.T.);
#3421=EDGE_CURVE('',#2748,#2746,#219,.T.);
#3422=EDGE_CURVE('',#2747,#2748,#1394,.T.);
#3423=EDGE_CURVE('',#2747,#2749,#220,.T.);
#3424=EDGE_CURVE('',#2750,#2748,#221,.T.);
#3425=EDGE_CURVE('',#2749,#2750,#1395,.T.);
#3426=EDGE_CURVE('',#2749,#2751,#1396,.T.);
#3427=EDGE_CURVE('',#2752,#2750,#1397,.T.);
#3428=EDGE_CURVE('',#2751,#2752,#1398,.T.);
#3429=EDGE_CURVE('',#2751,#2713,#1399,.T.);
#3430=EDGE_CURVE('',#2715,#2752,#1400,.T.);
#3431=EDGE_CURVE('',#2753,#2754,#1401,.T.);
#3432=EDGE_CURVE('',#2753,#2755,#1402,.T.);
#3433=EDGE_CURVE('',#2756,#2755,#1403,.T.);
#3434=EDGE_CURVE('',#2754,#2756,#1404,.T.);
#3435=EDGE_CURVE('',#2754,#2757,#1405,.T.);
#3436=EDGE_CURVE('',#2758,#2756,#1406,.T.);
#3437=EDGE_CURVE('',#2757,#2758,#1407,.T.);
#3438=EDGE_CURVE('',#2757,#2759,#222,.T.);
#3439=EDGE_CURVE('',#2760,#2758,#223,.T.);
#3440=EDGE_CURVE('',#2759,#2760,#1408,.T.);
#3441=EDGE_CURVE('',#2759,#2761,#224,.T.);
#3442=EDGE_CURVE('',#2762,#2760,#225,.T.);
#3443=EDGE_CURVE('',#2761,#2762,#1409,.T.);
#3444=EDGE_CURVE('',#2761,#2763,#226,.T.);
#3445=EDGE_CURVE('',#2764,#2762,#227,.T.);
#3446=EDGE_CURVE('',#2763,#2764,#1410,.T.);
#3447=EDGE_CURVE('',#2763,#2765,#228,.T.);
#3448=EDGE_CURVE('',#2766,#2764,#229,.T.);
#3449=EDGE_CURVE('',#2765,#2766,#1411,.T.);
#3450=EDGE_CURVE('',#2765,#2767,#230,.T.);
#3451=EDGE_CURVE('',#2768,#2766,#231,.T.);
#3452=EDGE_CURVE('',#2767,#2768,#1412,.T.);
#3453=EDGE_CURVE('',#2767,#2769,#232,.T.);
#3454=EDGE_CURVE('',#2770,#2768,#233,.T.);
#3455=EDGE_CURVE('',#2769,#2770,#1413,.T.);
#3456=EDGE_CURVE('',#2769,#2771,#234,.T.);
#3457=EDGE_CURVE('',#2772,#2770,#235,.T.);
#3458=EDGE_CURVE('',#2771,#2772,#1414,.T.);
#3459=EDGE_CURVE('',#2771,#2773,#236,.T.);
#3460=EDGE_CURVE('',#2774,#2772,#237,.T.);
#3461=EDGE_CURVE('',#2773,#2774,#1415,.T.);
#3462=EDGE_CURVE('',#2773,#2775,#1416,.T.);
#3463=EDGE_CURVE('',#2776,#2774,#1417,.T.);
#3464=EDGE_CURVE('',#2775,#2776,#1418,.T.);
#3465=EDGE_CURVE('',#2775,#2777,#1419,.T.);
#3466=EDGE_CURVE('',#2778,#2776,#1420,.T.);
#3467=EDGE_CURVE('',#2777,#2778,#1421,.T.);
#3468=EDGE_CURVE('',#2777,#2779,#1422,.T.);
#3469=EDGE_CURVE('',#2780,#2778,#1423,.T.);
#3470=EDGE_CURVE('',#2779,#2780,#1424,.T.);
#3471=EDGE_CURVE('',#2779,#2781,#238,.T.);
#3472=EDGE_CURVE('',#2782,#2780,#239,.T.);
#3473=EDGE_CURVE('',#2781,#2782,#1425,.T.);
#3474=EDGE_CURVE('',#2781,#2783,#240,.T.);
#3475=EDGE_CURVE('',#2784,#2782,#241,.T.);
#3476=EDGE_CURVE('',#2783,#2784,#1426,.T.);
#3477=EDGE_CURVE('',#2783,#2785,#242,.T.);
#3478=EDGE_CURVE('',#2786,#2784,#243,.T.);
#3479=EDGE_CURVE('',#2785,#2786,#1427,.T.);
#3480=EDGE_CURVE('',#2785,#2787,#244,.T.);
#3481=EDGE_CURVE('',#2788,#2786,#245,.T.);
#3482=EDGE_CURVE('',#2787,#2788,#1428,.T.);
#3483=EDGE_CURVE('',#2787,#2789,#246,.T.);
#3484=EDGE_CURVE('',#2790,#2788,#247,.T.);
#3485=EDGE_CURVE('',#2789,#2790,#1429,.T.);
#3486=EDGE_CURVE('',#2789,#2791,#1430,.T.);
#3487=EDGE_CURVE('',#2792,#2790,#1431,.T.);
#3488=EDGE_CURVE('',#2791,#2792,#1432,.T.);
#3489=EDGE_CURVE('',#2791,#2793,#1433,.T.);
#3490=EDGE_CURVE('',#2794,#2792,#1434,.T.);
#3491=EDGE_CURVE('',#2793,#2794,#1435,.T.);
#3492=EDGE_CURVE('',#2793,#2795,#1436,.T.);
#3493=EDGE_CURVE('',#2796,#2794,#1437,.T.);
#3494=EDGE_CURVE('',#2795,#2796,#1438,.T.);
#3495=EDGE_CURVE('',#2795,#2797,#248,.T.);
#3496=EDGE_CURVE('',#2798,#2796,#249,.T.);
#3497=EDGE_CURVE('',#2797,#2798,#1439,.T.);
#3498=EDGE_CURVE('',#2797,#2799,#250,.T.);
#3499=EDGE_CURVE('',#2800,#2798,#251,.T.);
#3500=EDGE_CURVE('',#2799,#2800,#1440,.T.);
#3501=EDGE_CURVE('',#2799,#2801,#252,.T.);
#3502=EDGE_CURVE('',#2802,#2800,#253,.T.);
#3503=EDGE_CURVE('',#2801,#2802,#1441,.T.);
#3504=EDGE_CURVE('',#2801,#2803,#254,.T.);
#3505=EDGE_CURVE('',#2804,#2802,#255,.T.);
#3506=EDGE_CURVE('',#2803,#2804,#1442,.T.);
#3507=EDGE_CURVE('',#2803,#2805,#256,.T.);
#3508=EDGE_CURVE('',#2806,#2804,#257,.T.);
#3509=EDGE_CURVE('',#2805,#2806,#1443,.T.);
#3510=EDGE_CURVE('',#2805,#2807,#258,.T.);
#3511=EDGE_CURVE('',#2808,#2806,#259,.T.);
#3512=EDGE_CURVE('',#2807,#2808,#1444,.T.);
#3513=EDGE_CURVE('',#2807,#2809,#260,.T.);
#3514=EDGE_CURVE('',#2810,#2808,#261,.T.);
#3515=EDGE_CURVE('',#2809,#2810,#1445,.T.);
#3516=EDGE_CURVE('',#2809,#2811,#1446,.T.);
#3517=EDGE_CURVE('',#2812,#2810,#1447,.T.);
#3518=EDGE_CURVE('',#2811,#2812,#1448,.T.);
#3519=EDGE_CURVE('',#2811,#2813,#1449,.T.);
#3520=EDGE_CURVE('',#2814,#2812,#1450,.T.);
#3521=EDGE_CURVE('',#2813,#2814,#1451,.T.);
#3522=EDGE_CURVE('',#2813,#2753,#1452,.T.);
#3523=EDGE_CURVE('',#2755,#2814,#1453,.T.);
#3524=EDGE_CURVE('',#2815,#2816,#1454,.T.);
#3525=EDGE_CURVE('',#2815,#2817,#1455,.T.);
#3526=EDGE_CURVE('',#2818,#2817,#1456,.T.);
#3527=EDGE_CURVE('',#2816,#2818,#1457,.T.);
#3528=EDGE_CURVE('',#2816,#2819,#262,.T.);
#3529=EDGE_CURVE('',#2820,#2818,#263,.T.);
#3530=EDGE_CURVE('',#2819,#2820,#1458,.T.);
#3531=EDGE_CURVE('',#2819,#2821,#264,.T.);
#3532=EDGE_CURVE('',#2822,#2820,#265,.T.);
#3533=EDGE_CURVE('',#2821,#2822,#1459,.T.);
#3534=EDGE_CURVE('',#2821,#2823,#266,.T.);
#3535=EDGE_CURVE('',#2824,#2822,#267,.T.);
#3536=EDGE_CURVE('',#2823,#2824,#1460,.T.);
#3537=EDGE_CURVE('',#2823,#2825,#268,.T.);
#3538=EDGE_CURVE('',#2826,#2824,#269,.T.);
#3539=EDGE_CURVE('',#2825,#2826,#1461,.T.);
#3540=EDGE_CURVE('',#2825,#2827,#270,.T.);
#3541=EDGE_CURVE('',#2828,#2826,#271,.T.);
#3542=EDGE_CURVE('',#2827,#2828,#1462,.T.);
#3543=EDGE_CURVE('',#2827,#2829,#272,.T.);
#3544=EDGE_CURVE('',#2830,#2828,#273,.T.);
#3545=EDGE_CURVE('',#2829,#2830,#1463,.T.);
#3546=EDGE_CURVE('',#2829,#2831,#274,.T.);
#3547=EDGE_CURVE('',#2832,#2830,#275,.T.);
#3548=EDGE_CURVE('',#2831,#2832,#1464,.T.);
#3549=EDGE_CURVE('',#2831,#2833,#276,.T.);
#3550=EDGE_CURVE('',#2834,#2832,#277,.T.);
#3551=EDGE_CURVE('',#2833,#2834,#1465,.T.);
#3552=EDGE_CURVE('',#2833,#2835,#278,.T.);
#3553=EDGE_CURVE('',#2836,#2834,#279,.T.);
#3554=EDGE_CURVE('',#2835,#2836,#1466,.T.);
#3555=EDGE_CURVE('',#2835,#2837,#1467,.T.);
#3556=EDGE_CURVE('',#2838,#2836,#1468,.T.);
#3557=EDGE_CURVE('',#2837,#2838,#1469,.T.);
#3558=EDGE_CURVE('',#2837,#2839,#280,.T.);
#3559=EDGE_CURVE('',#2840,#2838,#281,.T.);
#3560=EDGE_CURVE('',#2839,#2840,#1470,.T.);
#3561=EDGE_CURVE('',#2839,#2841,#282,.T.);
#3562=EDGE_CURVE('',#2842,#2840,#283,.T.);
#3563=EDGE_CURVE('',#2841,#2842,#1471,.T.);
#3564=EDGE_CURVE('',#2841,#2843,#284,.T.);
#3565=EDGE_CURVE('',#2844,#2842,#285,.T.);
#3566=EDGE_CURVE('',#2843,#2844,#1472,.T.);
#3567=EDGE_CURVE('',#2843,#2845,#286,.T.);
#3568=EDGE_CURVE('',#2846,#2844,#287,.T.);
#3569=EDGE_CURVE('',#2845,#2846,#1473,.T.);
#3570=EDGE_CURVE('',#2845,#2847,#288,.T.);
#3571=EDGE_CURVE('',#2848,#2846,#289,.T.);
#3572=EDGE_CURVE('',#2847,#2848,#1474,.T.);
#3573=EDGE_CURVE('',#2847,#2849,#290,.T.);
#3574=EDGE_CURVE('',#2850,#2848,#291,.T.);
#3575=EDGE_CURVE('',#2849,#2850,#1475,.T.);
#3576=EDGE_CURVE('',#2849,#2851,#292,.T.);
#3577=EDGE_CURVE('',#2852,#2850,#293,.T.);
#3578=EDGE_CURVE('',#2851,#2852,#1476,.T.);
#3579=EDGE_CURVE('',#2851,#2853,#294,.T.);
#3580=EDGE_CURVE('',#2854,#2852,#295,.T.);
#3581=EDGE_CURVE('',#2853,#2854,#1477,.T.);
#3582=EDGE_CURVE('',#2853,#2815,#296,.T.);
#3583=EDGE_CURVE('',#2817,#2854,#297,.T.);
#3584=EDGE_CURVE('',#2855,#2856,#298,.T.);
#3585=EDGE_CURVE('',#2855,#2857,#1478,.T.);
#3586=EDGE_CURVE('',#2858,#2857,#299,.T.);
#3587=EDGE_CURVE('',#2856,#2858,#1479,.T.);
#3588=EDGE_CURVE('',#2856,#2859,#300,.T.);
#3589=EDGE_CURVE('',#2860,#2858,#301,.T.);
#3590=EDGE_CURVE('',#2859,#2860,#1480,.T.);
#3591=EDGE_CURVE('',#2859,#2861,#302,.T.);
#3592=EDGE_CURVE('',#2862,#2860,#303,.T.);
#3593=EDGE_CURVE('',#2861,#2862,#1481,.T.);
#3594=EDGE_CURVE('',#2861,#2863,#304,.T.);
#3595=EDGE_CURVE('',#2864,#2862,#305,.T.);
#3596=EDGE_CURVE('',#2863,#2864,#1482,.T.);
#3597=EDGE_CURVE('',#2863,#2865,#306,.T.);
#3598=EDGE_CURVE('',#2866,#2864,#307,.T.);
#3599=EDGE_CURVE('',#2865,#2866,#1483,.T.);
#3600=EDGE_CURVE('',#2865,#2867,#308,.T.);
#3601=EDGE_CURVE('',#2868,#2866,#309,.T.);
#3602=EDGE_CURVE('',#2867,#2868,#1484,.T.);
#3603=EDGE_CURVE('',#2867,#2869,#310,.T.);
#3604=EDGE_CURVE('',#2870,#2868,#311,.T.);
#3605=EDGE_CURVE('',#2869,#2870,#1485,.T.);
#3606=EDGE_CURVE('',#2869,#2871,#312,.T.);
#3607=EDGE_CURVE('',#2872,#2870,#313,.T.);
#3608=EDGE_CURVE('',#2871,#2872,#1486,.T.);
#3609=EDGE_CURVE('',#2871,#2855,#314,.T.);
#3610=EDGE_CURVE('',#2857,#2872,#315,.T.);
#3611=EDGE_CURVE('',#2873,#2874,#316,.T.);
#3612=EDGE_CURVE('',#2873,#2875,#1487,.T.);
#3613=EDGE_CURVE('',#2876,#2875,#317,.T.);
#3614=EDGE_CURVE('',#2874,#2876,#1488,.T.);
#3615=EDGE_CURVE('',#2874,#2877,#318,.T.);
#3616=EDGE_CURVE('',#2878,#2876,#319,.T.);
#3617=EDGE_CURVE('',#2877,#2878,#1489,.T.);
#3618=EDGE_CURVE('',#2877,#2879,#320,.T.);
#3619=EDGE_CURVE('',#2880,#2878,#321,.T.);
#3620=EDGE_CURVE('',#2879,#2880,#1490,.T.);
#3621=EDGE_CURVE('',#2879,#2881,#322,.T.);
#3622=EDGE_CURVE('',#2882,#2880,#323,.T.);
#3623=EDGE_CURVE('',#2881,#2882,#1491,.T.);
#3624=EDGE_CURVE('',#2881,#2883,#324,.T.);
#3625=EDGE_CURVE('',#2884,#2882,#325,.T.);
#3626=EDGE_CURVE('',#2883,#2884,#1492,.T.);
#3627=EDGE_CURVE('',#2883,#2885,#326,.T.);
#3628=EDGE_CURVE('',#2886,#2884,#327,.T.);
#3629=EDGE_CURVE('',#2885,#2886,#1493,.T.);
#3630=EDGE_CURVE('',#2885,#2887,#328,.T.);
#3631=EDGE_CURVE('',#2888,#2886,#329,.T.);
#3632=EDGE_CURVE('',#2887,#2888,#1494,.T.);
#3633=EDGE_CURVE('',#2887,#2889,#330,.T.);
#3634=EDGE_CURVE('',#2890,#2888,#331,.T.);
#3635=EDGE_CURVE('',#2889,#2890,#1495,.T.);
#3636=EDGE_CURVE('',#2889,#2873,#332,.T.);
#3637=EDGE_CURVE('',#2875,#2890,#333,.T.);
#3638=EDGE_CURVE('',#2891,#2892,#334,.T.);
#3639=EDGE_CURVE('',#2891,#2893,#1496,.T.);
#3640=EDGE_CURVE('',#2894,#2893,#335,.T.);
#3641=EDGE_CURVE('',#2892,#2894,#1497,.T.);
#3642=EDGE_CURVE('',#2892,#2895,#336,.T.);
#3643=EDGE_CURVE('',#2896,#2894,#337,.T.);
#3644=EDGE_CURVE('',#2895,#2896,#1498,.T.);
#3645=EDGE_CURVE('',#2895,#2897,#338,.T.);
#3646=EDGE_CURVE('',#2898,#2896,#339,.T.);
#3647=EDGE_CURVE('',#2897,#2898,#1499,.T.);
#3648=EDGE_CURVE('',#2897,#2899,#340,.T.);
#3649=EDGE_CURVE('',#2900,#2898,#341,.T.);
#3650=EDGE_CURVE('',#2899,#2900,#1500,.T.);
#3651=EDGE_CURVE('',#2899,#2901,#342,.T.);
#3652=EDGE_CURVE('',#2902,#2900,#343,.T.);
#3653=EDGE_CURVE('',#2901,#2902,#1501,.T.);
#3654=EDGE_CURVE('',#2901,#2903,#344,.T.);
#3655=EDGE_CURVE('',#2904,#2902,#345,.T.);
#3656=EDGE_CURVE('',#2903,#2904,#1502,.T.);
#3657=EDGE_CURVE('',#2903,#2905,#346,.T.);
#3658=EDGE_CURVE('',#2906,#2904,#347,.T.);
#3659=EDGE_CURVE('',#2905,#2906,#1503,.T.);
#3660=EDGE_CURVE('',#2905,#2907,#348,.T.);
#3661=EDGE_CURVE('',#2908,#2906,#349,.T.);
#3662=EDGE_CURVE('',#2907,#2908,#1504,.T.);
#3663=EDGE_CURVE('',#2907,#2891,#350,.T.);
#3664=EDGE_CURVE('',#2893,#2908,#351,.T.);
#3665=EDGE_CURVE('',#2909,#2910,#352,.T.);
#3666=EDGE_CURVE('',#2909,#2911,#1505,.T.);
#3667=EDGE_CURVE('',#2912,#2911,#353,.T.);
#3668=EDGE_CURVE('',#2910,#2912,#1506,.T.);
#3669=EDGE_CURVE('',#2910,#2913,#354,.T.);
#3670=EDGE_CURVE('',#2914,#2912,#355,.T.);
#3671=EDGE_CURVE('',#2913,#2914,#1507,.T.);
#3672=EDGE_CURVE('',#2913,#2915,#356,.T.);
#3673=EDGE_CURVE('',#2916,#2914,#357,.T.);
#3674=EDGE_CURVE('',#2915,#2916,#1508,.T.);
#3675=EDGE_CURVE('',#2915,#2917,#358,.T.);
#3676=EDGE_CURVE('',#2918,#2916,#359,.T.);
#3677=EDGE_CURVE('',#2917,#2918,#1509,.T.);
#3678=EDGE_CURVE('',#2917,#2919,#360,.T.);
#3679=EDGE_CURVE('',#2920,#2918,#361,.T.);
#3680=EDGE_CURVE('',#2919,#2920,#1510,.T.);
#3681=EDGE_CURVE('',#2919,#2921,#362,.T.);
#3682=EDGE_CURVE('',#2922,#2920,#363,.T.);
#3683=EDGE_CURVE('',#2921,#2922,#1511,.T.);
#3684=EDGE_CURVE('',#2921,#2923,#364,.T.);
#3685=EDGE_CURVE('',#2924,#2922,#365,.T.);
#3686=EDGE_CURVE('',#2923,#2924,#1512,.T.);
#3687=EDGE_CURVE('',#2923,#2925,#366,.T.);
#3688=EDGE_CURVE('',#2926,#2924,#367,.T.);
#3689=EDGE_CURVE('',#2925,#2926,#1513,.T.);
#3690=EDGE_CURVE('',#2925,#2909,#368,.T.);
#3691=EDGE_CURVE('',#2911,#2926,#369,.T.);
#3692=EDGE_CURVE('',#2927,#2928,#1514,.T.);
#3693=EDGE_CURVE('',#2927,#2929,#1515,.T.);
#3694=EDGE_CURVE('',#2930,#2929,#1516,.T.);
#3695=EDGE_CURVE('',#2928,#2930,#1517,.T.);
#3696=EDGE_CURVE('',#2928,#2931,#1518,.T.);
#3697=EDGE_CURVE('',#2932,#2930,#1519,.T.);
#3698=EDGE_CURVE('',#2931,#2932,#1520,.T.);
#3699=EDGE_CURVE('',#2931,#2933,#370,.T.);
#3700=EDGE_CURVE('',#2934,#2932,#371,.T.);
#3701=EDGE_CURVE('',#2933,#2934,#1521,.T.);
#3702=EDGE_CURVE('',#2933,#2935,#372,.T.);
#3703=EDGE_CURVE('',#2936,#2934,#373,.T.);
#3704=EDGE_CURVE('',#2935,#2936,#1522,.T.);
#3705=EDGE_CURVE('',#2935,#2937,#1523,.T.);
#3706=EDGE_CURVE('',#2938,#2936,#1524,.T.);
#3707=EDGE_CURVE('',#2937,#2938,#1525,.T.);
#3708=EDGE_CURVE('',#2937,#2939,#374,.T.);
#3709=EDGE_CURVE('',#2940,#2938,#375,.T.);
#3710=EDGE_CURVE('',#2939,#2940,#1526,.T.);
#3711=EDGE_CURVE('',#2939,#2941,#376,.T.);
#3712=EDGE_CURVE('',#2942,#2940,#377,.T.);
#3713=EDGE_CURVE('',#2941,#2942,#1527,.T.);
#3714=EDGE_CURVE('',#2941,#2943,#378,.T.);
#3715=EDGE_CURVE('',#2944,#2942,#379,.T.);
#3716=EDGE_CURVE('',#2943,#2944,#1528,.T.);
#3717=EDGE_CURVE('',#2943,#2945,#380,.T.);
#3718=EDGE_CURVE('',#2946,#2944,#381,.T.);
#3719=EDGE_CURVE('',#2945,#2946,#1529,.T.);
#3720=EDGE_CURVE('',#2945,#2947,#1530,.T.);
#3721=EDGE_CURVE('',#2948,#2946,#1531,.T.);
#3722=EDGE_CURVE('',#2947,#2948,#1532,.T.);
#3723=EDGE_CURVE('',#2947,#2949,#1533,.T.);
#3724=EDGE_CURVE('',#2950,#2948,#1534,.T.);
#3725=EDGE_CURVE('',#2949,#2950,#1535,.T.);
#3726=EDGE_CURVE('',#2949,#2927,#1536,.T.);
#3727=EDGE_CURVE('',#2929,#2950,#1537,.T.);
#3728=EDGE_CURVE('',#2951,#2952,#382,.T.);
#3729=EDGE_CURVE('',#2951,#2953,#1538,.T.);
#3730=EDGE_CURVE('',#2954,#2953,#383,.T.);
#3731=EDGE_CURVE('',#2952,#2954,#1539,.T.);
#3732=EDGE_CURVE('',#2952,#2955,#384,.T.);
#3733=EDGE_CURVE('',#2956,#2954,#385,.T.);
#3734=EDGE_CURVE('',#2955,#2956,#1540,.T.);
#3735=EDGE_CURVE('',#2955,#2957,#386,.T.);
#3736=EDGE_CURVE('',#2958,#2956,#387,.T.);
#3737=EDGE_CURVE('',#2957,#2958,#1541,.T.);
#3738=EDGE_CURVE('',#2957,#2959,#388,.T.);
#3739=EDGE_CURVE('',#2960,#2958,#389,.T.);
#3740=EDGE_CURVE('',#2959,#2960,#1542,.T.);
#3741=EDGE_CURVE('',#2959,#2961,#390,.T.);
#3742=EDGE_CURVE('',#2962,#2960,#391,.T.);
#3743=EDGE_CURVE('',#2961,#2962,#1543,.T.);
#3744=EDGE_CURVE('',#2961,#2951,#1544,.T.);
#3745=EDGE_CURVE('',#2953,#2962,#1545,.T.);
#3746=EDGE_CURVE('',#2963,#2964,#1546,.T.);
#3747=EDGE_CURVE('',#2963,#2965,#1547,.T.);
#3748=EDGE_CURVE('',#2966,#2965,#1548,.T.);
#3749=EDGE_CURVE('',#2964,#2966,#1549,.T.);
#3750=EDGE_CURVE('',#2964,#2967,#392,.T.);
#3751=EDGE_CURVE('',#2968,#2966,#393,.T.);
#3752=EDGE_CURVE('',#2967,#2968,#1550,.T.);
#3753=EDGE_CURVE('',#2967,#2969,#394,.T.);
#3754=EDGE_CURVE('',#2970,#2968,#395,.T.);
#3755=EDGE_CURVE('',#2969,#2970,#1551,.T.);
#3756=EDGE_CURVE('',#2969,#2971,#396,.T.);
#3757=EDGE_CURVE('',#2972,#2970,#397,.T.);
#3758=EDGE_CURVE('',#2971,#2972,#1552,.T.);
#3759=EDGE_CURVE('',#2971,#2973,#398,.T.);
#3760=EDGE_CURVE('',#2974,#2972,#399,.T.);
#3761=EDGE_CURVE('',#2973,#2974,#1553,.T.);
#3762=EDGE_CURVE('',#2973,#2975,#1554,.T.);
#3763=EDGE_CURVE('',#2976,#2974,#1555,.T.);
#3764=EDGE_CURVE('',#2975,#2976,#1556,.T.);
#3765=EDGE_CURVE('',#2975,#2977,#400,.T.);
#3766=EDGE_CURVE('',#2978,#2976,#401,.T.);
#3767=EDGE_CURVE('',#2977,#2978,#1557,.T.);
#3768=EDGE_CURVE('',#2977,#2979,#402,.T.);
#3769=EDGE_CURVE('',#2980,#2978,#403,.T.);
#3770=EDGE_CURVE('',#2979,#2980,#1558,.T.);
#3771=EDGE_CURVE('',#2979,#2981,#404,.T.);
#3772=EDGE_CURVE('',#2982,#2980,#405,.T.);
#3773=EDGE_CURVE('',#2981,#2982,#1559,.T.);
#3774=EDGE_CURVE('',#2981,#2983,#406,.T.);
#3775=EDGE_CURVE('',#2984,#2982,#407,.T.);
#3776=EDGE_CURVE('',#2983,#2984,#1560,.T.);
#3777=EDGE_CURVE('',#2983,#2985,#408,.T.);
#3778=EDGE_CURVE('',#2986,#2984,#409,.T.);
#3779=EDGE_CURVE('',#2985,#2986,#1561,.T.);
#3780=EDGE_CURVE('',#2985,#2987,#410,.T.);
#3781=EDGE_CURVE('',#2988,#2986,#411,.T.);
#3782=EDGE_CURVE('',#2987,#2988,#1562,.T.);
#3783=EDGE_CURVE('',#2987,#2989,#412,.T.);
#3784=EDGE_CURVE('',#2990,#2988,#413,.T.);
#3785=EDGE_CURVE('',#2989,#2990,#1563,.T.);
#3786=EDGE_CURVE('',#2989,#2991,#414,.T.);
#3787=EDGE_CURVE('',#2992,#2990,#415,.T.);
#3788=EDGE_CURVE('',#2991,#2992,#1564,.T.);
#3789=EDGE_CURVE('',#2991,#2963,#416,.T.);
#3790=EDGE_CURVE('',#2965,#2992,#417,.T.);
#3791=EDGE_CURVE('',#2993,#2993,#15,.T.);
#3792=EDGE_CURVE('',#2993,#2994,#1565,.T.);
#3793=EDGE_CURVE('',#2994,#2994,#16,.T.);
#3794=EDGE_CURVE('',#2995,#2995,#17,.T.);
#3795=EDGE_CURVE('',#2995,#2996,#1566,.T.);
#3796=EDGE_CURVE('',#2996,#2996,#18,.T.);
#3797=EDGE_CURVE('',#2997,#2997,#19,.T.);
#3798=EDGE_CURVE('',#2997,#2998,#1567,.T.);
#3799=EDGE_CURVE('',#2998,#2998,#20,.T.);
#3800=EDGE_CURVE('',#2999,#2999,#21,.T.);
#3801=EDGE_CURVE('',#2999,#3000,#1568,.T.);
#3802=EDGE_CURVE('',#3000,#3000,#22,.T.);
#3803=EDGE_CURVE('',#3001,#3002,#1569,.T.);
#3804=EDGE_CURVE('',#3001,#3003,#1570,.T.);
#3805=EDGE_CURVE('',#3004,#3003,#1571,.T.);
#3806=EDGE_CURVE('',#3002,#3004,#1572,.T.);
#3807=EDGE_CURVE('',#3005,#3001,#1573,.T.);
#3808=EDGE_CURVE('',#3005,#3006,#1574,.T.);
#3809=EDGE_CURVE('',#3003,#3006,#1575,.T.);
#3810=EDGE_CURVE('',#3002,#3007,#1576,.T.);
#3811=EDGE_CURVE('',#3008,#3004,#1577,.T.);
#3812=EDGE_CURVE('',#3007,#3008,#1578,.T.);
#3813=EDGE_CURVE('',#3007,#3005,#1579,.T.);
#3814=EDGE_CURVE('',#3006,#3008,#1580,.T.);
#3815=EDGE_CURVE('',#3009,#3010,#1581,.T.);
#3816=EDGE_CURVE('',#3009,#3011,#1582,.T.);
#3817=EDGE_CURVE('',#3012,#3011,#1583,.T.);
#3818=EDGE_CURVE('',#3010,#3012,#1584,.T.);
#3819=EDGE_CURVE('',#3013,#3009,#1585,.T.);
#3820=EDGE_CURVE('',#3013,#3014,#1586,.T.);
#3821=EDGE_CURVE('',#3011,#3014,#1587,.T.);
#3822=EDGE_CURVE('',#3010,#3015,#1588,.T.);
#3823=EDGE_CURVE('',#3016,#3012,#1589,.T.);
#3824=EDGE_CURVE('',#3015,#3016,#1590,.T.);
#3825=EDGE_CURVE('',#3015,#3013,#1591,.T.);
#3826=EDGE_CURVE('',#3014,#3016,#1592,.T.);
#3827=EDGE_CURVE('',#3017,#3018,#1593,.T.);
#3828=EDGE_CURVE('',#3019,#3017,#1594,.T.);
#3829=EDGE_CURVE('',#3020,#3019,#1595,.T.);
#3830=EDGE_CURVE('',#3020,#3018,#1596,.T.);
#3831=EDGE_CURVE('',#3018,#3021,#1597,.T.);
#3832=EDGE_CURVE('',#3022,#3020,#1598,.T.);
#3833=EDGE_CURVE('',#3022,#3021,#1599,.T.);
#3834=EDGE_CURVE('',#3021,#3023,#1600,.T.);
#3835=EDGE_CURVE('',#3024,#3022,#1601,.T.);
#3836=EDGE_CURVE('',#3024,#3023,#1602,.T.);
#3837=EDGE_CURVE('',#3023,#3017,#1603,.T.);
#3838=EDGE_CURVE('',#3019,#3024,#1604,.T.);
#3839=EDGE_CURVE('',#3025,#3026,#1605,.T.);
#3840=EDGE_CURVE('',#3027,#3025,#1606,.T.);
#3841=EDGE_CURVE('',#3028,#3027,#1607,.T.);
#3842=EDGE_CURVE('',#3028,#3026,#1608,.T.);
#3843=EDGE_CURVE('',#3026,#3029,#1609,.T.);
#3844=EDGE_CURVE('',#3030,#3028,#1610,.T.);
#3845=EDGE_CURVE('',#3030,#3029,#1611,.T.);
#3846=EDGE_CURVE('',#3029,#3031,#1612,.T.);
#3847=EDGE_CURVE('',#3032,#3030,#1613,.T.);
#3848=EDGE_CURVE('',#3032,#3031,#1614,.T.);
#3849=EDGE_CURVE('',#3031,#3025,#1615,.T.);
#3850=EDGE_CURVE('',#3027,#3032,#1616,.T.);
#3851=EDGE_CURVE('',#3033,#3034,#1617,.T.);
#3852=EDGE_CURVE('',#3035,#3033,#1618,.T.);
#3853=EDGE_CURVE('',#3036,#3035,#1619,.T.);
#3854=EDGE_CURVE('',#3036,#3034,#1620,.T.);
#3855=EDGE_CURVE('',#3034,#3037,#1621,.T.);
#3856=EDGE_CURVE('',#3038,#3036,#1622,.T.);
#3857=EDGE_CURVE('',#3038,#3037,#1623,.T.);
#3858=EDGE_CURVE('',#3037,#3039,#1624,.T.);
#3859=EDGE_CURVE('',#3040,#3038,#1625,.T.);
#3860=EDGE_CURVE('',#3040,#3039,#1626,.T.);
#3861=EDGE_CURVE('',#3039,#3033,#1627,.T.);
#3862=EDGE_CURVE('',#3035,#3040,#1628,.T.);
#3863=EDGE_CURVE('',#3041,#3042,#1629,.T.);
#3864=EDGE_CURVE('',#3043,#3041,#1630,.T.);
#3865=EDGE_CURVE('',#3044,#3043,#1631,.T.);
#3866=EDGE_CURVE('',#3044,#3042,#1632,.T.);
#3867=EDGE_CURVE('',#3042,#3045,#1633,.T.);
#3868=EDGE_CURVE('',#3046,#3044,#1634,.T.);
#3869=EDGE_CURVE('',#3046,#3045,#1635,.T.);
#3870=EDGE_CURVE('',#3045,#3047,#1636,.T.);
#3871=EDGE_CURVE('',#3048,#3046,#1637,.T.);
#3872=EDGE_CURVE('',#3048,#3047,#1638,.T.);
#3873=EDGE_CURVE('',#3047,#3041,#1639,.T.);
#3874=EDGE_CURVE('',#3043,#3048,#1640,.T.);
#3875=EDGE_CURVE('',#3049,#3050,#1641,.T.);
#3876=EDGE_CURVE('',#3051,#3049,#1642,.T.);
#3877=EDGE_CURVE('',#3052,#3051,#1643,.T.);
#3878=EDGE_CURVE('',#3052,#3050,#1644,.T.);
#3879=EDGE_CURVE('',#3050,#3053,#1645,.T.);
#3880=EDGE_CURVE('',#3054,#3052,#1646,.T.);
#3881=EDGE_CURVE('',#3054,#3053,#1647,.T.);
#3882=EDGE_CURVE('',#3053,#3055,#1648,.T.);
#3883=EDGE_CURVE('',#3056,#3054,#1649,.T.);
#3884=EDGE_CURVE('',#3056,#3055,#1650,.T.);
#3885=EDGE_CURVE('',#3055,#3049,#1651,.T.);
#3886=EDGE_CURVE('',#3051,#3056,#1652,.T.);
#3887=EDGE_CURVE('',#3057,#3058,#1653,.T.);
#3888=EDGE_CURVE('',#3059,#3057,#1654,.T.);
#3889=EDGE_CURVE('',#3060,#3059,#1655,.T.);
#3890=EDGE_CURVE('',#3060,#3058,#1656,.T.);
#3891=EDGE_CURVE('',#3058,#3061,#1657,.T.);
#3892=EDGE_CURVE('',#3062,#3060,#1658,.T.);
#3893=EDGE_CURVE('',#3062,#3061,#1659,.T.);
#3894=EDGE_CURVE('',#3061,#3063,#1660,.T.);
#3895=EDGE_CURVE('',#3064,#3062,#1661,.T.);
#3896=EDGE_CURVE('',#3064,#3063,#1662,.T.);
#3897=EDGE_CURVE('',#3063,#3057,#1663,.T.);
#3898=EDGE_CURVE('',#3059,#3064,#1664,.T.);
#3899=EDGE_CURVE('',#3065,#3066,#1665,.T.);
#3900=EDGE_CURVE('',#3067,#3065,#1666,.T.);
#3901=EDGE_CURVE('',#3068,#3067,#1667,.T.);
#3902=EDGE_CURVE('',#3068,#3066,#1668,.T.);
#3903=EDGE_CURVE('',#3066,#3069,#1669,.T.);
#3904=EDGE_CURVE('',#3070,#3068,#1670,.T.);
#3905=EDGE_CURVE('',#3070,#3069,#1671,.T.);
#3906=EDGE_CURVE('',#3069,#3071,#1672,.T.);
#3907=EDGE_CURVE('',#3072,#3070,#1673,.T.);
#3908=EDGE_CURVE('',#3072,#3071,#1674,.T.);
#3909=EDGE_CURVE('',#3071,#3065,#1675,.T.);
#3910=EDGE_CURVE('',#3067,#3072,#1676,.T.);
#3911=EDGE_CURVE('',#3073,#3074,#1677,.T.);
#3912=EDGE_CURVE('',#3075,#3073,#1678,.T.);
#3913=EDGE_CURVE('',#3076,#3075,#1679,.T.);
#3914=EDGE_CURVE('',#3076,#3074,#1680,.T.);
#3915=EDGE_CURVE('',#3074,#3077,#1681,.T.);
#3916=EDGE_CURVE('',#3078,#3076,#1682,.T.);
#3917=EDGE_CURVE('',#3078,#3077,#1683,.T.);
#3918=EDGE_CURVE('',#3077,#3079,#1684,.T.);
#3919=EDGE_CURVE('',#3080,#3078,#1685,.T.);
#3920=EDGE_CURVE('',#3080,#3079,#1686,.T.);
#3921=EDGE_CURVE('',#3079,#3073,#1687,.T.);
#3922=EDGE_CURVE('',#3075,#3080,#1688,.T.);
#3923=EDGE_CURVE('',#3081,#3082,#1689,.T.);
#3924=EDGE_CURVE('',#3083,#3081,#1690,.T.);
#3925=EDGE_CURVE('',#3084,#3083,#1691,.T.);
#3926=EDGE_CURVE('',#3084,#3082,#1692,.T.);
#3927=EDGE_CURVE('',#3082,#3085,#1693,.T.);
#3928=EDGE_CURVE('',#3086,#3084,#1694,.T.);
#3929=EDGE_CURVE('',#3086,#3085,#1695,.T.);
#3930=EDGE_CURVE('',#3085,#3087,#1696,.T.);
#3931=EDGE_CURVE('',#3088,#3086,#1697,.T.);
#3932=EDGE_CURVE('',#3088,#3087,#1698,.T.);
#3933=EDGE_CURVE('',#3087,#3081,#1699,.T.);
#3934=EDGE_CURVE('',#3083,#3088,#1700,.T.);
#3935=EDGE_CURVE('',#3089,#3090,#1701,.T.);
#3936=EDGE_CURVE('',#3091,#3089,#1702,.T.);
#3937=EDGE_CURVE('',#3092,#3091,#1703,.T.);
#3938=EDGE_CURVE('',#3092,#3090,#1704,.T.);
#3939=EDGE_CURVE('',#3090,#3093,#1705,.T.);
#3940=EDGE_CURVE('',#3094,#3092,#1706,.T.);
#3941=EDGE_CURVE('',#3094,#3093,#1707,.T.);
#3942=EDGE_CURVE('',#3093,#3095,#1708,.T.);
#3943=EDGE_CURVE('',#3096,#3094,#1709,.T.);
#3944=EDGE_CURVE('',#3096,#3095,#1710,.T.);
#3945=EDGE_CURVE('',#3095,#3089,#1711,.T.);
#3946=EDGE_CURVE('',#3091,#3096,#1712,.T.);
#3947=EDGE_CURVE('',#3097,#3098,#1713,.T.);
#3948=EDGE_CURVE('',#3099,#3097,#1714,.T.);
#3949=EDGE_CURVE('',#3100,#3099,#1715,.T.);
#3950=EDGE_CURVE('',#3100,#3098,#1716,.T.);
#3951=EDGE_CURVE('',#3098,#3101,#1717,.T.);
#3952=EDGE_CURVE('',#3102,#3100,#1718,.T.);
#3953=EDGE_CURVE('',#3102,#3101,#1719,.T.);
#3954=EDGE_CURVE('',#3101,#3103,#1720,.T.);
#3955=EDGE_CURVE('',#3104,#3102,#1721,.T.);
#3956=EDGE_CURVE('',#3104,#3103,#1722,.T.);
#3957=EDGE_CURVE('',#3103,#3097,#1723,.T.);
#3958=EDGE_CURVE('',#3099,#3104,#1724,.T.);
#3959=EDGE_CURVE('',#3105,#3106,#1725,.T.);
#3960=EDGE_CURVE('',#3107,#3105,#1726,.T.);
#3961=EDGE_CURVE('',#3108,#3107,#1727,.T.);
#3962=EDGE_CURVE('',#3108,#3106,#1728,.T.);
#3963=EDGE_CURVE('',#3106,#3109,#1729,.T.);
#3964=EDGE_CURVE('',#3110,#3108,#1730,.T.);
#3965=EDGE_CURVE('',#3110,#3109,#1731,.T.);
#3966=EDGE_CURVE('',#3109,#3111,#1732,.T.);
#3967=EDGE_CURVE('',#3112,#3110,#1733,.T.);
#3968=EDGE_CURVE('',#3112,#3111,#1734,.T.);
#3969=EDGE_CURVE('',#3111,#3105,#1735,.T.);
#3970=EDGE_CURVE('',#3107,#3112,#1736,.T.);
#3971=EDGE_CURVE('',#3113,#3114,#1737,.T.);
#3972=EDGE_CURVE('',#3115,#3113,#1738,.T.);
#3973=EDGE_CURVE('',#3116,#3115,#1739,.T.);
#3974=EDGE_CURVE('',#3116,#3114,#1740,.T.);
#3975=EDGE_CURVE('',#3114,#3117,#1741,.T.);
#3976=EDGE_CURVE('',#3118,#3116,#1742,.T.);
#3977=EDGE_CURVE('',#3118,#3117,#1743,.T.);
#3978=EDGE_CURVE('',#3117,#3119,#1744,.T.);
#3979=EDGE_CURVE('',#3120,#3118,#1745,.T.);
#3980=EDGE_CURVE('',#3120,#3119,#1746,.T.);
#3981=EDGE_CURVE('',#3119,#3113,#1747,.T.);
#3982=EDGE_CURVE('',#3115,#3120,#1748,.T.);
#3983=EDGE_CURVE('',#3121,#3122,#1749,.T.);
#3984=EDGE_CURVE('',#3123,#3121,#1750,.T.);
#3985=EDGE_CURVE('',#3124,#3123,#1751,.T.);
#3986=EDGE_CURVE('',#3124,#3122,#1752,.T.);
#3987=EDGE_CURVE('',#3122,#3125,#1753,.T.);
#3988=EDGE_CURVE('',#3126,#3124,#1754,.T.);
#3989=EDGE_CURVE('',#3126,#3125,#1755,.T.);
#3990=EDGE_CURVE('',#3125,#3127,#1756,.T.);
#3991=EDGE_CURVE('',#3128,#3126,#1757,.T.);
#3992=EDGE_CURVE('',#3128,#3127,#1758,.T.);
#3993=EDGE_CURVE('',#3127,#3121,#1759,.T.);
#3994=EDGE_CURVE('',#3123,#3128,#1760,.T.);
#3995=EDGE_CURVE('',#3129,#3130,#1761,.T.);
#3996=EDGE_CURVE('',#3131,#3129,#1762,.T.);
#3997=EDGE_CURVE('',#3132,#3131,#1763,.T.);
#3998=EDGE_CURVE('',#3132,#3130,#1764,.T.);
#3999=EDGE_CURVE('',#3130,#3133,#1765,.T.);
#4000=EDGE_CURVE('',#3134,#3132,#1766,.T.);
#4001=EDGE_CURVE('',#3134,#3133,#1767,.T.);
#4002=EDGE_CURVE('',#3133,#3135,#1768,.T.);
#4003=EDGE_CURVE('',#3136,#3134,#1769,.T.);
#4004=EDGE_CURVE('',#3136,#3135,#1770,.T.);
#4005=EDGE_CURVE('',#3135,#3129,#1771,.T.);
#4006=EDGE_CURVE('',#3131,#3136,#1772,.T.);
#4007=EDGE_CURVE('',#3137,#3138,#1773,.T.);
#4008=EDGE_CURVE('',#3139,#3137,#1774,.T.);
#4009=EDGE_CURVE('',#3140,#3139,#1775,.T.);
#4010=EDGE_CURVE('',#3140,#3138,#1776,.T.);
#4011=EDGE_CURVE('',#3138,#3141,#1777,.T.);
#4012=EDGE_CURVE('',#3142,#3140,#1778,.T.);
#4013=EDGE_CURVE('',#3142,#3141,#1779,.T.);
#4014=EDGE_CURVE('',#3141,#3143,#1780,.T.);
#4015=EDGE_CURVE('',#3144,#3142,#1781,.T.);
#4016=EDGE_CURVE('',#3144,#3143,#1782,.T.);
#4017=EDGE_CURVE('',#3143,#3137,#1783,.T.);
#4018=EDGE_CURVE('',#3139,#3144,#1784,.T.);
#4019=EDGE_CURVE('',#3145,#3146,#1785,.T.);
#4020=EDGE_CURVE('',#3147,#3145,#1786,.T.);
#4021=EDGE_CURVE('',#3148,#3147,#1787,.T.);
#4022=EDGE_CURVE('',#3148,#3146,#1788,.T.);
#4023=EDGE_CURVE('',#3146,#3149,#1789,.T.);
#4024=EDGE_CURVE('',#3150,#3148,#1790,.T.);
#4025=EDGE_CURVE('',#3150,#3149,#1791,.T.);
#4026=EDGE_CURVE('',#3149,#3151,#1792,.T.);
#4027=EDGE_CURVE('',#3152,#3150,#1793,.T.);
#4028=EDGE_CURVE('',#3152,#3151,#1794,.T.);
#4029=EDGE_CURVE('',#3151,#3145,#1795,.T.);
#4030=EDGE_CURVE('',#3147,#3152,#1796,.T.);
#4031=EDGE_CURVE('',#3153,#3154,#1797,.T.);
#4032=EDGE_CURVE('',#3155,#3153,#1798,.T.);
#4033=EDGE_CURVE('',#3156,#3155,#1799,.T.);
#4034=EDGE_CURVE('',#3156,#3154,#1800,.T.);
#4035=EDGE_CURVE('',#3154,#3157,#1801,.T.);
#4036=EDGE_CURVE('',#3158,#3156,#1802,.T.);
#4037=EDGE_CURVE('',#3158,#3157,#1803,.T.);
#4038=EDGE_CURVE('',#3157,#3159,#1804,.T.);
#4039=EDGE_CURVE('',#3160,#3158,#1805,.T.);
#4040=EDGE_CURVE('',#3160,#3159,#1806,.T.);
#4041=EDGE_CURVE('',#3159,#3153,#1807,.T.);
#4042=EDGE_CURVE('',#3155,#3160,#1808,.T.);
#4043=EDGE_CURVE('',#3161,#3162,#1809,.T.);
#4044=EDGE_CURVE('',#3163,#3161,#1810,.T.);
#4045=EDGE_CURVE('',#3164,#3163,#1811,.T.);
#4046=EDGE_CURVE('',#3164,#3162,#1812,.T.);
#4047=EDGE_CURVE('',#3162,#3165,#1813,.T.);
#4048=EDGE_CURVE('',#3166,#3164,#1814,.T.);
#4049=EDGE_CURVE('',#3166,#3165,#1815,.T.);
#4050=EDGE_CURVE('',#3165,#3167,#1816,.T.);
#4051=EDGE_CURVE('',#3168,#3166,#1817,.T.);
#4052=EDGE_CURVE('',#3168,#3167,#1818,.T.);
#4053=EDGE_CURVE('',#3167,#3161,#1819,.T.);
#4054=EDGE_CURVE('',#3163,#3168,#1820,.T.);
#4055=EDGE_CURVE('',#3169,#3170,#1821,.T.);
#4056=EDGE_CURVE('',#3171,#3169,#1822,.T.);
#4057=EDGE_CURVE('',#3172,#3171,#1823,.T.);
#4058=EDGE_CURVE('',#3172,#3170,#1824,.T.);
#4059=EDGE_CURVE('',#3170,#3173,#1825,.T.);
#4060=EDGE_CURVE('',#3174,#3172,#1826,.T.);
#4061=EDGE_CURVE('',#3174,#3173,#1827,.T.);
#4062=EDGE_CURVE('',#3173,#3175,#1828,.T.);
#4063=EDGE_CURVE('',#3176,#3174,#1829,.T.);
#4064=EDGE_CURVE('',#3176,#3175,#1830,.T.);
#4065=EDGE_CURVE('',#3175,#3169,#1831,.T.);
#4066=EDGE_CURVE('',#3171,#3176,#1832,.T.);
#4067=EDGE_CURVE('',#3177,#3178,#1833,.T.);
#4068=EDGE_CURVE('',#3179,#3177,#1834,.T.);
#4069=EDGE_CURVE('',#3180,#3179,#1835,.T.);
#4070=EDGE_CURVE('',#3180,#3178,#1836,.T.);
#4071=EDGE_CURVE('',#3178,#3181,#1837,.T.);
#4072=EDGE_CURVE('',#3182,#3180,#1838,.T.);
#4073=EDGE_CURVE('',#3182,#3181,#1839,.T.);
#4074=EDGE_CURVE('',#3181,#3183,#1840,.T.);
#4075=EDGE_CURVE('',#3184,#3182,#1841,.T.);
#4076=EDGE_CURVE('',#3184,#3183,#1842,.T.);
#4077=EDGE_CURVE('',#3183,#3177,#1843,.T.);
#4078=EDGE_CURVE('',#3179,#3184,#1844,.T.);
#4079=EDGE_CURVE('',#3185,#3186,#1845,.T.);
#4080=EDGE_CURVE('',#3187,#3185,#1846,.T.);
#4081=EDGE_CURVE('',#3188,#3187,#1847,.T.);
#4082=EDGE_CURVE('',#3188,#3186,#1848,.T.);
#4083=EDGE_CURVE('',#3186,#3189,#1849,.T.);
#4084=EDGE_CURVE('',#3190,#3188,#1850,.T.);
#4085=EDGE_CURVE('',#3190,#3189,#1851,.T.);
#4086=EDGE_CURVE('',#3189,#3191,#1852,.T.);
#4087=EDGE_CURVE('',#3192,#3190,#1853,.T.);
#4088=EDGE_CURVE('',#3192,#3191,#1854,.T.);
#4089=EDGE_CURVE('',#3191,#3185,#1855,.T.);
#4090=EDGE_CURVE('',#3187,#3192,#1856,.T.);
#4091=EDGE_CURVE('',#3193,#3194,#1857,.T.);
#4092=EDGE_CURVE('',#3195,#3193,#1858,.T.);
#4093=EDGE_CURVE('',#3196,#3195,#1859,.T.);
#4094=EDGE_CURVE('',#3196,#3194,#1860,.T.);
#4095=EDGE_CURVE('',#3194,#3197,#1861,.T.);
#4096=EDGE_CURVE('',#3198,#3196,#1862,.T.);
#4097=EDGE_CURVE('',#3198,#3197,#1863,.T.);
#4098=EDGE_CURVE('',#3197,#3199,#1864,.T.);
#4099=EDGE_CURVE('',#3200,#3198,#1865,.T.);
#4100=EDGE_CURVE('',#3200,#3199,#1866,.T.);
#4101=EDGE_CURVE('',#3199,#3193,#1867,.T.);
#4102=EDGE_CURVE('',#3195,#3200,#1868,.T.);
#4103=EDGE_CURVE('',#3201,#3202,#1869,.T.);
#4104=EDGE_CURVE('',#3203,#3201,#1870,.T.);
#4105=EDGE_CURVE('',#3204,#3203,#1871,.T.);
#4106=EDGE_CURVE('',#3204,#3202,#1872,.T.);
#4107=EDGE_CURVE('',#3202,#3205,#1873,.T.);
#4108=EDGE_CURVE('',#3206,#3204,#1874,.T.);
#4109=EDGE_CURVE('',#3206,#3205,#1875,.T.);
#4110=EDGE_CURVE('',#3205,#3207,#1876,.T.);
#4111=EDGE_CURVE('',#3208,#3206,#1877,.T.);
#4112=EDGE_CURVE('',#3208,#3207,#1878,.T.);
#4113=EDGE_CURVE('',#3207,#3201,#1879,.T.);
#4114=EDGE_CURVE('',#3203,#3208,#1880,.T.);
#4115=EDGE_CURVE('',#3209,#3210,#1881,.T.);
#4116=EDGE_CURVE('',#3211,#3209,#1882,.T.);
#4117=EDGE_CURVE('',#3212,#3211,#1883,.T.);
#4118=EDGE_CURVE('',#3212,#3210,#1884,.T.);
#4119=EDGE_CURVE('',#3210,#3213,#1885,.T.);
#4120=EDGE_CURVE('',#3214,#3212,#1886,.T.);
#4121=EDGE_CURVE('',#3214,#3213,#1887,.T.);
#4122=EDGE_CURVE('',#3213,#3215,#1888,.T.);
#4123=EDGE_CURVE('',#3216,#3214,#1889,.T.);
#4124=EDGE_CURVE('',#3216,#3215,#1890,.T.);
#4125=EDGE_CURVE('',#3215,#3209,#1891,.T.);
#4126=EDGE_CURVE('',#3211,#3216,#1892,.T.);
#4127=EDGE_CURVE('',#3217,#3218,#1893,.T.);
#4128=EDGE_CURVE('',#3219,#3217,#1894,.T.);
#4129=EDGE_CURVE('',#3220,#3219,#1895,.T.);
#4130=EDGE_CURVE('',#3220,#3218,#1896,.T.);
#4131=EDGE_CURVE('',#3218,#3221,#1897,.T.);
#4132=EDGE_CURVE('',#3222,#3220,#1898,.T.);
#4133=EDGE_CURVE('',#3222,#3221,#1899,.T.);
#4134=EDGE_CURVE('',#3221,#3223,#1900,.T.);
#4135=EDGE_CURVE('',#3224,#3222,#1901,.T.);
#4136=EDGE_CURVE('',#3224,#3223,#1902,.T.);
#4137=EDGE_CURVE('',#3223,#3217,#1903,.T.);
#4138=EDGE_CURVE('',#3219,#3224,#1904,.T.);
#4139=EDGE_CURVE('',#3225,#3226,#1905,.T.);
#4140=EDGE_CURVE('',#3227,#3225,#1906,.T.);
#4141=EDGE_CURVE('',#3228,#3227,#1907,.T.);
#4142=EDGE_CURVE('',#3228,#3226,#1908,.T.);
#4143=EDGE_CURVE('',#3226,#3229,#1909,.T.);
#4144=EDGE_CURVE('',#3230,#3228,#1910,.T.);
#4145=EDGE_CURVE('',#3230,#3229,#1911,.T.);
#4146=EDGE_CURVE('',#3229,#3231,#1912,.T.);
#4147=EDGE_CURVE('',#3232,#3230,#1913,.T.);
#4148=EDGE_CURVE('',#3232,#3231,#1914,.T.);
#4149=EDGE_CURVE('',#3231,#3225,#1915,.T.);
#4150=EDGE_CURVE('',#3227,#3232,#1916,.T.);
#4151=EDGE_CURVE('',#3233,#3234,#1917,.T.);
#4152=EDGE_CURVE('',#3235,#3233,#1918,.T.);
#4153=EDGE_CURVE('',#3236,#3235,#1919,.T.);
#4154=EDGE_CURVE('',#3236,#3234,#1920,.T.);
#4155=EDGE_CURVE('',#3234,#3237,#1921,.T.);
#4156=EDGE_CURVE('',#3238,#3236,#1922,.T.);
#4157=EDGE_CURVE('',#3238,#3237,#1923,.T.);
#4158=EDGE_CURVE('',#3237,#3239,#1924,.T.);
#4159=EDGE_CURVE('',#3240,#3238,#1925,.T.);
#4160=EDGE_CURVE('',#3240,#3239,#1926,.T.);
#4161=EDGE_CURVE('',#3239,#3233,#1927,.T.);
#4162=EDGE_CURVE('',#3235,#3240,#1928,.T.);
#4163=EDGE_CURVE('',#3241,#3242,#1929,.T.);
#4164=EDGE_CURVE('',#3243,#3241,#1930,.T.);
#4165=EDGE_CURVE('',#3244,#3243,#1931,.T.);
#4166=EDGE_CURVE('',#3244,#3242,#1932,.T.);
#4167=EDGE_CURVE('',#3242,#3245,#1933,.T.);
#4168=EDGE_CURVE('',#3246,#3244,#1934,.T.);
#4169=EDGE_CURVE('',#3246,#3245,#1935,.T.);
#4170=EDGE_CURVE('',#3245,#3247,#1936,.T.);
#4171=EDGE_CURVE('',#3248,#3246,#1937,.T.);
#4172=EDGE_CURVE('',#3248,#3247,#1938,.T.);
#4173=EDGE_CURVE('',#3247,#3241,#1939,.T.);
#4174=EDGE_CURVE('',#3243,#3248,#1940,.T.);
#4175=EDGE_CURVE('',#3249,#3250,#1941,.T.);
#4176=EDGE_CURVE('',#3251,#3249,#1942,.T.);
#4177=EDGE_CURVE('',#3252,#3251,#1943,.T.);
#4178=EDGE_CURVE('',#3252,#3250,#1944,.T.);
#4179=EDGE_CURVE('',#3250,#3253,#1945,.T.);
#4180=EDGE_CURVE('',#3254,#3252,#1946,.T.);
#4181=EDGE_CURVE('',#3254,#3253,#1947,.T.);
#4182=EDGE_CURVE('',#3253,#3255,#1948,.T.);
#4183=EDGE_CURVE('',#3256,#3254,#1949,.T.);
#4184=EDGE_CURVE('',#3256,#3255,#1950,.T.);
#4185=EDGE_CURVE('',#3255,#3249,#1951,.T.);
#4186=EDGE_CURVE('',#3251,#3256,#1952,.T.);
#4187=EDGE_CURVE('',#3257,#3257,#23,.T.);
#4188=EDGE_CURVE('',#3257,#3258,#1953,.T.);
#4189=EDGE_CURVE('',#3258,#3258,#24,.T.);
#4190=EDGE_CURVE('',#3259,#3259,#25,.T.);
#4191=EDGE_CURVE('',#3259,#3260,#1954,.T.);
#4192=EDGE_CURVE('',#3260,#3260,#26,.T.);
#4193=EDGE_CURVE('',#3261,#3261,#27,.T.);
#4194=EDGE_CURVE('',#3261,#3262,#1955,.T.);
#4195=EDGE_CURVE('',#3262,#3262,#28,.T.);
#4196=EDGE_CURVE('',#3263,#3263,#29,.T.);
#4197=EDGE_CURVE('',#3263,#3264,#1956,.T.);
#4198=EDGE_CURVE('',#3264,#3264,#30,.T.);
#4199=EDGE_CURVE('',#3265,#3265,#31,.T.);
#4200=EDGE_CURVE('',#3265,#3266,#1957,.T.);
#4201=EDGE_CURVE('',#3266,#3266,#32,.T.);
#4202=EDGE_CURVE('',#3267,#3267,#33,.T.);
#4203=EDGE_CURVE('',#3267,#3268,#1958,.T.);
#4204=EDGE_CURVE('',#3268,#3268,#34,.T.);
#4205=EDGE_CURVE('',#3269,#3269,#35,.T.);
#4206=EDGE_CURVE('',#3269,#3270,#1959,.T.);
#4207=EDGE_CURVE('',#3270,#3270,#36,.T.);
#4208=EDGE_CURVE('',#3271,#3271,#37,.T.);
#4209=EDGE_CURVE('',#3271,#3272,#1960,.T.);
#4210=EDGE_CURVE('',#3272,#3272,#38,.T.);
#4211=EDGE_CURVE('',#3273,#3273,#39,.T.);
#4212=EDGE_CURVE('',#3273,#3274,#1961,.T.);
#4213=EDGE_CURVE('',#3274,#3274,#40,.T.);
#4214=EDGE_CURVE('',#3275,#3275,#41,.T.);
#4215=EDGE_CURVE('',#3275,#3276,#1962,.T.);
#4216=EDGE_CURVE('',#3276,#3276,#42,.T.);
#4217=EDGE_CURVE('',#3277,#3277,#43,.T.);
#4218=EDGE_CURVE('',#3277,#3278,#1963,.T.);
#4219=EDGE_CURVE('',#3278,#3278,#44,.T.);
#4220=EDGE_CURVE('',#3279,#3279,#45,.T.);
#4221=EDGE_CURVE('',#3279,#3280,#1964,.T.);
#4222=EDGE_CURVE('',#3280,#3280,#46,.T.);
#4223=EDGE_CURVE('',#3281,#3282,#1965,.T.);
#4224=EDGE_CURVE('',#3283,#3281,#1966,.T.);
#4225=EDGE_CURVE('',#3284,#3283,#1967,.T.);
#4226=EDGE_CURVE('',#3284,#3282,#1968,.T.);
#4227=EDGE_CURVE('',#3282,#3285,#1969,.T.);
#4228=EDGE_CURVE('',#3286,#3284,#1970,.T.);
#4229=EDGE_CURVE('',#3286,#3285,#1971,.T.);
#4230=EDGE_CURVE('',#3285,#3287,#1972,.T.);
#4231=EDGE_CURVE('',#3288,#3286,#1973,.T.);
#4232=EDGE_CURVE('',#3288,#3287,#1974,.T.);
#4233=EDGE_CURVE('',#3287,#3281,#1975,.T.);
#4234=EDGE_CURVE('',#3283,#3288,#1976,.T.);
#4235=EDGE_CURVE('',#3289,#3289,#47,.T.);
#4236=EDGE_CURVE('',#3289,#3290,#1977,.T.);
#4237=EDGE_CURVE('',#3290,#3290,#48,.T.);
#4238=EDGE_CURVE('',#3291,#3292,#1978,.T.);
#4239=EDGE_CURVE('',#3292,#3293,#1979,.T.);
#4240=EDGE_CURVE('',#3293,#3294,#1980,.T.);
#4241=EDGE_CURVE('',#3294,#3291,#1981,.T.);
#4242=EDGE_CURVE('',#3295,#3296,#1982,.T.);
#4243=EDGE_CURVE('',#3296,#3297,#1983,.T.);
#4244=EDGE_CURVE('',#3297,#3298,#1984,.T.);
#4245=EDGE_CURVE('',#3298,#3295,#1985,.T.);
#4246=EDGE_CURVE('',#3294,#3297,#1986,.T.);
#4247=EDGE_CURVE('',#3291,#3296,#1987,.T.);
#4248=EDGE_CURVE('',#3293,#3298,#1988,.T.);
#4249=EDGE_CURVE('',#3292,#3295,#1989,.T.);
#4250=ORIENTED_EDGE('',*,*,#3299,.F.);
#4251=ORIENTED_EDGE('',*,*,#3300,.T.);
#4252=ORIENTED_EDGE('',*,*,#3301,.F.);
#4253=ORIENTED_EDGE('',*,*,#3302,.F.);
#4254=ORIENTED_EDGE('',*,*,#3303,.F.);
#4255=ORIENTED_EDGE('',*,*,#3302,.T.);
#4256=ORIENTED_EDGE('',*,*,#3304,.F.);
#4257=ORIENTED_EDGE('',*,*,#3305,.F.);
#4258=ORIENTED_EDGE('',*,*,#3306,.F.);
#4259=ORIENTED_EDGE('',*,*,#3305,.T.);
#4260=ORIENTED_EDGE('',*,*,#3307,.F.);
#4261=ORIENTED_EDGE('',*,*,#3308,.F.);
#4262=ORIENTED_EDGE('',*,*,#3309,.F.);
#4263=ORIENTED_EDGE('',*,*,#3308,.T.);
#4264=ORIENTED_EDGE('',*,*,#3310,.F.);
#4265=ORIENTED_EDGE('',*,*,#3311,.F.);
#4266=ORIENTED_EDGE('',*,*,#3312,.F.);
#4267=ORIENTED_EDGE('',*,*,#3311,.T.);
#4268=ORIENTED_EDGE('',*,*,#3313,.F.);
#4269=ORIENTED_EDGE('',*,*,#3314,.F.);
#4270=ORIENTED_EDGE('',*,*,#3315,.F.);
#4271=ORIENTED_EDGE('',*,*,#3314,.T.);
#4272=ORIENTED_EDGE('',*,*,#3316,.F.);
#4273=ORIENTED_EDGE('',*,*,#3317,.F.);
#4274=ORIENTED_EDGE('',*,*,#3318,.F.);
#4275=ORIENTED_EDGE('',*,*,#3317,.T.);
#4276=ORIENTED_EDGE('',*,*,#3319,.F.);
#4277=ORIENTED_EDGE('',*,*,#3320,.F.);
#4278=ORIENTED_EDGE('',*,*,#3321,.F.);
#4279=ORIENTED_EDGE('',*,*,#3320,.T.);
#4280=ORIENTED_EDGE('',*,*,#3322,.F.);
#4281=ORIENTED_EDGE('',*,*,#3300,.F.);
#4282=ORIENTED_EDGE('',*,*,#3323,.F.);
#4283=ORIENTED_EDGE('',*,*,#3324,.T.);
#4284=ORIENTED_EDGE('',*,*,#3325,.F.);
#4285=ORIENTED_EDGE('',*,*,#3326,.F.);
#4286=ORIENTED_EDGE('',*,*,#3327,.F.);
#4287=ORIENTED_EDGE('',*,*,#3326,.T.);
#4288=ORIENTED_EDGE('',*,*,#3328,.F.);
#4289=ORIENTED_EDGE('',*,*,#3329,.F.);
#4290=ORIENTED_EDGE('',*,*,#3330,.F.);
#4291=ORIENTED_EDGE('',*,*,#3329,.T.);
#4292=ORIENTED_EDGE('',*,*,#3331,.F.);
#4293=ORIENTED_EDGE('',*,*,#3332,.F.);
#4294=ORIENTED_EDGE('',*,*,#3333,.F.);
#4295=ORIENTED_EDGE('',*,*,#3332,.T.);
#4296=ORIENTED_EDGE('',*,*,#3334,.F.);
#4297=ORIENTED_EDGE('',*,*,#3335,.F.);
#4298=ORIENTED_EDGE('',*,*,#3336,.F.);
#4299=ORIENTED_EDGE('',*,*,#3335,.T.);
#4300=ORIENTED_EDGE('',*,*,#3337,.F.);
#4301=ORIENTED_EDGE('',*,*,#3338,.F.);
#4302=ORIENTED_EDGE('',*,*,#3339,.F.);
#4303=ORIENTED_EDGE('',*,*,#3338,.T.);
#4304=ORIENTED_EDGE('',*,*,#3340,.F.);
#4305=ORIENTED_EDGE('',*,*,#3341,.F.);
#4306=ORIENTED_EDGE('',*,*,#3342,.F.);
#4307=ORIENTED_EDGE('',*,*,#3341,.T.);
#4308=ORIENTED_EDGE('',*,*,#3343,.F.);
#4309=ORIENTED_EDGE('',*,*,#3344,.F.);
#4310=ORIENTED_EDGE('',*,*,#3345,.F.);
#4311=ORIENTED_EDGE('',*,*,#3344,.T.);
#4312=ORIENTED_EDGE('',*,*,#3346,.F.);
#4313=ORIENTED_EDGE('',*,*,#3347,.F.);
#4314=ORIENTED_EDGE('',*,*,#3348,.F.);
#4315=ORIENTED_EDGE('',*,*,#3347,.T.);
#4316=ORIENTED_EDGE('',*,*,#3349,.F.);
#4317=ORIENTED_EDGE('',*,*,#3350,.F.);
#4318=ORIENTED_EDGE('',*,*,#3351,.F.);
#4319=ORIENTED_EDGE('',*,*,#3350,.T.);
#4320=ORIENTED_EDGE('',*,*,#3352,.F.);
#4321=ORIENTED_EDGE('',*,*,#3353,.F.);
#4322=ORIENTED_EDGE('',*,*,#3354,.F.);
#4323=ORIENTED_EDGE('',*,*,#3353,.T.);
#4324=ORIENTED_EDGE('',*,*,#3355,.F.);
#4325=ORIENTED_EDGE('',*,*,#3356,.F.);
#4326=ORIENTED_EDGE('',*,*,#3357,.F.);
#4327=ORIENTED_EDGE('',*,*,#3356,.T.);
#4328=ORIENTED_EDGE('',*,*,#3358,.F.);
#4329=ORIENTED_EDGE('',*,*,#3359,.F.);
#4330=ORIENTED_EDGE('',*,*,#3360,.F.);
#4331=ORIENTED_EDGE('',*,*,#3359,.T.);
#4332=ORIENTED_EDGE('',*,*,#3361,.F.);
#4333=ORIENTED_EDGE('',*,*,#3362,.F.);
#4334=ORIENTED_EDGE('',*,*,#3363,.F.);
#4335=ORIENTED_EDGE('',*,*,#3362,.T.);
#4336=ORIENTED_EDGE('',*,*,#3364,.F.);
#4337=ORIENTED_EDGE('',*,*,#3365,.F.);
#4338=ORIENTED_EDGE('',*,*,#3366,.F.);
#4339=ORIENTED_EDGE('',*,*,#3365,.T.);
#4340=ORIENTED_EDGE('',*,*,#3367,.F.);
#4341=ORIENTED_EDGE('',*,*,#3368,.F.);
#4342=ORIENTED_EDGE('',*,*,#3369,.F.);
#4343=ORIENTED_EDGE('',*,*,#3368,.T.);
#4344=ORIENTED_EDGE('',*,*,#3370,.F.);
#4345=ORIENTED_EDGE('',*,*,#3324,.F.);
#4346=ORIENTED_EDGE('',*,*,#3370,.T.);
#4347=ORIENTED_EDGE('',*,*,#3367,.T.);
#4348=ORIENTED_EDGE('',*,*,#3364,.T.);
#4349=ORIENTED_EDGE('',*,*,#3361,.T.);
#4350=ORIENTED_EDGE('',*,*,#3358,.T.);
#4351=ORIENTED_EDGE('',*,*,#3355,.T.);
#4352=ORIENTED_EDGE('',*,*,#3352,.T.);
#4353=ORIENTED_EDGE('',*,*,#3349,.T.);
#4354=ORIENTED_EDGE('',*,*,#3346,.T.);
#4355=ORIENTED_EDGE('',*,*,#3343,.T.);
#4356=ORIENTED_EDGE('',*,*,#3340,.T.);
#4357=ORIENTED_EDGE('',*,*,#3337,.T.);
#4358=ORIENTED_EDGE('',*,*,#3334,.T.);
#4359=ORIENTED_EDGE('',*,*,#3331,.T.);
#4360=ORIENTED_EDGE('',*,*,#3328,.T.);
#4361=ORIENTED_EDGE('',*,*,#3325,.T.);
#4362=ORIENTED_EDGE('',*,*,#3322,.T.);
#4363=ORIENTED_EDGE('',*,*,#3319,.T.);
#4364=ORIENTED_EDGE('',*,*,#3316,.T.);
#4365=ORIENTED_EDGE('',*,*,#3313,.T.);
#4366=ORIENTED_EDGE('',*,*,#3310,.T.);
#4367=ORIENTED_EDGE('',*,*,#3307,.T.);
#4368=ORIENTED_EDGE('',*,*,#3304,.T.);
#4369=ORIENTED_EDGE('',*,*,#3301,.T.);
#4370=ORIENTED_EDGE('',*,*,#3299,.T.);
#4371=ORIENTED_EDGE('',*,*,#3303,.T.);
#4372=ORIENTED_EDGE('',*,*,#3306,.T.);
#4373=ORIENTED_EDGE('',*,*,#3309,.T.);
#4374=ORIENTED_EDGE('',*,*,#3312,.T.);
#4375=ORIENTED_EDGE('',*,*,#3315,.T.);
#4376=ORIENTED_EDGE('',*,*,#3318,.T.);
#4377=ORIENTED_EDGE('',*,*,#3321,.T.);
#4378=ORIENTED_EDGE('',*,*,#3371,.F.);
#4379=ORIENTED_EDGE('',*,*,#3372,.T.);
#4380=ORIENTED_EDGE('',*,*,#3373,.F.);
#4381=ORIENTED_EDGE('',*,*,#3374,.F.);
#4382=ORIENTED_EDGE('',*,*,#3375,.F.);
#4383=ORIENTED_EDGE('',*,*,#3374,.T.);
#4384=ORIENTED_EDGE('',*,*,#3376,.F.);
#4385=ORIENTED_EDGE('',*,*,#3377,.F.);
#4386=ORIENTED_EDGE('',*,*,#3378,.F.);
#4387=ORIENTED_EDGE('',*,*,#3377,.T.);
#4388=ORIENTED_EDGE('',*,*,#3379,.F.);
#4389=ORIENTED_EDGE('',*,*,#3380,.F.);
#4390=ORIENTED_EDGE('',*,*,#3381,.F.);
#4391=ORIENTED_EDGE('',*,*,#3380,.T.);
#4392=ORIENTED_EDGE('',*,*,#3382,.F.);
#4393=ORIENTED_EDGE('',*,*,#3383,.F.);
#4394=ORIENTED_EDGE('',*,*,#3384,.F.);
#4395=ORIENTED_EDGE('',*,*,#3383,.T.);
#4396=ORIENTED_EDGE('',*,*,#3385,.F.);
#4397=ORIENTED_EDGE('',*,*,#3386,.F.);
#4398=ORIENTED_EDGE('',*,*,#3387,.F.);
#4399=ORIENTED_EDGE('',*,*,#3386,.T.);
#4400=ORIENTED_EDGE('',*,*,#3388,.F.);
#4401=ORIENTED_EDGE('',*,*,#3389,.F.);
#4402=ORIENTED_EDGE('',*,*,#3390,.F.);
#4403=ORIENTED_EDGE('',*,*,#3389,.T.);
#4404=ORIENTED_EDGE('',*,*,#3391,.F.);
#4405=ORIENTED_EDGE('',*,*,#3392,.F.);
#4406=ORIENTED_EDGE('',*,*,#3393,.F.);
#4407=ORIENTED_EDGE('',*,*,#3392,.T.);
#4408=ORIENTED_EDGE('',*,*,#3394,.F.);
#4409=ORIENTED_EDGE('',*,*,#3395,.F.);
#4410=ORIENTED_EDGE('',*,*,#3396,.F.);
#4411=ORIENTED_EDGE('',*,*,#3395,.T.);
#4412=ORIENTED_EDGE('',*,*,#3397,.F.);
#4413=ORIENTED_EDGE('',*,*,#3398,.F.);
#4414=ORIENTED_EDGE('',*,*,#3399,.F.);
#4415=ORIENTED_EDGE('',*,*,#3398,.T.);
#4416=ORIENTED_EDGE('',*,*,#3400,.F.);
#4417=ORIENTED_EDGE('',*,*,#3401,.F.);
#4418=ORIENTED_EDGE('',*,*,#3402,.F.);
#4419=ORIENTED_EDGE('',*,*,#3401,.T.);
#4420=ORIENTED_EDGE('',*,*,#3403,.F.);
#4421=ORIENTED_EDGE('',*,*,#3404,.F.);
#4422=ORIENTED_EDGE('',*,*,#3405,.F.);
#4423=ORIENTED_EDGE('',*,*,#3404,.T.);
#4424=ORIENTED_EDGE('',*,*,#3406,.F.);
#4425=ORIENTED_EDGE('',*,*,#3407,.F.);
#4426=ORIENTED_EDGE('',*,*,#3408,.F.);
#4427=ORIENTED_EDGE('',*,*,#3407,.T.);
#4428=ORIENTED_EDGE('',*,*,#3409,.F.);
#4429=ORIENTED_EDGE('',*,*,#3410,.F.);
#4430=ORIENTED_EDGE('',*,*,#3411,.F.);
#4431=ORIENTED_EDGE('',*,*,#3410,.T.);
#4432=ORIENTED_EDGE('',*,*,#3412,.F.);
#4433=ORIENTED_EDGE('',*,*,#3413,.F.);
#4434=ORIENTED_EDGE('',*,*,#3414,.F.);
#4435=ORIENTED_EDGE('',*,*,#3413,.T.);
#4436=ORIENTED_EDGE('',*,*,#3415,.F.);
#4437=ORIENTED_EDGE('',*,*,#3416,.F.);
#4438=ORIENTED_EDGE('',*,*,#3417,.F.);
#4439=ORIENTED_EDGE('',*,*,#3416,.T.);
#4440=ORIENTED_EDGE('',*,*,#3418,.F.);
#4441=ORIENTED_EDGE('',*,*,#3419,.F.);
#4442=ORIENTED_EDGE('',*,*,#3420,.F.);
#4443=ORIENTED_EDGE('',*,*,#3419,.T.);
#4444=ORIENTED_EDGE('',*,*,#3421,.F.);
#4445=ORIENTED_EDGE('',*,*,#3422,.F.);
#4446=ORIENTED_EDGE('',*,*,#3423,.F.);
#4447=ORIENTED_EDGE('',*,*,#3422,.T.);
#4448=ORIENTED_EDGE('',*,*,#3424,.F.);
#4449=ORIENTED_EDGE('',*,*,#3425,.F.);
#4450=ORIENTED_EDGE('',*,*,#3426,.F.);
#4451=ORIENTED_EDGE('',*,*,#3425,.T.);
#4452=ORIENTED_EDGE('',*,*,#3427,.F.);
#4453=ORIENTED_EDGE('',*,*,#3428,.F.);
#4454=ORIENTED_EDGE('',*,*,#3429,.F.);
#4455=ORIENTED_EDGE('',*,*,#3428,.T.);
#4456=ORIENTED_EDGE('',*,*,#3430,.F.);
#4457=ORIENTED_EDGE('',*,*,#3372,.F.);
#4458=ORIENTED_EDGE('',*,*,#3430,.T.);
#4459=ORIENTED_EDGE('',*,*,#3427,.T.);
#4460=ORIENTED_EDGE('',*,*,#3424,.T.);
#4461=ORIENTED_EDGE('',*,*,#3421,.T.);
#4462=ORIENTED_EDGE('',*,*,#3418,.T.);
#4463=ORIENTED_EDGE('',*,*,#3415,.T.);
#4464=ORIENTED_EDGE('',*,*,#3412,.T.);
#4465=ORIENTED_EDGE('',*,*,#3409,.T.);
#4466=ORIENTED_EDGE('',*,*,#3406,.T.);
#4467=ORIENTED_EDGE('',*,*,#3403,.T.);
#4468=ORIENTED_EDGE('',*,*,#3400,.T.);
#4469=ORIENTED_EDGE('',*,*,#3397,.T.);
#4470=ORIENTED_EDGE('',*,*,#3394,.T.);
#4471=ORIENTED_EDGE('',*,*,#3391,.T.);
#4472=ORIENTED_EDGE('',*,*,#3388,.T.);
#4473=ORIENTED_EDGE('',*,*,#3385,.T.);
#4474=ORIENTED_EDGE('',*,*,#3382,.T.);
#4475=ORIENTED_EDGE('',*,*,#3379,.T.);
#4476=ORIENTED_EDGE('',*,*,#3376,.T.);
#4477=ORIENTED_EDGE('',*,*,#3373,.T.);
#4478=ORIENTED_EDGE('',*,*,#3431,.F.);
#4479=ORIENTED_EDGE('',*,*,#3432,.T.);
#4480=ORIENTED_EDGE('',*,*,#3433,.F.);
#4481=ORIENTED_EDGE('',*,*,#3434,.F.);
#4482=ORIENTED_EDGE('',*,*,#3435,.F.);
#4483=ORIENTED_EDGE('',*,*,#3434,.T.);
#4484=ORIENTED_EDGE('',*,*,#3436,.F.);
#4485=ORIENTED_EDGE('',*,*,#3437,.F.);
#4486=ORIENTED_EDGE('',*,*,#3438,.F.);
#4487=ORIENTED_EDGE('',*,*,#3437,.T.);
#4488=ORIENTED_EDGE('',*,*,#3439,.F.);
#4489=ORIENTED_EDGE('',*,*,#3440,.F.);
#4490=ORIENTED_EDGE('',*,*,#3441,.F.);
#4491=ORIENTED_EDGE('',*,*,#3440,.T.);
#4492=ORIENTED_EDGE('',*,*,#3442,.F.);
#4493=ORIENTED_EDGE('',*,*,#3443,.F.);
#4494=ORIENTED_EDGE('',*,*,#3444,.F.);
#4495=ORIENTED_EDGE('',*,*,#3443,.T.);
#4496=ORIENTED_EDGE('',*,*,#3445,.F.);
#4497=ORIENTED_EDGE('',*,*,#3446,.F.);
#4498=ORIENTED_EDGE('',*,*,#3447,.F.);
#4499=ORIENTED_EDGE('',*,*,#3446,.T.);
#4500=ORIENTED_EDGE('',*,*,#3448,.F.);
#4501=ORIENTED_EDGE('',*,*,#3449,.F.);
#4502=ORIENTED_EDGE('',*,*,#3450,.F.);
#4503=ORIENTED_EDGE('',*,*,#3449,.T.);
#4504=ORIENTED_EDGE('',*,*,#3451,.F.);
#4505=ORIENTED_EDGE('',*,*,#3452,.F.);
#4506=ORIENTED_EDGE('',*,*,#3453,.F.);
#4507=ORIENTED_EDGE('',*,*,#3452,.T.);
#4508=ORIENTED_EDGE('',*,*,#3454,.F.);
#4509=ORIENTED_EDGE('',*,*,#3455,.F.);
#4510=ORIENTED_EDGE('',*,*,#3456,.F.);
#4511=ORIENTED_EDGE('',*,*,#3455,.T.);
#4512=ORIENTED_EDGE('',*,*,#3457,.F.);
#4513=ORIENTED_EDGE('',*,*,#3458,.F.);
#4514=ORIENTED_EDGE('',*,*,#3459,.F.);
#4515=ORIENTED_EDGE('',*,*,#3458,.T.);
#4516=ORIENTED_EDGE('',*,*,#3460,.F.);
#4517=ORIENTED_EDGE('',*,*,#3461,.F.);
#4518=ORIENTED_EDGE('',*,*,#3462,.F.);
#4519=ORIENTED_EDGE('',*,*,#3461,.T.);
#4520=ORIENTED_EDGE('',*,*,#3463,.F.);
#4521=ORIENTED_EDGE('',*,*,#3464,.F.);
#4522=ORIENTED_EDGE('',*,*,#3465,.F.);
#4523=ORIENTED_EDGE('',*,*,#3464,.T.);
#4524=ORIENTED_EDGE('',*,*,#3466,.F.);
#4525=ORIENTED_EDGE('',*,*,#3467,.F.);
#4526=ORIENTED_EDGE('',*,*,#3468,.F.);
#4527=ORIENTED_EDGE('',*,*,#3467,.T.);
#4528=ORIENTED_EDGE('',*,*,#3469,.F.);
#4529=ORIENTED_EDGE('',*,*,#3470,.F.);
#4530=ORIENTED_EDGE('',*,*,#3471,.F.);
#4531=ORIENTED_EDGE('',*,*,#3470,.T.);
#4532=ORIENTED_EDGE('',*,*,#3472,.F.);
#4533=ORIENTED_EDGE('',*,*,#3473,.F.);
#4534=ORIENTED_EDGE('',*,*,#3474,.F.);
#4535=ORIENTED_EDGE('',*,*,#3473,.T.);
#4536=ORIENTED_EDGE('',*,*,#3475,.F.);
#4537=ORIENTED_EDGE('',*,*,#3476,.F.);
#4538=ORIENTED_EDGE('',*,*,#3477,.F.);
#4539=ORIENTED_EDGE('',*,*,#3476,.T.);
#4540=ORIENTED_EDGE('',*,*,#3478,.F.);
#4541=ORIENTED_EDGE('',*,*,#3479,.F.);
#4542=ORIENTED_EDGE('',*,*,#3480,.F.);
#4543=ORIENTED_EDGE('',*,*,#3479,.T.);
#4544=ORIENTED_EDGE('',*,*,#3481,.F.);
#4545=ORIENTED_EDGE('',*,*,#3482,.F.);
#4546=ORIENTED_EDGE('',*,*,#3483,.F.);
#4547=ORIENTED_EDGE('',*,*,#3482,.T.);
#4548=ORIENTED_EDGE('',*,*,#3484,.F.);
#4549=ORIENTED_EDGE('',*,*,#3485,.F.);
#4550=ORIENTED_EDGE('',*,*,#3486,.F.);
#4551=ORIENTED_EDGE('',*,*,#3485,.T.);
#4552=ORIENTED_EDGE('',*,*,#3487,.F.);
#4553=ORIENTED_EDGE('',*,*,#3488,.F.);
#4554=ORIENTED_EDGE('',*,*,#3489,.F.);
#4555=ORIENTED_EDGE('',*,*,#3488,.T.);
#4556=ORIENTED_EDGE('',*,*,#3490,.F.);
#4557=ORIENTED_EDGE('',*,*,#3491,.F.);
#4558=ORIENTED_EDGE('',*,*,#3492,.F.);
#4559=ORIENTED_EDGE('',*,*,#3491,.T.);
#4560=ORIENTED_EDGE('',*,*,#3493,.F.);
#4561=ORIENTED_EDGE('',*,*,#3494,.F.);
#4562=ORIENTED_EDGE('',*,*,#3495,.F.);
#4563=ORIENTED_EDGE('',*,*,#3494,.T.);
#4564=ORIENTED_EDGE('',*,*,#3496,.F.);
#4565=ORIENTED_EDGE('',*,*,#3497,.F.);
#4566=ORIENTED_EDGE('',*,*,#3498,.F.);
#4567=ORIENTED_EDGE('',*,*,#3497,.T.);
#4568=ORIENTED_EDGE('',*,*,#3499,.F.);
#4569=ORIENTED_EDGE('',*,*,#3500,.F.);
#4570=ORIENTED_EDGE('',*,*,#3501,.F.);
#4571=ORIENTED_EDGE('',*,*,#3500,.T.);
#4572=ORIENTED_EDGE('',*,*,#3502,.F.);
#4573=ORIENTED_EDGE('',*,*,#3503,.F.);
#4574=ORIENTED_EDGE('',*,*,#3504,.F.);
#4575=ORIENTED_EDGE('',*,*,#3503,.T.);
#4576=ORIENTED_EDGE('',*,*,#3505,.F.);
#4577=ORIENTED_EDGE('',*,*,#3506,.F.);
#4578=ORIENTED_EDGE('',*,*,#3507,.F.);
#4579=ORIENTED_EDGE('',*,*,#3506,.T.);
#4580=ORIENTED_EDGE('',*,*,#3508,.F.);
#4581=ORIENTED_EDGE('',*,*,#3509,.F.);
#4582=ORIENTED_EDGE('',*,*,#3510,.F.);
#4583=ORIENTED_EDGE('',*,*,#3509,.T.);
#4584=ORIENTED_EDGE('',*,*,#3511,.F.);
#4585=ORIENTED_EDGE('',*,*,#3512,.F.);
#4586=ORIENTED_EDGE('',*,*,#3513,.F.);
#4587=ORIENTED_EDGE('',*,*,#3512,.T.);
#4588=ORIENTED_EDGE('',*,*,#3514,.F.);
#4589=ORIENTED_EDGE('',*,*,#3515,.F.);
#4590=ORIENTED_EDGE('',*,*,#3516,.F.);
#4591=ORIENTED_EDGE('',*,*,#3515,.T.);
#4592=ORIENTED_EDGE('',*,*,#3517,.F.);
#4593=ORIENTED_EDGE('',*,*,#3518,.F.);
#4594=ORIENTED_EDGE('',*,*,#3519,.F.);
#4595=ORIENTED_EDGE('',*,*,#3518,.T.);
#4596=ORIENTED_EDGE('',*,*,#3520,.F.);
#4597=ORIENTED_EDGE('',*,*,#3521,.F.);
#4598=ORIENTED_EDGE('',*,*,#3522,.F.);
#4599=ORIENTED_EDGE('',*,*,#3521,.T.);
#4600=ORIENTED_EDGE('',*,*,#3523,.F.);
#4601=ORIENTED_EDGE('',*,*,#3432,.F.);
#4602=ORIENTED_EDGE('',*,*,#3523,.T.);
#4603=ORIENTED_EDGE('',*,*,#3520,.T.);
#4604=ORIENTED_EDGE('',*,*,#3517,.T.);
#4605=ORIENTED_EDGE('',*,*,#3514,.T.);
#4606=ORIENTED_EDGE('',*,*,#3511,.T.);
#4607=ORIENTED_EDGE('',*,*,#3508,.T.);
#4608=ORIENTED_EDGE('',*,*,#3505,.T.);
#4609=ORIENTED_EDGE('',*,*,#3502,.T.);
#4610=ORIENTED_EDGE('',*,*,#3499,.T.);
#4611=ORIENTED_EDGE('',*,*,#3496,.T.);
#4612=ORIENTED_EDGE('',*,*,#3493,.T.);
#4613=ORIENTED_EDGE('',*,*,#3490,.T.);
#4614=ORIENTED_EDGE('',*,*,#3487,.T.);
#4615=ORIENTED_EDGE('',*,*,#3484,.T.);
#4616=ORIENTED_EDGE('',*,*,#3481,.T.);
#4617=ORIENTED_EDGE('',*,*,#3478,.T.);
#4618=ORIENTED_EDGE('',*,*,#3475,.T.);
#4619=ORIENTED_EDGE('',*,*,#3472,.T.);
#4620=ORIENTED_EDGE('',*,*,#3469,.T.);
#4621=ORIENTED_EDGE('',*,*,#3466,.T.);
#4622=ORIENTED_EDGE('',*,*,#3463,.T.);
#4623=ORIENTED_EDGE('',*,*,#3460,.T.);
#4624=ORIENTED_EDGE('',*,*,#3457,.T.);
#4625=ORIENTED_EDGE('',*,*,#3454,.T.);
#4626=ORIENTED_EDGE('',*,*,#3451,.T.);
#4627=ORIENTED_EDGE('',*,*,#3448,.T.);
#4628=ORIENTED_EDGE('',*,*,#3445,.T.);
#4629=ORIENTED_EDGE('',*,*,#3442,.T.);
#4630=ORIENTED_EDGE('',*,*,#3439,.T.);
#4631=ORIENTED_EDGE('',*,*,#3436,.T.);
#4632=ORIENTED_EDGE('',*,*,#3433,.T.);
#4633=ORIENTED_EDGE('',*,*,#3524,.F.);
#4634=ORIENTED_EDGE('',*,*,#3525,.T.);
#4635=ORIENTED_EDGE('',*,*,#3526,.F.);
#4636=ORIENTED_EDGE('',*,*,#3527,.F.);
#4637=ORIENTED_EDGE('',*,*,#3528,.F.);
#4638=ORIENTED_EDGE('',*,*,#3527,.T.);
#4639=ORIENTED_EDGE('',*,*,#3529,.F.);
#4640=ORIENTED_EDGE('',*,*,#3530,.F.);
#4641=ORIENTED_EDGE('',*,*,#3531,.F.);
#4642=ORIENTED_EDGE('',*,*,#3530,.T.);
#4643=ORIENTED_EDGE('',*,*,#3532,.F.);
#4644=ORIENTED_EDGE('',*,*,#3533,.F.);
#4645=ORIENTED_EDGE('',*,*,#3534,.F.);
#4646=ORIENTED_EDGE('',*,*,#3533,.T.);
#4647=ORIENTED_EDGE('',*,*,#3535,.F.);
#4648=ORIENTED_EDGE('',*,*,#3536,.F.);
#4649=ORIENTED_EDGE('',*,*,#3537,.F.);
#4650=ORIENTED_EDGE('',*,*,#3536,.T.);
#4651=ORIENTED_EDGE('',*,*,#3538,.F.);
#4652=ORIENTED_EDGE('',*,*,#3539,.F.);
#4653=ORIENTED_EDGE('',*,*,#3540,.F.);
#4654=ORIENTED_EDGE('',*,*,#3539,.T.);
#4655=ORIENTED_EDGE('',*,*,#3541,.F.);
#4656=ORIENTED_EDGE('',*,*,#3542,.F.);
#4657=ORIENTED_EDGE('',*,*,#3543,.F.);
#4658=ORIENTED_EDGE('',*,*,#3542,.T.);
#4659=ORIENTED_EDGE('',*,*,#3544,.F.);
#4660=ORIENTED_EDGE('',*,*,#3545,.F.);
#4661=ORIENTED_EDGE('',*,*,#3546,.F.);
#4662=ORIENTED_EDGE('',*,*,#3545,.T.);
#4663=ORIENTED_EDGE('',*,*,#3547,.F.);
#4664=ORIENTED_EDGE('',*,*,#3548,.F.);
#4665=ORIENTED_EDGE('',*,*,#3549,.F.);
#4666=ORIENTED_EDGE('',*,*,#3548,.T.);
#4667=ORIENTED_EDGE('',*,*,#3550,.F.);
#4668=ORIENTED_EDGE('',*,*,#3551,.F.);
#4669=ORIENTED_EDGE('',*,*,#3552,.F.);
#4670=ORIENTED_EDGE('',*,*,#3551,.T.);
#4671=ORIENTED_EDGE('',*,*,#3553,.F.);
#4672=ORIENTED_EDGE('',*,*,#3554,.F.);
#4673=ORIENTED_EDGE('',*,*,#3555,.F.);
#4674=ORIENTED_EDGE('',*,*,#3554,.T.);
#4675=ORIENTED_EDGE('',*,*,#3556,.F.);
#4676=ORIENTED_EDGE('',*,*,#3557,.F.);
#4677=ORIENTED_EDGE('',*,*,#3558,.F.);
#4678=ORIENTED_EDGE('',*,*,#3557,.T.);
#4679=ORIENTED_EDGE('',*,*,#3559,.F.);
#4680=ORIENTED_EDGE('',*,*,#3560,.F.);
#4681=ORIENTED_EDGE('',*,*,#3561,.F.);
#4682=ORIENTED_EDGE('',*,*,#3560,.T.);
#4683=ORIENTED_EDGE('',*,*,#3562,.F.);
#4684=ORIENTED_EDGE('',*,*,#3563,.F.);
#4685=ORIENTED_EDGE('',*,*,#3564,.F.);
#4686=ORIENTED_EDGE('',*,*,#3563,.T.);
#4687=ORIENTED_EDGE('',*,*,#3565,.F.);
#4688=ORIENTED_EDGE('',*,*,#3566,.F.);
#4689=ORIENTED_EDGE('',*,*,#3567,.F.);
#4690=ORIENTED_EDGE('',*,*,#3566,.T.);
#4691=ORIENTED_EDGE('',*,*,#3568,.F.);
#4692=ORIENTED_EDGE('',*,*,#3569,.F.);
#4693=ORIENTED_EDGE('',*,*,#3570,.F.);
#4694=ORIENTED_EDGE('',*,*,#3569,.T.);
#4695=ORIENTED_EDGE('',*,*,#3571,.F.);
#4696=ORIENTED_EDGE('',*,*,#3572,.F.);
#4697=ORIENTED_EDGE('',*,*,#3573,.F.);
#4698=ORIENTED_EDGE('',*,*,#3572,.T.);
#4699=ORIENTED_EDGE('',*,*,#3574,.F.);
#4700=ORIENTED_EDGE('',*,*,#3575,.F.);
#4701=ORIENTED_EDGE('',*,*,#3576,.F.);
#4702=ORIENTED_EDGE('',*,*,#3575,.T.);
#4703=ORIENTED_EDGE('',*,*,#3577,.F.);
#4704=ORIENTED_EDGE('',*,*,#3578,.F.);
#4705=ORIENTED_EDGE('',*,*,#3579,.F.);
#4706=ORIENTED_EDGE('',*,*,#3578,.T.);
#4707=ORIENTED_EDGE('',*,*,#3580,.F.);
#4708=ORIENTED_EDGE('',*,*,#3581,.F.);
#4709=ORIENTED_EDGE('',*,*,#3582,.F.);
#4710=ORIENTED_EDGE('',*,*,#3581,.T.);
#4711=ORIENTED_EDGE('',*,*,#3583,.F.);
#4712=ORIENTED_EDGE('',*,*,#3525,.F.);
#4713=ORIENTED_EDGE('',*,*,#3583,.T.);
#4714=ORIENTED_EDGE('',*,*,#3580,.T.);
#4715=ORIENTED_EDGE('',*,*,#3577,.T.);
#4716=ORIENTED_EDGE('',*,*,#3574,.T.);
#4717=ORIENTED_EDGE('',*,*,#3571,.T.);
#4718=ORIENTED_EDGE('',*,*,#3568,.T.);
#4719=ORIENTED_EDGE('',*,*,#3565,.T.);
#4720=ORIENTED_EDGE('',*,*,#3562,.T.);
#4721=ORIENTED_EDGE('',*,*,#3559,.T.);
#4722=ORIENTED_EDGE('',*,*,#3556,.T.);
#4723=ORIENTED_EDGE('',*,*,#3553,.T.);
#4724=ORIENTED_EDGE('',*,*,#3550,.T.);
#4725=ORIENTED_EDGE('',*,*,#3547,.T.);
#4726=ORIENTED_EDGE('',*,*,#3544,.T.);
#4727=ORIENTED_EDGE('',*,*,#3541,.T.);
#4728=ORIENTED_EDGE('',*,*,#3538,.T.);
#4729=ORIENTED_EDGE('',*,*,#3535,.T.);
#4730=ORIENTED_EDGE('',*,*,#3532,.T.);
#4731=ORIENTED_EDGE('',*,*,#3529,.T.);
#4732=ORIENTED_EDGE('',*,*,#3526,.T.);
#4733=ORIENTED_EDGE('',*,*,#3584,.F.);
#4734=ORIENTED_EDGE('',*,*,#3585,.T.);
#4735=ORIENTED_EDGE('',*,*,#3586,.F.);
#4736=ORIENTED_EDGE('',*,*,#3587,.F.);
#4737=ORIENTED_EDGE('',*,*,#3588,.F.);
#4738=ORIENTED_EDGE('',*,*,#3587,.T.);
#4739=ORIENTED_EDGE('',*,*,#3589,.F.);
#4740=ORIENTED_EDGE('',*,*,#3590,.F.);
#4741=ORIENTED_EDGE('',*,*,#3591,.F.);
#4742=ORIENTED_EDGE('',*,*,#3590,.T.);
#4743=ORIENTED_EDGE('',*,*,#3592,.F.);
#4744=ORIENTED_EDGE('',*,*,#3593,.F.);
#4745=ORIENTED_EDGE('',*,*,#3594,.F.);
#4746=ORIENTED_EDGE('',*,*,#3593,.T.);
#4747=ORIENTED_EDGE('',*,*,#3595,.F.);
#4748=ORIENTED_EDGE('',*,*,#3596,.F.);
#4749=ORIENTED_EDGE('',*,*,#3597,.F.);
#4750=ORIENTED_EDGE('',*,*,#3596,.T.);
#4751=ORIENTED_EDGE('',*,*,#3598,.F.);
#4752=ORIENTED_EDGE('',*,*,#3599,.F.);
#4753=ORIENTED_EDGE('',*,*,#3600,.F.);
#4754=ORIENTED_EDGE('',*,*,#3599,.T.);
#4755=ORIENTED_EDGE('',*,*,#3601,.F.);
#4756=ORIENTED_EDGE('',*,*,#3602,.F.);
#4757=ORIENTED_EDGE('',*,*,#3603,.F.);
#4758=ORIENTED_EDGE('',*,*,#3602,.T.);
#4759=ORIENTED_EDGE('',*,*,#3604,.F.);
#4760=ORIENTED_EDGE('',*,*,#3605,.F.);
#4761=ORIENTED_EDGE('',*,*,#3606,.F.);
#4762=ORIENTED_EDGE('',*,*,#3605,.T.);
#4763=ORIENTED_EDGE('',*,*,#3607,.F.);
#4764=ORIENTED_EDGE('',*,*,#3608,.F.);
#4765=ORIENTED_EDGE('',*,*,#3609,.F.);
#4766=ORIENTED_EDGE('',*,*,#3608,.T.);
#4767=ORIENTED_EDGE('',*,*,#3610,.F.);
#4768=ORIENTED_EDGE('',*,*,#3585,.F.);
#4769=ORIENTED_EDGE('',*,*,#3611,.F.);
#4770=ORIENTED_EDGE('',*,*,#3612,.T.);
#4771=ORIENTED_EDGE('',*,*,#3613,.F.);
#4772=ORIENTED_EDGE('',*,*,#3614,.F.);
#4773=ORIENTED_EDGE('',*,*,#3615,.F.);
#4774=ORIENTED_EDGE('',*,*,#3614,.T.);
#4775=ORIENTED_EDGE('',*,*,#3616,.F.);
#4776=ORIENTED_EDGE('',*,*,#3617,.F.);
#4777=ORIENTED_EDGE('',*,*,#3618,.F.);
#4778=ORIENTED_EDGE('',*,*,#3617,.T.);
#4779=ORIENTED_EDGE('',*,*,#3619,.F.);
#4780=ORIENTED_EDGE('',*,*,#3620,.F.);
#4781=ORIENTED_EDGE('',*,*,#3621,.F.);
#4782=ORIENTED_EDGE('',*,*,#3620,.T.);
#4783=ORIENTED_EDGE('',*,*,#3622,.F.);
#4784=ORIENTED_EDGE('',*,*,#3623,.F.);
#4785=ORIENTED_EDGE('',*,*,#3624,.F.);
#4786=ORIENTED_EDGE('',*,*,#3623,.T.);
#4787=ORIENTED_EDGE('',*,*,#3625,.F.);
#4788=ORIENTED_EDGE('',*,*,#3626,.F.);
#4789=ORIENTED_EDGE('',*,*,#3627,.F.);
#4790=ORIENTED_EDGE('',*,*,#3626,.T.);
#4791=ORIENTED_EDGE('',*,*,#3628,.F.);
#4792=ORIENTED_EDGE('',*,*,#3629,.F.);
#4793=ORIENTED_EDGE('',*,*,#3630,.F.);
#4794=ORIENTED_EDGE('',*,*,#3629,.T.);
#4795=ORIENTED_EDGE('',*,*,#3631,.F.);
#4796=ORIENTED_EDGE('',*,*,#3632,.F.);
#4797=ORIENTED_EDGE('',*,*,#3633,.F.);
#4798=ORIENTED_EDGE('',*,*,#3632,.T.);
#4799=ORIENTED_EDGE('',*,*,#3634,.F.);
#4800=ORIENTED_EDGE('',*,*,#3635,.F.);
#4801=ORIENTED_EDGE('',*,*,#3636,.F.);
#4802=ORIENTED_EDGE('',*,*,#3635,.T.);
#4803=ORIENTED_EDGE('',*,*,#3637,.F.);
#4804=ORIENTED_EDGE('',*,*,#3612,.F.);
#4805=ORIENTED_EDGE('',*,*,#3637,.T.);
#4806=ORIENTED_EDGE('',*,*,#3634,.T.);
#4807=ORIENTED_EDGE('',*,*,#3631,.T.);
#4808=ORIENTED_EDGE('',*,*,#3628,.T.);
#4809=ORIENTED_EDGE('',*,*,#3625,.T.);
#4810=ORIENTED_EDGE('',*,*,#3622,.T.);
#4811=ORIENTED_EDGE('',*,*,#3619,.T.);
#4812=ORIENTED_EDGE('',*,*,#3616,.T.);
#4813=ORIENTED_EDGE('',*,*,#3613,.T.);
#4814=ORIENTED_EDGE('',*,*,#3610,.T.);
#4815=ORIENTED_EDGE('',*,*,#3607,.T.);
#4816=ORIENTED_EDGE('',*,*,#3604,.T.);
#4817=ORIENTED_EDGE('',*,*,#3601,.T.);
#4818=ORIENTED_EDGE('',*,*,#3598,.T.);
#4819=ORIENTED_EDGE('',*,*,#3595,.T.);
#4820=ORIENTED_EDGE('',*,*,#3592,.T.);
#4821=ORIENTED_EDGE('',*,*,#3589,.T.);
#4822=ORIENTED_EDGE('',*,*,#3586,.T.);
#4823=ORIENTED_EDGE('',*,*,#3584,.T.);
#4824=ORIENTED_EDGE('',*,*,#3588,.T.);
#4825=ORIENTED_EDGE('',*,*,#3591,.T.);
#4826=ORIENTED_EDGE('',*,*,#3594,.T.);
#4827=ORIENTED_EDGE('',*,*,#3597,.T.);
#4828=ORIENTED_EDGE('',*,*,#3600,.T.);
#4829=ORIENTED_EDGE('',*,*,#3603,.T.);
#4830=ORIENTED_EDGE('',*,*,#3606,.T.);
#4831=ORIENTED_EDGE('',*,*,#3609,.T.);
#4832=ORIENTED_EDGE('',*,*,#3638,.F.);
#4833=ORIENTED_EDGE('',*,*,#3639,.T.);
#4834=ORIENTED_EDGE('',*,*,#3640,.F.);
#4835=ORIENTED_EDGE('',*,*,#3641,.F.);
#4836=ORIENTED_EDGE('',*,*,#3642,.F.);
#4837=ORIENTED_EDGE('',*,*,#3641,.T.);
#4838=ORIENTED_EDGE('',*,*,#3643,.F.);
#4839=ORIENTED_EDGE('',*,*,#3644,.F.);
#4840=ORIENTED_EDGE('',*,*,#3645,.F.);
#4841=ORIENTED_EDGE('',*,*,#3644,.T.);
#4842=ORIENTED_EDGE('',*,*,#3646,.F.);
#4843=ORIENTED_EDGE('',*,*,#3647,.F.);
#4844=ORIENTED_EDGE('',*,*,#3648,.F.);
#4845=ORIENTED_EDGE('',*,*,#3647,.T.);
#4846=ORIENTED_EDGE('',*,*,#3649,.F.);
#4847=ORIENTED_EDGE('',*,*,#3650,.F.);
#4848=ORIENTED_EDGE('',*,*,#3651,.F.);
#4849=ORIENTED_EDGE('',*,*,#3650,.T.);
#4850=ORIENTED_EDGE('',*,*,#3652,.F.);
#4851=ORIENTED_EDGE('',*,*,#3653,.F.);
#4852=ORIENTED_EDGE('',*,*,#3654,.F.);
#4853=ORIENTED_EDGE('',*,*,#3653,.T.);
#4854=ORIENTED_EDGE('',*,*,#3655,.F.);
#4855=ORIENTED_EDGE('',*,*,#3656,.F.);
#4856=ORIENTED_EDGE('',*,*,#3657,.F.);
#4857=ORIENTED_EDGE('',*,*,#3656,.T.);
#4858=ORIENTED_EDGE('',*,*,#3658,.F.);
#4859=ORIENTED_EDGE('',*,*,#3659,.F.);
#4860=ORIENTED_EDGE('',*,*,#3660,.F.);
#4861=ORIENTED_EDGE('',*,*,#3659,.T.);
#4862=ORIENTED_EDGE('',*,*,#3661,.F.);
#4863=ORIENTED_EDGE('',*,*,#3662,.F.);
#4864=ORIENTED_EDGE('',*,*,#3663,.F.);
#4865=ORIENTED_EDGE('',*,*,#3662,.T.);
#4866=ORIENTED_EDGE('',*,*,#3664,.F.);
#4867=ORIENTED_EDGE('',*,*,#3639,.F.);
#4868=ORIENTED_EDGE('',*,*,#3665,.F.);
#4869=ORIENTED_EDGE('',*,*,#3666,.T.);
#4870=ORIENTED_EDGE('',*,*,#3667,.F.);
#4871=ORIENTED_EDGE('',*,*,#3668,.F.);
#4872=ORIENTED_EDGE('',*,*,#3669,.F.);
#4873=ORIENTED_EDGE('',*,*,#3668,.T.);
#4874=ORIENTED_EDGE('',*,*,#3670,.F.);
#4875=ORIENTED_EDGE('',*,*,#3671,.F.);
#4876=ORIENTED_EDGE('',*,*,#3672,.F.);
#4877=ORIENTED_EDGE('',*,*,#3671,.T.);
#4878=ORIENTED_EDGE('',*,*,#3673,.F.);
#4879=ORIENTED_EDGE('',*,*,#3674,.F.);
#4880=ORIENTED_EDGE('',*,*,#3675,.F.);
#4881=ORIENTED_EDGE('',*,*,#3674,.T.);
#4882=ORIENTED_EDGE('',*,*,#3676,.F.);
#4883=ORIENTED_EDGE('',*,*,#3677,.F.);
#4884=ORIENTED_EDGE('',*,*,#3678,.F.);
#4885=ORIENTED_EDGE('',*,*,#3677,.T.);
#4886=ORIENTED_EDGE('',*,*,#3679,.F.);
#4887=ORIENTED_EDGE('',*,*,#3680,.F.);
#4888=ORIENTED_EDGE('',*,*,#3681,.F.);
#4889=ORIENTED_EDGE('',*,*,#3680,.T.);
#4890=ORIENTED_EDGE('',*,*,#3682,.F.);
#4891=ORIENTED_EDGE('',*,*,#3683,.F.);
#4892=ORIENTED_EDGE('',*,*,#3684,.F.);
#4893=ORIENTED_EDGE('',*,*,#3683,.T.);
#4894=ORIENTED_EDGE('',*,*,#3685,.F.);
#4895=ORIENTED_EDGE('',*,*,#3686,.F.);
#4896=ORIENTED_EDGE('',*,*,#3687,.F.);
#4897=ORIENTED_EDGE('',*,*,#3686,.T.);
#4898=ORIENTED_EDGE('',*,*,#3688,.F.);
#4899=ORIENTED_EDGE('',*,*,#3689,.F.);
#4900=ORIENTED_EDGE('',*,*,#3690,.F.);
#4901=ORIENTED_EDGE('',*,*,#3689,.T.);
#4902=ORIENTED_EDGE('',*,*,#3691,.F.);
#4903=ORIENTED_EDGE('',*,*,#3666,.F.);
#4904=ORIENTED_EDGE('',*,*,#3691,.T.);
#4905=ORIENTED_EDGE('',*,*,#3688,.T.);
#4906=ORIENTED_EDGE('',*,*,#3685,.T.);
#4907=ORIENTED_EDGE('',*,*,#3682,.T.);
#4908=ORIENTED_EDGE('',*,*,#3679,.T.);
#4909=ORIENTED_EDGE('',*,*,#3676,.T.);
#4910=ORIENTED_EDGE('',*,*,#3673,.T.);
#4911=ORIENTED_EDGE('',*,*,#3670,.T.);
#4912=ORIENTED_EDGE('',*,*,#3667,.T.);
#4913=ORIENTED_EDGE('',*,*,#3664,.T.);
#4914=ORIENTED_EDGE('',*,*,#3661,.T.);
#4915=ORIENTED_EDGE('',*,*,#3658,.T.);
#4916=ORIENTED_EDGE('',*,*,#3655,.T.);
#4917=ORIENTED_EDGE('',*,*,#3652,.T.);
#4918=ORIENTED_EDGE('',*,*,#3649,.T.);
#4919=ORIENTED_EDGE('',*,*,#3646,.T.);
#4920=ORIENTED_EDGE('',*,*,#3643,.T.);
#4921=ORIENTED_EDGE('',*,*,#3640,.T.);
#4922=ORIENTED_EDGE('',*,*,#3638,.T.);
#4923=ORIENTED_EDGE('',*,*,#3642,.T.);
#4924=ORIENTED_EDGE('',*,*,#3645,.T.);
#4925=ORIENTED_EDGE('',*,*,#3648,.T.);
#4926=ORIENTED_EDGE('',*,*,#3651,.T.);
#4927=ORIENTED_EDGE('',*,*,#3654,.T.);
#4928=ORIENTED_EDGE('',*,*,#3657,.T.);
#4929=ORIENTED_EDGE('',*,*,#3660,.T.);
#4930=ORIENTED_EDGE('',*,*,#3663,.T.);
#4931=ORIENTED_EDGE('',*,*,#3692,.F.);
#4932=ORIENTED_EDGE('',*,*,#3693,.T.);
#4933=ORIENTED_EDGE('',*,*,#3694,.F.);
#4934=ORIENTED_EDGE('',*,*,#3695,.F.);
#4935=ORIENTED_EDGE('',*,*,#3696,.F.);
#4936=ORIENTED_EDGE('',*,*,#3695,.T.);
#4937=ORIENTED_EDGE('',*,*,#3697,.F.);
#4938=ORIENTED_EDGE('',*,*,#3698,.F.);
#4939=ORIENTED_EDGE('',*,*,#3699,.F.);
#4940=ORIENTED_EDGE('',*,*,#3698,.T.);
#4941=ORIENTED_EDGE('',*,*,#3700,.F.);
#4942=ORIENTED_EDGE('',*,*,#3701,.F.);
#4943=ORIENTED_EDGE('',*,*,#3702,.F.);
#4944=ORIENTED_EDGE('',*,*,#3701,.T.);
#4945=ORIENTED_EDGE('',*,*,#3703,.F.);
#4946=ORIENTED_EDGE('',*,*,#3704,.F.);
#4947=ORIENTED_EDGE('',*,*,#3705,.F.);
#4948=ORIENTED_EDGE('',*,*,#3704,.T.);
#4949=ORIENTED_EDGE('',*,*,#3706,.F.);
#4950=ORIENTED_EDGE('',*,*,#3707,.F.);
#4951=ORIENTED_EDGE('',*,*,#3708,.F.);
#4952=ORIENTED_EDGE('',*,*,#3707,.T.);
#4953=ORIENTED_EDGE('',*,*,#3709,.F.);
#4954=ORIENTED_EDGE('',*,*,#3710,.F.);
#4955=ORIENTED_EDGE('',*,*,#3711,.F.);
#4956=ORIENTED_EDGE('',*,*,#3710,.T.);
#4957=ORIENTED_EDGE('',*,*,#3712,.F.);
#4958=ORIENTED_EDGE('',*,*,#3713,.F.);
#4959=ORIENTED_EDGE('',*,*,#3714,.F.);
#4960=ORIENTED_EDGE('',*,*,#3713,.T.);
#4961=ORIENTED_EDGE('',*,*,#3715,.F.);
#4962=ORIENTED_EDGE('',*,*,#3716,.F.);
#4963=ORIENTED_EDGE('',*,*,#3717,.F.);
#4964=ORIENTED_EDGE('',*,*,#3716,.T.);
#4965=ORIENTED_EDGE('',*,*,#3718,.F.);
#4966=ORIENTED_EDGE('',*,*,#3719,.F.);
#4967=ORIENTED_EDGE('',*,*,#3720,.F.);
#4968=ORIENTED_EDGE('',*,*,#3719,.T.);
#4969=ORIENTED_EDGE('',*,*,#3721,.F.);
#4970=ORIENTED_EDGE('',*,*,#3722,.F.);
#4971=ORIENTED_EDGE('',*,*,#3723,.F.);
#4972=ORIENTED_EDGE('',*,*,#3722,.T.);
#4973=ORIENTED_EDGE('',*,*,#3724,.F.);
#4974=ORIENTED_EDGE('',*,*,#3725,.F.);
#4975=ORIENTED_EDGE('',*,*,#3726,.F.);
#4976=ORIENTED_EDGE('',*,*,#3725,.T.);
#4977=ORIENTED_EDGE('',*,*,#3727,.F.);
#4978=ORIENTED_EDGE('',*,*,#3693,.F.);
#4979=ORIENTED_EDGE('',*,*,#3727,.T.);
#4980=ORIENTED_EDGE('',*,*,#3724,.T.);
#4981=ORIENTED_EDGE('',*,*,#3721,.T.);
#4982=ORIENTED_EDGE('',*,*,#3718,.T.);
#4983=ORIENTED_EDGE('',*,*,#3715,.T.);
#4984=ORIENTED_EDGE('',*,*,#3712,.T.);
#4985=ORIENTED_EDGE('',*,*,#3709,.T.);
#4986=ORIENTED_EDGE('',*,*,#3706,.T.);
#4987=ORIENTED_EDGE('',*,*,#3703,.T.);
#4988=ORIENTED_EDGE('',*,*,#3700,.T.);
#4989=ORIENTED_EDGE('',*,*,#3697,.T.);
#4990=ORIENTED_EDGE('',*,*,#3694,.T.);
#4991=ORIENTED_EDGE('',*,*,#3728,.F.);
#4992=ORIENTED_EDGE('',*,*,#3729,.T.);
#4993=ORIENTED_EDGE('',*,*,#3730,.F.);
#4994=ORIENTED_EDGE('',*,*,#3731,.F.);
#4995=ORIENTED_EDGE('',*,*,#3732,.F.);
#4996=ORIENTED_EDGE('',*,*,#3731,.T.);
#4997=ORIENTED_EDGE('',*,*,#3733,.F.);
#4998=ORIENTED_EDGE('',*,*,#3734,.F.);
#4999=ORIENTED_EDGE('',*,*,#3735,.F.);
#5000=ORIENTED_EDGE('',*,*,#3734,.T.);
#5001=ORIENTED_EDGE('',*,*,#3736,.F.);
#5002=ORIENTED_EDGE('',*,*,#3737,.F.);
#5003=ORIENTED_EDGE('',*,*,#3738,.F.);
#5004=ORIENTED_EDGE('',*,*,#3737,.T.);
#5005=ORIENTED_EDGE('',*,*,#3739,.F.);
#5006=ORIENTED_EDGE('',*,*,#3740,.F.);
#5007=ORIENTED_EDGE('',*,*,#3741,.F.);
#5008=ORIENTED_EDGE('',*,*,#3740,.T.);
#5009=ORIENTED_EDGE('',*,*,#3742,.F.);
#5010=ORIENTED_EDGE('',*,*,#3743,.F.);
#5011=ORIENTED_EDGE('',*,*,#3744,.F.);
#5012=ORIENTED_EDGE('',*,*,#3743,.T.);
#5013=ORIENTED_EDGE('',*,*,#3745,.F.);
#5014=ORIENTED_EDGE('',*,*,#3729,.F.);
#5015=ORIENTED_EDGE('',*,*,#3746,.F.);
#5016=ORIENTED_EDGE('',*,*,#3747,.T.);
#5017=ORIENTED_EDGE('',*,*,#3748,.F.);
#5018=ORIENTED_EDGE('',*,*,#3749,.F.);
#5019=ORIENTED_EDGE('',*,*,#3750,.F.);
#5020=ORIENTED_EDGE('',*,*,#3749,.T.);
#5021=ORIENTED_EDGE('',*,*,#3751,.F.);
#5022=ORIENTED_EDGE('',*,*,#3752,.F.);
#5023=ORIENTED_EDGE('',*,*,#3753,.F.);
#5024=ORIENTED_EDGE('',*,*,#3752,.T.);
#5025=ORIENTED_EDGE('',*,*,#3754,.F.);
#5026=ORIENTED_EDGE('',*,*,#3755,.F.);
#5027=ORIENTED_EDGE('',*,*,#3756,.F.);
#5028=ORIENTED_EDGE('',*,*,#3755,.T.);
#5029=ORIENTED_EDGE('',*,*,#3757,.F.);
#5030=ORIENTED_EDGE('',*,*,#3758,.F.);
#5031=ORIENTED_EDGE('',*,*,#3759,.F.);
#5032=ORIENTED_EDGE('',*,*,#3758,.T.);
#5033=ORIENTED_EDGE('',*,*,#3760,.F.);
#5034=ORIENTED_EDGE('',*,*,#3761,.F.);
#5035=ORIENTED_EDGE('',*,*,#3762,.F.);
#5036=ORIENTED_EDGE('',*,*,#3761,.T.);
#5037=ORIENTED_EDGE('',*,*,#3763,.F.);
#5038=ORIENTED_EDGE('',*,*,#3764,.F.);
#5039=ORIENTED_EDGE('',*,*,#3765,.F.);
#5040=ORIENTED_EDGE('',*,*,#3764,.T.);
#5041=ORIENTED_EDGE('',*,*,#3766,.F.);
#5042=ORIENTED_EDGE('',*,*,#3767,.F.);
#5043=ORIENTED_EDGE('',*,*,#3768,.F.);
#5044=ORIENTED_EDGE('',*,*,#3767,.T.);
#5045=ORIENTED_EDGE('',*,*,#3769,.F.);
#5046=ORIENTED_EDGE('',*,*,#3770,.F.);
#5047=ORIENTED_EDGE('',*,*,#3771,.F.);
#5048=ORIENTED_EDGE('',*,*,#3770,.T.);
#5049=ORIENTED_EDGE('',*,*,#3772,.F.);
#5050=ORIENTED_EDGE('',*,*,#3773,.F.);
#5051=ORIENTED_EDGE('',*,*,#3774,.F.);
#5052=ORIENTED_EDGE('',*,*,#3773,.T.);
#5053=ORIENTED_EDGE('',*,*,#3775,.F.);
#5054=ORIENTED_EDGE('',*,*,#3776,.F.);
#5055=ORIENTED_EDGE('',*,*,#3777,.F.);
#5056=ORIENTED_EDGE('',*,*,#3776,.T.);
#5057=ORIENTED_EDGE('',*,*,#3778,.F.);
#5058=ORIENTED_EDGE('',*,*,#3779,.F.);
#5059=ORIENTED_EDGE('',*,*,#3780,.F.);
#5060=ORIENTED_EDGE('',*,*,#3779,.T.);
#5061=ORIENTED_EDGE('',*,*,#3781,.F.);
#5062=ORIENTED_EDGE('',*,*,#3782,.F.);
#5063=ORIENTED_EDGE('',*,*,#3783,.F.);
#5064=ORIENTED_EDGE('',*,*,#3782,.T.);
#5065=ORIENTED_EDGE('',*,*,#3784,.F.);
#5066=ORIENTED_EDGE('',*,*,#3785,.F.);
#5067=ORIENTED_EDGE('',*,*,#3786,.F.);
#5068=ORIENTED_EDGE('',*,*,#3785,.T.);
#5069=ORIENTED_EDGE('',*,*,#3787,.F.);
#5070=ORIENTED_EDGE('',*,*,#3788,.F.);
#5071=ORIENTED_EDGE('',*,*,#3789,.F.);
#5072=ORIENTED_EDGE('',*,*,#3788,.T.);
#5073=ORIENTED_EDGE('',*,*,#3790,.F.);
#5074=ORIENTED_EDGE('',*,*,#3747,.F.);
#5075=ORIENTED_EDGE('',*,*,#3790,.T.);
#5076=ORIENTED_EDGE('',*,*,#3787,.T.);
#5077=ORIENTED_EDGE('',*,*,#3784,.T.);
#5078=ORIENTED_EDGE('',*,*,#3781,.T.);
#5079=ORIENTED_EDGE('',*,*,#3778,.T.);
#5080=ORIENTED_EDGE('',*,*,#3775,.T.);
#5081=ORIENTED_EDGE('',*,*,#3772,.T.);
#5082=ORIENTED_EDGE('',*,*,#3769,.T.);
#5083=ORIENTED_EDGE('',*,*,#3766,.T.);
#5084=ORIENTED_EDGE('',*,*,#3763,.T.);
#5085=ORIENTED_EDGE('',*,*,#3760,.T.);
#5086=ORIENTED_EDGE('',*,*,#3757,.T.);
#5087=ORIENTED_EDGE('',*,*,#3754,.T.);
#5088=ORIENTED_EDGE('',*,*,#3751,.T.);
#5089=ORIENTED_EDGE('',*,*,#3748,.T.);
#5090=ORIENTED_EDGE('',*,*,#3745,.T.);
#5091=ORIENTED_EDGE('',*,*,#3742,.T.);
#5092=ORIENTED_EDGE('',*,*,#3739,.T.);
#5093=ORIENTED_EDGE('',*,*,#3736,.T.);
#5094=ORIENTED_EDGE('',*,*,#3733,.T.);
#5095=ORIENTED_EDGE('',*,*,#3730,.T.);
#5096=ORIENTED_EDGE('',*,*,#3728,.T.);
#5097=ORIENTED_EDGE('',*,*,#3732,.T.);
#5098=ORIENTED_EDGE('',*,*,#3735,.T.);
#5099=ORIENTED_EDGE('',*,*,#3738,.T.);
#5100=ORIENTED_EDGE('',*,*,#3741,.T.);
#5101=ORIENTED_EDGE('',*,*,#3744,.T.);
#5102=ORIENTED_EDGE('',*,*,#3791,.F.);
#5103=ORIENTED_EDGE('',*,*,#3792,.T.);
#5104=ORIENTED_EDGE('',*,*,#3793,.F.);
#5105=ORIENTED_EDGE('',*,*,#3792,.F.);
#5106=ORIENTED_EDGE('',*,*,#3794,.F.);
#5107=ORIENTED_EDGE('',*,*,#3795,.T.);
#5108=ORIENTED_EDGE('',*,*,#3796,.F.);
#5109=ORIENTED_EDGE('',*,*,#3795,.F.);
#5110=ORIENTED_EDGE('',*,*,#3797,.F.);
#5111=ORIENTED_EDGE('',*,*,#3798,.T.);
#5112=ORIENTED_EDGE('',*,*,#3799,.F.);
#5113=ORIENTED_EDGE('',*,*,#3798,.F.);
#5114=ORIENTED_EDGE('',*,*,#3800,.F.);
#5115=ORIENTED_EDGE('',*,*,#3801,.T.);
#5116=ORIENTED_EDGE('',*,*,#3802,.F.);
#5117=ORIENTED_EDGE('',*,*,#3801,.F.);
#5118=ORIENTED_EDGE('',*,*,#3803,.F.);
#5119=ORIENTED_EDGE('',*,*,#3804,.T.);
#5120=ORIENTED_EDGE('',*,*,#3805,.F.);
#5121=ORIENTED_EDGE('',*,*,#3806,.F.);
#5122=ORIENTED_EDGE('',*,*,#3807,.F.);
#5123=ORIENTED_EDGE('',*,*,#3808,.T.);
#5124=ORIENTED_EDGE('',*,*,#3809,.F.);
#5125=ORIENTED_EDGE('',*,*,#3804,.F.);
#5126=ORIENTED_EDGE('',*,*,#3810,.F.);
#5127=ORIENTED_EDGE('',*,*,#3806,.T.);
#5128=ORIENTED_EDGE('',*,*,#3811,.F.);
#5129=ORIENTED_EDGE('',*,*,#3812,.F.);
#5130=ORIENTED_EDGE('',*,*,#3813,.F.);
#5131=ORIENTED_EDGE('',*,*,#3812,.T.);
#5132=ORIENTED_EDGE('',*,*,#3814,.F.);
#5133=ORIENTED_EDGE('',*,*,#3808,.F.);
#5134=ORIENTED_EDGE('',*,*,#3814,.T.);
#5135=ORIENTED_EDGE('',*,*,#3811,.T.);
#5136=ORIENTED_EDGE('',*,*,#3805,.T.);
#5137=ORIENTED_EDGE('',*,*,#3809,.T.);
#5138=ORIENTED_EDGE('',*,*,#3815,.F.);
#5139=ORIENTED_EDGE('',*,*,#3816,.T.);
#5140=ORIENTED_EDGE('',*,*,#3817,.F.);
#5141=ORIENTED_EDGE('',*,*,#3818,.F.);
#5142=ORIENTED_EDGE('',*,*,#3819,.F.);
#5143=ORIENTED_EDGE('',*,*,#3820,.T.);
#5144=ORIENTED_EDGE('',*,*,#3821,.F.);
#5145=ORIENTED_EDGE('',*,*,#3816,.F.);
#5146=ORIENTED_EDGE('',*,*,#3822,.F.);
#5147=ORIENTED_EDGE('',*,*,#3818,.T.);
#5148=ORIENTED_EDGE('',*,*,#3823,.F.);
#5149=ORIENTED_EDGE('',*,*,#3824,.F.);
#5150=ORIENTED_EDGE('',*,*,#3825,.F.);
#5151=ORIENTED_EDGE('',*,*,#3824,.T.);
#5152=ORIENTED_EDGE('',*,*,#3826,.F.);
#5153=ORIENTED_EDGE('',*,*,#3820,.F.);
#5154=ORIENTED_EDGE('',*,*,#3826,.T.);
#5155=ORIENTED_EDGE('',*,*,#3823,.T.);
#5156=ORIENTED_EDGE('',*,*,#3817,.T.);
#5157=ORIENTED_EDGE('',*,*,#3821,.T.);
#5158=ORIENTED_EDGE('',*,*,#3827,.F.);
#5159=ORIENTED_EDGE('',*,*,#3828,.F.);
#5160=ORIENTED_EDGE('',*,*,#3829,.F.);
#5161=ORIENTED_EDGE('',*,*,#3830,.T.);
#5162=ORIENTED_EDGE('',*,*,#3831,.F.);
#5163=ORIENTED_EDGE('',*,*,#3830,.F.);
#5164=ORIENTED_EDGE('',*,*,#3832,.F.);
#5165=ORIENTED_EDGE('',*,*,#3833,.T.);
#5166=ORIENTED_EDGE('',*,*,#3834,.F.);
#5167=ORIENTED_EDGE('',*,*,#3833,.F.);
#5168=ORIENTED_EDGE('',*,*,#3835,.F.);
#5169=ORIENTED_EDGE('',*,*,#3836,.T.);
#5170=ORIENTED_EDGE('',*,*,#3837,.F.);
#5171=ORIENTED_EDGE('',*,*,#3836,.F.);
#5172=ORIENTED_EDGE('',*,*,#3838,.F.);
#5173=ORIENTED_EDGE('',*,*,#3828,.T.);
#5174=ORIENTED_EDGE('',*,*,#3839,.F.);
#5175=ORIENTED_EDGE('',*,*,#3840,.F.);
#5176=ORIENTED_EDGE('',*,*,#3841,.F.);
#5177=ORIENTED_EDGE('',*,*,#3842,.T.);
#5178=ORIENTED_EDGE('',*,*,#3843,.F.);
#5179=ORIENTED_EDGE('',*,*,#3842,.F.);
#5180=ORIENTED_EDGE('',*,*,#3844,.F.);
#5181=ORIENTED_EDGE('',*,*,#3845,.T.);
#5182=ORIENTED_EDGE('',*,*,#3846,.F.);
#5183=ORIENTED_EDGE('',*,*,#3845,.F.);
#5184=ORIENTED_EDGE('',*,*,#3847,.F.);
#5185=ORIENTED_EDGE('',*,*,#3848,.T.);
#5186=ORIENTED_EDGE('',*,*,#3849,.F.);
#5187=ORIENTED_EDGE('',*,*,#3848,.F.);
#5188=ORIENTED_EDGE('',*,*,#3850,.F.);
#5189=ORIENTED_EDGE('',*,*,#3840,.T.);
#5190=ORIENTED_EDGE('',*,*,#3851,.F.);
#5191=ORIENTED_EDGE('',*,*,#3852,.F.);
#5192=ORIENTED_EDGE('',*,*,#3853,.F.);
#5193=ORIENTED_EDGE('',*,*,#3854,.T.);
#5194=ORIENTED_EDGE('',*,*,#3855,.F.);
#5195=ORIENTED_EDGE('',*,*,#3854,.F.);
#5196=ORIENTED_EDGE('',*,*,#3856,.F.);
#5197=ORIENTED_EDGE('',*,*,#3857,.T.);
#5198=ORIENTED_EDGE('',*,*,#3858,.F.);
#5199=ORIENTED_EDGE('',*,*,#3857,.F.);
#5200=ORIENTED_EDGE('',*,*,#3859,.F.);
#5201=ORIENTED_EDGE('',*,*,#3860,.T.);
#5202=ORIENTED_EDGE('',*,*,#3861,.F.);
#5203=ORIENTED_EDGE('',*,*,#3860,.F.);
#5204=ORIENTED_EDGE('',*,*,#3862,.F.);
#5205=ORIENTED_EDGE('',*,*,#3852,.T.);
#5206=ORIENTED_EDGE('',*,*,#3863,.F.);
#5207=ORIENTED_EDGE('',*,*,#3864,.F.);
#5208=ORIENTED_EDGE('',*,*,#3865,.F.);
#5209=ORIENTED_EDGE('',*,*,#3866,.T.);
#5210=ORIENTED_EDGE('',*,*,#3867,.F.);
#5211=ORIENTED_EDGE('',*,*,#3866,.F.);
#5212=ORIENTED_EDGE('',*,*,#3868,.F.);
#5213=ORIENTED_EDGE('',*,*,#3869,.T.);
#5214=ORIENTED_EDGE('',*,*,#3870,.F.);
#5215=ORIENTED_EDGE('',*,*,#3869,.F.);
#5216=ORIENTED_EDGE('',*,*,#3871,.F.);
#5217=ORIENTED_EDGE('',*,*,#3872,.T.);
#5218=ORIENTED_EDGE('',*,*,#3873,.F.);
#5219=ORIENTED_EDGE('',*,*,#3872,.F.);
#5220=ORIENTED_EDGE('',*,*,#3874,.F.);
#5221=ORIENTED_EDGE('',*,*,#3864,.T.);
#5222=ORIENTED_EDGE('',*,*,#3875,.F.);
#5223=ORIENTED_EDGE('',*,*,#3876,.F.);
#5224=ORIENTED_EDGE('',*,*,#3877,.F.);
#5225=ORIENTED_EDGE('',*,*,#3878,.T.);
#5226=ORIENTED_EDGE('',*,*,#3879,.F.);
#5227=ORIENTED_EDGE('',*,*,#3878,.F.);
#5228=ORIENTED_EDGE('',*,*,#3880,.F.);
#5229=ORIENTED_EDGE('',*,*,#3881,.T.);
#5230=ORIENTED_EDGE('',*,*,#3882,.F.);
#5231=ORIENTED_EDGE('',*,*,#3881,.F.);
#5232=ORIENTED_EDGE('',*,*,#3883,.F.);
#5233=ORIENTED_EDGE('',*,*,#3884,.T.);
#5234=ORIENTED_EDGE('',*,*,#3885,.F.);
#5235=ORIENTED_EDGE('',*,*,#3884,.F.);
#5236=ORIENTED_EDGE('',*,*,#3886,.F.);
#5237=ORIENTED_EDGE('',*,*,#3876,.T.);
#5238=ORIENTED_EDGE('',*,*,#3887,.F.);
#5239=ORIENTED_EDGE('',*,*,#3888,.F.);
#5240=ORIENTED_EDGE('',*,*,#3889,.F.);
#5241=ORIENTED_EDGE('',*,*,#3890,.T.);
#5242=ORIENTED_EDGE('',*,*,#3891,.F.);
#5243=ORIENTED_EDGE('',*,*,#3890,.F.);
#5244=ORIENTED_EDGE('',*,*,#3892,.F.);
#5245=ORIENTED_EDGE('',*,*,#3893,.T.);
#5246=ORIENTED_EDGE('',*,*,#3894,.F.);
#5247=ORIENTED_EDGE('',*,*,#3893,.F.);
#5248=ORIENTED_EDGE('',*,*,#3895,.F.);
#5249=ORIENTED_EDGE('',*,*,#3896,.T.);
#5250=ORIENTED_EDGE('',*,*,#3897,.F.);
#5251=ORIENTED_EDGE('',*,*,#3896,.F.);
#5252=ORIENTED_EDGE('',*,*,#3898,.F.);
#5253=ORIENTED_EDGE('',*,*,#3888,.T.);
#5254=ORIENTED_EDGE('',*,*,#3899,.F.);
#5255=ORIENTED_EDGE('',*,*,#3900,.F.);
#5256=ORIENTED_EDGE('',*,*,#3901,.F.);
#5257=ORIENTED_EDGE('',*,*,#3902,.T.);
#5258=ORIENTED_EDGE('',*,*,#3903,.F.);
#5259=ORIENTED_EDGE('',*,*,#3902,.F.);
#5260=ORIENTED_EDGE('',*,*,#3904,.F.);
#5261=ORIENTED_EDGE('',*,*,#3905,.T.);
#5262=ORIENTED_EDGE('',*,*,#3906,.F.);
#5263=ORIENTED_EDGE('',*,*,#3905,.F.);
#5264=ORIENTED_EDGE('',*,*,#3907,.F.);
#5265=ORIENTED_EDGE('',*,*,#3908,.T.);
#5266=ORIENTED_EDGE('',*,*,#3909,.F.);
#5267=ORIENTED_EDGE('',*,*,#3908,.F.);
#5268=ORIENTED_EDGE('',*,*,#3910,.F.);
#5269=ORIENTED_EDGE('',*,*,#3900,.T.);
#5270=ORIENTED_EDGE('',*,*,#3911,.F.);
#5271=ORIENTED_EDGE('',*,*,#3912,.F.);
#5272=ORIENTED_EDGE('',*,*,#3913,.F.);
#5273=ORIENTED_EDGE('',*,*,#3914,.T.);
#5274=ORIENTED_EDGE('',*,*,#3915,.F.);
#5275=ORIENTED_EDGE('',*,*,#3914,.F.);
#5276=ORIENTED_EDGE('',*,*,#3916,.F.);
#5277=ORIENTED_EDGE('',*,*,#3917,.T.);
#5278=ORIENTED_EDGE('',*,*,#3918,.F.);
#5279=ORIENTED_EDGE('',*,*,#3917,.F.);
#5280=ORIENTED_EDGE('',*,*,#3919,.F.);
#5281=ORIENTED_EDGE('',*,*,#3920,.T.);
#5282=ORIENTED_EDGE('',*,*,#3921,.F.);
#5283=ORIENTED_EDGE('',*,*,#3920,.F.);
#5284=ORIENTED_EDGE('',*,*,#3922,.F.);
#5285=ORIENTED_EDGE('',*,*,#3912,.T.);
#5286=ORIENTED_EDGE('',*,*,#3923,.F.);
#5287=ORIENTED_EDGE('',*,*,#3924,.F.);
#5288=ORIENTED_EDGE('',*,*,#3925,.F.);
#5289=ORIENTED_EDGE('',*,*,#3926,.T.);
#5290=ORIENTED_EDGE('',*,*,#3927,.F.);
#5291=ORIENTED_EDGE('',*,*,#3926,.F.);
#5292=ORIENTED_EDGE('',*,*,#3928,.F.);
#5293=ORIENTED_EDGE('',*,*,#3929,.T.);
#5294=ORIENTED_EDGE('',*,*,#3930,.F.);
#5295=ORIENTED_EDGE('',*,*,#3929,.F.);
#5296=ORIENTED_EDGE('',*,*,#3931,.F.);
#5297=ORIENTED_EDGE('',*,*,#3932,.T.);
#5298=ORIENTED_EDGE('',*,*,#3933,.F.);
#5299=ORIENTED_EDGE('',*,*,#3932,.F.);
#5300=ORIENTED_EDGE('',*,*,#3934,.F.);
#5301=ORIENTED_EDGE('',*,*,#3924,.T.);
#5302=ORIENTED_EDGE('',*,*,#3935,.F.);
#5303=ORIENTED_EDGE('',*,*,#3936,.F.);
#5304=ORIENTED_EDGE('',*,*,#3937,.F.);
#5305=ORIENTED_EDGE('',*,*,#3938,.T.);
#5306=ORIENTED_EDGE('',*,*,#3939,.F.);
#5307=ORIENTED_EDGE('',*,*,#3938,.F.);
#5308=ORIENTED_EDGE('',*,*,#3940,.F.);
#5309=ORIENTED_EDGE('',*,*,#3941,.T.);
#5310=ORIENTED_EDGE('',*,*,#3942,.F.);
#5311=ORIENTED_EDGE('',*,*,#3941,.F.);
#5312=ORIENTED_EDGE('',*,*,#3943,.F.);
#5313=ORIENTED_EDGE('',*,*,#3944,.T.);
#5314=ORIENTED_EDGE('',*,*,#3945,.F.);
#5315=ORIENTED_EDGE('',*,*,#3944,.F.);
#5316=ORIENTED_EDGE('',*,*,#3946,.F.);
#5317=ORIENTED_EDGE('',*,*,#3936,.T.);
#5318=ORIENTED_EDGE('',*,*,#3947,.F.);
#5319=ORIENTED_EDGE('',*,*,#3948,.F.);
#5320=ORIENTED_EDGE('',*,*,#3949,.F.);
#5321=ORIENTED_EDGE('',*,*,#3950,.T.);
#5322=ORIENTED_EDGE('',*,*,#3951,.F.);
#5323=ORIENTED_EDGE('',*,*,#3950,.F.);
#5324=ORIENTED_EDGE('',*,*,#3952,.F.);
#5325=ORIENTED_EDGE('',*,*,#3953,.T.);
#5326=ORIENTED_EDGE('',*,*,#3954,.F.);
#5327=ORIENTED_EDGE('',*,*,#3953,.F.);
#5328=ORIENTED_EDGE('',*,*,#3955,.F.);
#5329=ORIENTED_EDGE('',*,*,#3956,.T.);
#5330=ORIENTED_EDGE('',*,*,#3957,.F.);
#5331=ORIENTED_EDGE('',*,*,#3956,.F.);
#5332=ORIENTED_EDGE('',*,*,#3958,.F.);
#5333=ORIENTED_EDGE('',*,*,#3948,.T.);
#5334=ORIENTED_EDGE('',*,*,#3959,.F.);
#5335=ORIENTED_EDGE('',*,*,#3960,.F.);
#5336=ORIENTED_EDGE('',*,*,#3961,.F.);
#5337=ORIENTED_EDGE('',*,*,#3962,.T.);
#5338=ORIENTED_EDGE('',*,*,#3963,.F.);
#5339=ORIENTED_EDGE('',*,*,#3962,.F.);
#5340=ORIENTED_EDGE('',*,*,#3964,.F.);
#5341=ORIENTED_EDGE('',*,*,#3965,.T.);
#5342=ORIENTED_EDGE('',*,*,#3966,.F.);
#5343=ORIENTED_EDGE('',*,*,#3965,.F.);
#5344=ORIENTED_EDGE('',*,*,#3967,.F.);
#5345=ORIENTED_EDGE('',*,*,#3968,.T.);
#5346=ORIENTED_EDGE('',*,*,#3969,.F.);
#5347=ORIENTED_EDGE('',*,*,#3968,.F.);
#5348=ORIENTED_EDGE('',*,*,#3970,.F.);
#5349=ORIENTED_EDGE('',*,*,#3960,.T.);
#5350=ORIENTED_EDGE('',*,*,#3971,.F.);
#5351=ORIENTED_EDGE('',*,*,#3972,.F.);
#5352=ORIENTED_EDGE('',*,*,#3973,.F.);
#5353=ORIENTED_EDGE('',*,*,#3974,.T.);
#5354=ORIENTED_EDGE('',*,*,#3975,.F.);
#5355=ORIENTED_EDGE('',*,*,#3974,.F.);
#5356=ORIENTED_EDGE('',*,*,#3976,.F.);
#5357=ORIENTED_EDGE('',*,*,#3977,.T.);
#5358=ORIENTED_EDGE('',*,*,#3978,.F.);
#5359=ORIENTED_EDGE('',*,*,#3977,.F.);
#5360=ORIENTED_EDGE('',*,*,#3979,.F.);
#5361=ORIENTED_EDGE('',*,*,#3980,.T.);
#5362=ORIENTED_EDGE('',*,*,#3981,.F.);
#5363=ORIENTED_EDGE('',*,*,#3980,.F.);
#5364=ORIENTED_EDGE('',*,*,#3982,.F.);
#5365=ORIENTED_EDGE('',*,*,#3972,.T.);
#5366=ORIENTED_EDGE('',*,*,#3983,.F.);
#5367=ORIENTED_EDGE('',*,*,#3984,.F.);
#5368=ORIENTED_EDGE('',*,*,#3985,.F.);
#5369=ORIENTED_EDGE('',*,*,#3986,.T.);
#5370=ORIENTED_EDGE('',*,*,#3987,.F.);
#5371=ORIENTED_EDGE('',*,*,#3986,.F.);
#5372=ORIENTED_EDGE('',*,*,#3988,.F.);
#5373=ORIENTED_EDGE('',*,*,#3989,.T.);
#5374=ORIENTED_EDGE('',*,*,#3990,.F.);
#5375=ORIENTED_EDGE('',*,*,#3989,.F.);
#5376=ORIENTED_EDGE('',*,*,#3991,.F.);
#5377=ORIENTED_EDGE('',*,*,#3992,.T.);
#5378=ORIENTED_EDGE('',*,*,#3993,.F.);
#5379=ORIENTED_EDGE('',*,*,#3992,.F.);
#5380=ORIENTED_EDGE('',*,*,#3994,.F.);
#5381=ORIENTED_EDGE('',*,*,#3984,.T.);
#5382=ORIENTED_EDGE('',*,*,#3995,.F.);
#5383=ORIENTED_EDGE('',*,*,#3996,.F.);
#5384=ORIENTED_EDGE('',*,*,#3997,.F.);
#5385=ORIENTED_EDGE('',*,*,#3998,.T.);
#5386=ORIENTED_EDGE('',*,*,#3999,.F.);
#5387=ORIENTED_EDGE('',*,*,#3998,.F.);
#5388=ORIENTED_EDGE('',*,*,#4000,.F.);
#5389=ORIENTED_EDGE('',*,*,#4001,.T.);
#5390=ORIENTED_EDGE('',*,*,#4002,.F.);
#5391=ORIENTED_EDGE('',*,*,#4001,.F.);
#5392=ORIENTED_EDGE('',*,*,#4003,.F.);
#5393=ORIENTED_EDGE('',*,*,#4004,.T.);
#5394=ORIENTED_EDGE('',*,*,#4005,.F.);
#5395=ORIENTED_EDGE('',*,*,#4004,.F.);
#5396=ORIENTED_EDGE('',*,*,#4006,.F.);
#5397=ORIENTED_EDGE('',*,*,#3996,.T.);
#5398=ORIENTED_EDGE('',*,*,#4007,.F.);
#5399=ORIENTED_EDGE('',*,*,#4008,.F.);
#5400=ORIENTED_EDGE('',*,*,#4009,.F.);
#5401=ORIENTED_EDGE('',*,*,#4010,.T.);
#5402=ORIENTED_EDGE('',*,*,#4011,.F.);
#5403=ORIENTED_EDGE('',*,*,#4010,.F.);
#5404=ORIENTED_EDGE('',*,*,#4012,.F.);
#5405=ORIENTED_EDGE('',*,*,#4013,.T.);
#5406=ORIENTED_EDGE('',*,*,#4014,.F.);
#5407=ORIENTED_EDGE('',*,*,#4013,.F.);
#5408=ORIENTED_EDGE('',*,*,#4015,.F.);
#5409=ORIENTED_EDGE('',*,*,#4016,.T.);
#5410=ORIENTED_EDGE('',*,*,#4017,.F.);
#5411=ORIENTED_EDGE('',*,*,#4016,.F.);
#5412=ORIENTED_EDGE('',*,*,#4018,.F.);
#5413=ORIENTED_EDGE('',*,*,#4008,.T.);
#5414=ORIENTED_EDGE('',*,*,#4019,.F.);
#5415=ORIENTED_EDGE('',*,*,#4020,.F.);
#5416=ORIENTED_EDGE('',*,*,#4021,.F.);
#5417=ORIENTED_EDGE('',*,*,#4022,.T.);
#5418=ORIENTED_EDGE('',*,*,#4023,.F.);
#5419=ORIENTED_EDGE('',*,*,#4022,.F.);
#5420=ORIENTED_EDGE('',*,*,#4024,.F.);
#5421=ORIENTED_EDGE('',*,*,#4025,.T.);
#5422=ORIENTED_EDGE('',*,*,#4026,.F.);
#5423=ORIENTED_EDGE('',*,*,#4025,.F.);
#5424=ORIENTED_EDGE('',*,*,#4027,.F.);
#5425=ORIENTED_EDGE('',*,*,#4028,.T.);
#5426=ORIENTED_EDGE('',*,*,#4029,.F.);
#5427=ORIENTED_EDGE('',*,*,#4028,.F.);
#5428=ORIENTED_EDGE('',*,*,#4030,.F.);
#5429=ORIENTED_EDGE('',*,*,#4020,.T.);
#5430=ORIENTED_EDGE('',*,*,#4031,.F.);
#5431=ORIENTED_EDGE('',*,*,#4032,.F.);
#5432=ORIENTED_EDGE('',*,*,#4033,.F.);
#5433=ORIENTED_EDGE('',*,*,#4034,.T.);
#5434=ORIENTED_EDGE('',*,*,#4035,.F.);
#5435=ORIENTED_EDGE('',*,*,#4034,.F.);
#5436=ORIENTED_EDGE('',*,*,#4036,.F.);
#5437=ORIENTED_EDGE('',*,*,#4037,.T.);
#5438=ORIENTED_EDGE('',*,*,#4038,.F.);
#5439=ORIENTED_EDGE('',*,*,#4037,.F.);
#5440=ORIENTED_EDGE('',*,*,#4039,.F.);
#5441=ORIENTED_EDGE('',*,*,#4040,.T.);
#5442=ORIENTED_EDGE('',*,*,#4041,.F.);
#5443=ORIENTED_EDGE('',*,*,#4040,.F.);
#5444=ORIENTED_EDGE('',*,*,#4042,.F.);
#5445=ORIENTED_EDGE('',*,*,#4032,.T.);
#5446=ORIENTED_EDGE('',*,*,#4043,.F.);
#5447=ORIENTED_EDGE('',*,*,#4044,.F.);
#5448=ORIENTED_EDGE('',*,*,#4045,.F.);
#5449=ORIENTED_EDGE('',*,*,#4046,.T.);
#5450=ORIENTED_EDGE('',*,*,#4047,.F.);
#5451=ORIENTED_EDGE('',*,*,#4046,.F.);
#5452=ORIENTED_EDGE('',*,*,#4048,.F.);
#5453=ORIENTED_EDGE('',*,*,#4049,.T.);
#5454=ORIENTED_EDGE('',*,*,#4050,.F.);
#5455=ORIENTED_EDGE('',*,*,#4049,.F.);
#5456=ORIENTED_EDGE('',*,*,#4051,.F.);
#5457=ORIENTED_EDGE('',*,*,#4052,.T.);
#5458=ORIENTED_EDGE('',*,*,#4053,.F.);
#5459=ORIENTED_EDGE('',*,*,#4052,.F.);
#5460=ORIENTED_EDGE('',*,*,#4054,.F.);
#5461=ORIENTED_EDGE('',*,*,#4044,.T.);
#5462=ORIENTED_EDGE('',*,*,#4055,.F.);
#5463=ORIENTED_EDGE('',*,*,#4056,.F.);
#5464=ORIENTED_EDGE('',*,*,#4057,.F.);
#5465=ORIENTED_EDGE('',*,*,#4058,.T.);
#5466=ORIENTED_EDGE('',*,*,#4059,.F.);
#5467=ORIENTED_EDGE('',*,*,#4058,.F.);
#5468=ORIENTED_EDGE('',*,*,#4060,.F.);
#5469=ORIENTED_EDGE('',*,*,#4061,.T.);
#5470=ORIENTED_EDGE('',*,*,#4062,.F.);
#5471=ORIENTED_EDGE('',*,*,#4061,.F.);
#5472=ORIENTED_EDGE('',*,*,#4063,.F.);
#5473=ORIENTED_EDGE('',*,*,#4064,.T.);
#5474=ORIENTED_EDGE('',*,*,#4065,.F.);
#5475=ORIENTED_EDGE('',*,*,#4064,.F.);
#5476=ORIENTED_EDGE('',*,*,#4066,.F.);
#5477=ORIENTED_EDGE('',*,*,#4056,.T.);
#5478=ORIENTED_EDGE('',*,*,#4067,.F.);
#5479=ORIENTED_EDGE('',*,*,#4068,.F.);
#5480=ORIENTED_EDGE('',*,*,#4069,.F.);
#5481=ORIENTED_EDGE('',*,*,#4070,.T.);
#5482=ORIENTED_EDGE('',*,*,#4071,.F.);
#5483=ORIENTED_EDGE('',*,*,#4070,.F.);
#5484=ORIENTED_EDGE('',*,*,#4072,.F.);
#5485=ORIENTED_EDGE('',*,*,#4073,.T.);
#5486=ORIENTED_EDGE('',*,*,#4074,.F.);
#5487=ORIENTED_EDGE('',*,*,#4073,.F.);
#5488=ORIENTED_EDGE('',*,*,#4075,.F.);
#5489=ORIENTED_EDGE('',*,*,#4076,.T.);
#5490=ORIENTED_EDGE('',*,*,#4077,.F.);
#5491=ORIENTED_EDGE('',*,*,#4076,.F.);
#5492=ORIENTED_EDGE('',*,*,#4078,.F.);
#5493=ORIENTED_EDGE('',*,*,#4068,.T.);
#5494=ORIENTED_EDGE('',*,*,#4079,.F.);
#5495=ORIENTED_EDGE('',*,*,#4080,.F.);
#5496=ORIENTED_EDGE('',*,*,#4081,.F.);
#5497=ORIENTED_EDGE('',*,*,#4082,.T.);
#5498=ORIENTED_EDGE('',*,*,#4083,.F.);
#5499=ORIENTED_EDGE('',*,*,#4082,.F.);
#5500=ORIENTED_EDGE('',*,*,#4084,.F.);
#5501=ORIENTED_EDGE('',*,*,#4085,.T.);
#5502=ORIENTED_EDGE('',*,*,#4086,.F.);
#5503=ORIENTED_EDGE('',*,*,#4085,.F.);
#5504=ORIENTED_EDGE('',*,*,#4087,.F.);
#5505=ORIENTED_EDGE('',*,*,#4088,.T.);
#5506=ORIENTED_EDGE('',*,*,#4089,.F.);
#5507=ORIENTED_EDGE('',*,*,#4088,.F.);
#5508=ORIENTED_EDGE('',*,*,#4090,.F.);
#5509=ORIENTED_EDGE('',*,*,#4080,.T.);
#5510=ORIENTED_EDGE('',*,*,#4091,.F.);
#5511=ORIENTED_EDGE('',*,*,#4092,.F.);
#5512=ORIENTED_EDGE('',*,*,#4093,.F.);
#5513=ORIENTED_EDGE('',*,*,#4094,.T.);
#5514=ORIENTED_EDGE('',*,*,#4095,.F.);
#5515=ORIENTED_EDGE('',*,*,#4094,.F.);
#5516=ORIENTED_EDGE('',*,*,#4096,.F.);
#5517=ORIENTED_EDGE('',*,*,#4097,.T.);
#5518=ORIENTED_EDGE('',*,*,#4098,.F.);
#5519=ORIENTED_EDGE('',*,*,#4097,.F.);
#5520=ORIENTED_EDGE('',*,*,#4099,.F.);
#5521=ORIENTED_EDGE('',*,*,#4100,.T.);
#5522=ORIENTED_EDGE('',*,*,#4101,.F.);
#5523=ORIENTED_EDGE('',*,*,#4100,.F.);
#5524=ORIENTED_EDGE('',*,*,#4102,.F.);
#5525=ORIENTED_EDGE('',*,*,#4092,.T.);
#5526=ORIENTED_EDGE('',*,*,#4103,.F.);
#5527=ORIENTED_EDGE('',*,*,#4104,.F.);
#5528=ORIENTED_EDGE('',*,*,#4105,.F.);
#5529=ORIENTED_EDGE('',*,*,#4106,.T.);
#5530=ORIENTED_EDGE('',*,*,#4107,.F.);
#5531=ORIENTED_EDGE('',*,*,#4106,.F.);
#5532=ORIENTED_EDGE('',*,*,#4108,.F.);
#5533=ORIENTED_EDGE('',*,*,#4109,.T.);
#5534=ORIENTED_EDGE('',*,*,#4110,.F.);
#5535=ORIENTED_EDGE('',*,*,#4109,.F.);
#5536=ORIENTED_EDGE('',*,*,#4111,.F.);
#5537=ORIENTED_EDGE('',*,*,#4112,.T.);
#5538=ORIENTED_EDGE('',*,*,#4113,.F.);
#5539=ORIENTED_EDGE('',*,*,#4112,.F.);
#5540=ORIENTED_EDGE('',*,*,#4114,.F.);
#5541=ORIENTED_EDGE('',*,*,#4104,.T.);
#5542=ORIENTED_EDGE('',*,*,#4115,.F.);
#5543=ORIENTED_EDGE('',*,*,#4116,.F.);
#5544=ORIENTED_EDGE('',*,*,#4117,.F.);
#5545=ORIENTED_EDGE('',*,*,#4118,.T.);
#5546=ORIENTED_EDGE('',*,*,#4119,.F.);
#5547=ORIENTED_EDGE('',*,*,#4118,.F.);
#5548=ORIENTED_EDGE('',*,*,#4120,.F.);
#5549=ORIENTED_EDGE('',*,*,#4121,.T.);
#5550=ORIENTED_EDGE('',*,*,#4122,.F.);
#5551=ORIENTED_EDGE('',*,*,#4121,.F.);
#5552=ORIENTED_EDGE('',*,*,#4123,.F.);
#5553=ORIENTED_EDGE('',*,*,#4124,.T.);
#5554=ORIENTED_EDGE('',*,*,#4125,.F.);
#5555=ORIENTED_EDGE('',*,*,#4124,.F.);
#5556=ORIENTED_EDGE('',*,*,#4126,.F.);
#5557=ORIENTED_EDGE('',*,*,#4116,.T.);
#5558=ORIENTED_EDGE('',*,*,#4127,.F.);
#5559=ORIENTED_EDGE('',*,*,#4128,.F.);
#5560=ORIENTED_EDGE('',*,*,#4129,.F.);
#5561=ORIENTED_EDGE('',*,*,#4130,.T.);
#5562=ORIENTED_EDGE('',*,*,#4131,.F.);
#5563=ORIENTED_EDGE('',*,*,#4130,.F.);
#5564=ORIENTED_EDGE('',*,*,#4132,.F.);
#5565=ORIENTED_EDGE('',*,*,#4133,.T.);
#5566=ORIENTED_EDGE('',*,*,#4134,.F.);
#5567=ORIENTED_EDGE('',*,*,#4133,.F.);
#5568=ORIENTED_EDGE('',*,*,#4135,.F.);
#5569=ORIENTED_EDGE('',*,*,#4136,.T.);
#5570=ORIENTED_EDGE('',*,*,#4137,.F.);
#5571=ORIENTED_EDGE('',*,*,#4136,.F.);
#5572=ORIENTED_EDGE('',*,*,#4138,.F.);
#5573=ORIENTED_EDGE('',*,*,#4128,.T.);
#5574=ORIENTED_EDGE('',*,*,#4139,.F.);
#5575=ORIENTED_EDGE('',*,*,#4140,.F.);
#5576=ORIENTED_EDGE('',*,*,#4141,.F.);
#5577=ORIENTED_EDGE('',*,*,#4142,.T.);
#5578=ORIENTED_EDGE('',*,*,#4143,.F.);
#5579=ORIENTED_EDGE('',*,*,#4142,.F.);
#5580=ORIENTED_EDGE('',*,*,#4144,.F.);
#5581=ORIENTED_EDGE('',*,*,#4145,.T.);
#5582=ORIENTED_EDGE('',*,*,#4146,.F.);
#5583=ORIENTED_EDGE('',*,*,#4145,.F.);
#5584=ORIENTED_EDGE('',*,*,#4147,.F.);
#5585=ORIENTED_EDGE('',*,*,#4148,.T.);
#5586=ORIENTED_EDGE('',*,*,#4149,.F.);
#5587=ORIENTED_EDGE('',*,*,#4148,.F.);
#5588=ORIENTED_EDGE('',*,*,#4150,.F.);
#5589=ORIENTED_EDGE('',*,*,#4140,.T.);
#5590=ORIENTED_EDGE('',*,*,#4151,.F.);
#5591=ORIENTED_EDGE('',*,*,#4152,.F.);
#5592=ORIENTED_EDGE('',*,*,#4153,.F.);
#5593=ORIENTED_EDGE('',*,*,#4154,.T.);
#5594=ORIENTED_EDGE('',*,*,#4155,.F.);
#5595=ORIENTED_EDGE('',*,*,#4154,.F.);
#5596=ORIENTED_EDGE('',*,*,#4156,.F.);
#5597=ORIENTED_EDGE('',*,*,#4157,.T.);
#5598=ORIENTED_EDGE('',*,*,#4158,.F.);
#5599=ORIENTED_EDGE('',*,*,#4157,.F.);
#5600=ORIENTED_EDGE('',*,*,#4159,.F.);
#5601=ORIENTED_EDGE('',*,*,#4160,.T.);
#5602=ORIENTED_EDGE('',*,*,#4161,.F.);
#5603=ORIENTED_EDGE('',*,*,#4160,.F.);
#5604=ORIENTED_EDGE('',*,*,#4162,.F.);
#5605=ORIENTED_EDGE('',*,*,#4152,.T.);
#5606=ORIENTED_EDGE('',*,*,#4163,.F.);
#5607=ORIENTED_EDGE('',*,*,#4164,.F.);
#5608=ORIENTED_EDGE('',*,*,#4165,.F.);
#5609=ORIENTED_EDGE('',*,*,#4166,.T.);
#5610=ORIENTED_EDGE('',*,*,#4167,.F.);
#5611=ORIENTED_EDGE('',*,*,#4166,.F.);
#5612=ORIENTED_EDGE('',*,*,#4168,.F.);
#5613=ORIENTED_EDGE('',*,*,#4169,.T.);
#5614=ORIENTED_EDGE('',*,*,#4170,.F.);
#5615=ORIENTED_EDGE('',*,*,#4169,.F.);
#5616=ORIENTED_EDGE('',*,*,#4171,.F.);
#5617=ORIENTED_EDGE('',*,*,#4172,.T.);
#5618=ORIENTED_EDGE('',*,*,#4173,.F.);
#5619=ORIENTED_EDGE('',*,*,#4172,.F.);
#5620=ORIENTED_EDGE('',*,*,#4174,.F.);
#5621=ORIENTED_EDGE('',*,*,#4164,.T.);
#5622=ORIENTED_EDGE('',*,*,#4175,.F.);
#5623=ORIENTED_EDGE('',*,*,#4176,.F.);
#5624=ORIENTED_EDGE('',*,*,#4177,.F.);
#5625=ORIENTED_EDGE('',*,*,#4178,.T.);
#5626=ORIENTED_EDGE('',*,*,#4179,.F.);
#5627=ORIENTED_EDGE('',*,*,#4178,.F.);
#5628=ORIENTED_EDGE('',*,*,#4180,.F.);
#5629=ORIENTED_EDGE('',*,*,#4181,.T.);
#5630=ORIENTED_EDGE('',*,*,#4182,.F.);
#5631=ORIENTED_EDGE('',*,*,#4181,.F.);
#5632=ORIENTED_EDGE('',*,*,#4183,.F.);
#5633=ORIENTED_EDGE('',*,*,#4184,.T.);
#5634=ORIENTED_EDGE('',*,*,#4185,.F.);
#5635=ORIENTED_EDGE('',*,*,#4184,.F.);
#5636=ORIENTED_EDGE('',*,*,#4186,.F.);
#5637=ORIENTED_EDGE('',*,*,#4176,.T.);
#5638=ORIENTED_EDGE('',*,*,#4187,.F.);
#5639=ORIENTED_EDGE('',*,*,#4188,.T.);
#5640=ORIENTED_EDGE('',*,*,#4189,.F.);
#5641=ORIENTED_EDGE('',*,*,#4188,.F.);
#5642=ORIENTED_EDGE('',*,*,#4190,.F.);
#5643=ORIENTED_EDGE('',*,*,#4191,.T.);
#5644=ORIENTED_EDGE('',*,*,#4192,.F.);
#5645=ORIENTED_EDGE('',*,*,#4191,.F.);
#5646=ORIENTED_EDGE('',*,*,#4193,.F.);
#5647=ORIENTED_EDGE('',*,*,#4194,.T.);
#5648=ORIENTED_EDGE('',*,*,#4195,.F.);
#5649=ORIENTED_EDGE('',*,*,#4194,.F.);
#5650=ORIENTED_EDGE('',*,*,#4196,.F.);
#5651=ORIENTED_EDGE('',*,*,#4197,.T.);
#5652=ORIENTED_EDGE('',*,*,#4198,.F.);
#5653=ORIENTED_EDGE('',*,*,#4197,.F.);
#5654=ORIENTED_EDGE('',*,*,#4199,.F.);
#5655=ORIENTED_EDGE('',*,*,#4200,.T.);
#5656=ORIENTED_EDGE('',*,*,#4201,.F.);
#5657=ORIENTED_EDGE('',*,*,#4200,.F.);
#5658=ORIENTED_EDGE('',*,*,#4202,.F.);
#5659=ORIENTED_EDGE('',*,*,#4203,.T.);
#5660=ORIENTED_EDGE('',*,*,#4204,.F.);
#5661=ORIENTED_EDGE('',*,*,#4203,.F.);
#5662=ORIENTED_EDGE('',*,*,#4205,.F.);
#5663=ORIENTED_EDGE('',*,*,#4206,.T.);
#5664=ORIENTED_EDGE('',*,*,#4207,.F.);
#5665=ORIENTED_EDGE('',*,*,#4206,.F.);
#5666=ORIENTED_EDGE('',*,*,#4208,.F.);
#5667=ORIENTED_EDGE('',*,*,#4209,.T.);
#5668=ORIENTED_EDGE('',*,*,#4210,.F.);
#5669=ORIENTED_EDGE('',*,*,#4209,.F.);
#5670=ORIENTED_EDGE('',*,*,#4211,.F.);
#5671=ORIENTED_EDGE('',*,*,#4212,.T.);
#5672=ORIENTED_EDGE('',*,*,#4213,.F.);
#5673=ORIENTED_EDGE('',*,*,#4212,.F.);
#5674=ORIENTED_EDGE('',*,*,#4214,.F.);
#5675=ORIENTED_EDGE('',*,*,#4215,.T.);
#5676=ORIENTED_EDGE('',*,*,#4216,.F.);
#5677=ORIENTED_EDGE('',*,*,#4215,.F.);
#5678=ORIENTED_EDGE('',*,*,#4217,.F.);
#5679=ORIENTED_EDGE('',*,*,#4218,.T.);
#5680=ORIENTED_EDGE('',*,*,#4219,.F.);
#5681=ORIENTED_EDGE('',*,*,#4218,.F.);
#5682=ORIENTED_EDGE('',*,*,#4220,.F.);
#5683=ORIENTED_EDGE('',*,*,#4221,.T.);
#5684=ORIENTED_EDGE('',*,*,#4222,.F.);
#5685=ORIENTED_EDGE('',*,*,#4221,.F.);
#5686=ORIENTED_EDGE('',*,*,#4223,.F.);
#5687=ORIENTED_EDGE('',*,*,#4224,.F.);
#5688=ORIENTED_EDGE('',*,*,#4225,.F.);
#5689=ORIENTED_EDGE('',*,*,#4226,.T.);
#5690=ORIENTED_EDGE('',*,*,#4227,.F.);
#5691=ORIENTED_EDGE('',*,*,#4226,.F.);
#5692=ORIENTED_EDGE('',*,*,#4228,.F.);
#5693=ORIENTED_EDGE('',*,*,#4229,.T.);
#5694=ORIENTED_EDGE('',*,*,#4230,.F.);
#5695=ORIENTED_EDGE('',*,*,#4229,.F.);
#5696=ORIENTED_EDGE('',*,*,#4231,.F.);
#5697=ORIENTED_EDGE('',*,*,#4232,.T.);
#5698=ORIENTED_EDGE('',*,*,#4233,.F.);
#5699=ORIENTED_EDGE('',*,*,#4232,.F.);
#5700=ORIENTED_EDGE('',*,*,#4234,.F.);
#5701=ORIENTED_EDGE('',*,*,#4224,.T.);
#5702=ORIENTED_EDGE('',*,*,#4235,.F.);
#5703=ORIENTED_EDGE('',*,*,#4236,.T.);
#5704=ORIENTED_EDGE('',*,*,#4237,.F.);
#5705=ORIENTED_EDGE('',*,*,#4236,.F.);
#5706=ORIENTED_EDGE('',*,*,#4238,.T.);
#5707=ORIENTED_EDGE('',*,*,#4239,.T.);
#5708=ORIENTED_EDGE('',*,*,#4240,.T.);
#5709=ORIENTED_EDGE('',*,*,#4241,.T.);
#5710=ORIENTED_EDGE('',*,*,#3371,.T.);
#5711=ORIENTED_EDGE('',*,*,#3375,.T.);
#5712=ORIENTED_EDGE('',*,*,#3378,.T.);
#5713=ORIENTED_EDGE('',*,*,#3381,.T.);
#5714=ORIENTED_EDGE('',*,*,#3384,.T.);
#5715=ORIENTED_EDGE('',*,*,#3387,.T.);
#5716=ORIENTED_EDGE('',*,*,#3390,.T.);
#5717=ORIENTED_EDGE('',*,*,#3393,.T.);
#5718=ORIENTED_EDGE('',*,*,#3396,.T.);
#5719=ORIENTED_EDGE('',*,*,#3399,.T.);
#5720=ORIENTED_EDGE('',*,*,#3402,.T.);
#5721=ORIENTED_EDGE('',*,*,#3405,.T.);
#5722=ORIENTED_EDGE('',*,*,#3408,.T.);
#5723=ORIENTED_EDGE('',*,*,#3411,.T.);
#5724=ORIENTED_EDGE('',*,*,#3414,.T.);
#5725=ORIENTED_EDGE('',*,*,#3417,.T.);
#5726=ORIENTED_EDGE('',*,*,#3420,.T.);
#5727=ORIENTED_EDGE('',*,*,#3423,.T.);
#5728=ORIENTED_EDGE('',*,*,#3426,.T.);
#5729=ORIENTED_EDGE('',*,*,#3429,.T.);
#5730=ORIENTED_EDGE('',*,*,#3524,.T.);
#5731=ORIENTED_EDGE('',*,*,#3528,.T.);
#5732=ORIENTED_EDGE('',*,*,#3531,.T.);
#5733=ORIENTED_EDGE('',*,*,#3534,.T.);
#5734=ORIENTED_EDGE('',*,*,#3537,.T.);
#5735=ORIENTED_EDGE('',*,*,#3540,.T.);
#5736=ORIENTED_EDGE('',*,*,#3543,.T.);
#5737=ORIENTED_EDGE('',*,*,#3546,.T.);
#5738=ORIENTED_EDGE('',*,*,#3549,.T.);
#5739=ORIENTED_EDGE('',*,*,#3552,.T.);
#5740=ORIENTED_EDGE('',*,*,#3555,.T.);
#5741=ORIENTED_EDGE('',*,*,#3558,.T.);
#5742=ORIENTED_EDGE('',*,*,#3561,.T.);
#5743=ORIENTED_EDGE('',*,*,#3564,.T.);
#5744=ORIENTED_EDGE('',*,*,#3567,.T.);
#5745=ORIENTED_EDGE('',*,*,#3570,.T.);
#5746=ORIENTED_EDGE('',*,*,#3573,.T.);
#5747=ORIENTED_EDGE('',*,*,#3576,.T.);
#5748=ORIENTED_EDGE('',*,*,#3579,.T.);
#5749=ORIENTED_EDGE('',*,*,#3582,.T.);
#5750=ORIENTED_EDGE('',*,*,#3665,.T.);
#5751=ORIENTED_EDGE('',*,*,#3669,.T.);
#5752=ORIENTED_EDGE('',*,*,#3672,.T.);
#5753=ORIENTED_EDGE('',*,*,#3675,.T.);
#5754=ORIENTED_EDGE('',*,*,#3678,.T.);
#5755=ORIENTED_EDGE('',*,*,#3681,.T.);
#5756=ORIENTED_EDGE('',*,*,#3684,.T.);
#5757=ORIENTED_EDGE('',*,*,#3687,.T.);
#5758=ORIENTED_EDGE('',*,*,#3690,.T.);
#5759=ORIENTED_EDGE('',*,*,#3746,.T.);
#5760=ORIENTED_EDGE('',*,*,#3750,.T.);
#5761=ORIENTED_EDGE('',*,*,#3753,.T.);
#5762=ORIENTED_EDGE('',*,*,#3756,.T.);
#5763=ORIENTED_EDGE('',*,*,#3759,.T.);
#5764=ORIENTED_EDGE('',*,*,#3762,.T.);
#5765=ORIENTED_EDGE('',*,*,#3765,.T.);
#5766=ORIENTED_EDGE('',*,*,#3768,.T.);
#5767=ORIENTED_EDGE('',*,*,#3771,.T.);
#5768=ORIENTED_EDGE('',*,*,#3774,.T.);
#5769=ORIENTED_EDGE('',*,*,#3777,.T.);
#5770=ORIENTED_EDGE('',*,*,#3780,.T.);
#5771=ORIENTED_EDGE('',*,*,#3783,.T.);
#5772=ORIENTED_EDGE('',*,*,#3786,.T.);
#5773=ORIENTED_EDGE('',*,*,#3789,.T.);
#5774=ORIENTED_EDGE('',*,*,#3807,.T.);
#5775=ORIENTED_EDGE('',*,*,#3803,.T.);
#5776=ORIENTED_EDGE('',*,*,#3810,.T.);
#5777=ORIENTED_EDGE('',*,*,#3813,.T.);
#5778=ORIENTED_EDGE('',*,*,#3835,.T.);
#5779=ORIENTED_EDGE('',*,*,#3832,.T.);
#5780=ORIENTED_EDGE('',*,*,#3829,.T.);
#5781=ORIENTED_EDGE('',*,*,#3838,.T.);
#5782=ORIENTED_EDGE('',*,*,#3847,.T.);
#5783=ORIENTED_EDGE('',*,*,#3844,.T.);
#5784=ORIENTED_EDGE('',*,*,#3841,.T.);
#5785=ORIENTED_EDGE('',*,*,#3850,.T.);
#5786=ORIENTED_EDGE('',*,*,#3859,.T.);
#5787=ORIENTED_EDGE('',*,*,#3856,.T.);
#5788=ORIENTED_EDGE('',*,*,#3853,.T.);
#5789=ORIENTED_EDGE('',*,*,#3862,.T.);
#5790=ORIENTED_EDGE('',*,*,#3871,.T.);
#5791=ORIENTED_EDGE('',*,*,#3868,.T.);
#5792=ORIENTED_EDGE('',*,*,#3865,.T.);
#5793=ORIENTED_EDGE('',*,*,#3874,.T.);
#5794=ORIENTED_EDGE('',*,*,#3883,.T.);
#5795=ORIENTED_EDGE('',*,*,#3880,.T.);
#5796=ORIENTED_EDGE('',*,*,#3877,.T.);
#5797=ORIENTED_EDGE('',*,*,#3886,.T.);
#5798=ORIENTED_EDGE('',*,*,#3943,.T.);
#5799=ORIENTED_EDGE('',*,*,#3940,.T.);
#5800=ORIENTED_EDGE('',*,*,#3937,.T.);
#5801=ORIENTED_EDGE('',*,*,#3946,.T.);
#5802=ORIENTED_EDGE('',*,*,#3955,.T.);
#5803=ORIENTED_EDGE('',*,*,#3952,.T.);
#5804=ORIENTED_EDGE('',*,*,#3949,.T.);
#5805=ORIENTED_EDGE('',*,*,#3958,.T.);
#5806=ORIENTED_EDGE('',*,*,#3967,.T.);
#5807=ORIENTED_EDGE('',*,*,#3964,.T.);
#5808=ORIENTED_EDGE('',*,*,#3961,.T.);
#5809=ORIENTED_EDGE('',*,*,#3970,.T.);
#5810=ORIENTED_EDGE('',*,*,#3979,.T.);
#5811=ORIENTED_EDGE('',*,*,#3976,.T.);
#5812=ORIENTED_EDGE('',*,*,#3973,.T.);
#5813=ORIENTED_EDGE('',*,*,#3982,.T.);
#5814=ORIENTED_EDGE('',*,*,#4039,.T.);
#5815=ORIENTED_EDGE('',*,*,#4036,.T.);
#5816=ORIENTED_EDGE('',*,*,#4033,.T.);
#5817=ORIENTED_EDGE('',*,*,#4042,.T.);
#5818=ORIENTED_EDGE('',*,*,#4051,.T.);
#5819=ORIENTED_EDGE('',*,*,#4048,.T.);
#5820=ORIENTED_EDGE('',*,*,#4045,.T.);
#5821=ORIENTED_EDGE('',*,*,#4054,.T.);
#5822=ORIENTED_EDGE('',*,*,#4063,.T.);
#5823=ORIENTED_EDGE('',*,*,#4060,.T.);
#5824=ORIENTED_EDGE('',*,*,#4057,.T.);
#5825=ORIENTED_EDGE('',*,*,#4066,.T.);
#5826=ORIENTED_EDGE('',*,*,#4075,.T.);
#5827=ORIENTED_EDGE('',*,*,#4072,.T.);
#5828=ORIENTED_EDGE('',*,*,#4069,.T.);
#5829=ORIENTED_EDGE('',*,*,#4078,.T.);
#5830=ORIENTED_EDGE('',*,*,#4135,.T.);
#5831=ORIENTED_EDGE('',*,*,#4132,.T.);
#5832=ORIENTED_EDGE('',*,*,#4129,.T.);
#5833=ORIENTED_EDGE('',*,*,#4138,.T.);
#5834=ORIENTED_EDGE('',*,*,#4147,.T.);
#5835=ORIENTED_EDGE('',*,*,#4144,.T.);
#5836=ORIENTED_EDGE('',*,*,#4141,.T.);
#5837=ORIENTED_EDGE('',*,*,#4150,.T.);
#5838=ORIENTED_EDGE('',*,*,#4159,.T.);
#5839=ORIENTED_EDGE('',*,*,#4156,.T.);
#5840=ORIENTED_EDGE('',*,*,#4153,.T.);
#5841=ORIENTED_EDGE('',*,*,#4162,.T.);
#5842=ORIENTED_EDGE('',*,*,#4171,.T.);
#5843=ORIENTED_EDGE('',*,*,#4168,.T.);
#5844=ORIENTED_EDGE('',*,*,#4165,.T.);
#5845=ORIENTED_EDGE('',*,*,#4174,.T.);
#5846=ORIENTED_EDGE('',*,*,#4187,.T.);
#5847=ORIENTED_EDGE('',*,*,#4190,.T.);
#5848=ORIENTED_EDGE('',*,*,#4214,.T.);
#5849=ORIENTED_EDGE('',*,*,#4217,.T.);
#5850=ORIENTED_EDGE('',*,*,#4220,.T.);
#5851=ORIENTED_EDGE('',*,*,#4231,.T.);
#5852=ORIENTED_EDGE('',*,*,#4228,.T.);
#5853=ORIENTED_EDGE('',*,*,#4225,.T.);
#5854=ORIENTED_EDGE('',*,*,#4234,.T.);
#5855=ORIENTED_EDGE('',*,*,#4235,.T.);
#5856=ORIENTED_EDGE('',*,*,#4211,.T.);
#5857=ORIENTED_EDGE('',*,*,#4208,.T.);
#5858=ORIENTED_EDGE('',*,*,#4205,.T.);
#5859=ORIENTED_EDGE('',*,*,#4202,.T.);
#5860=ORIENTED_EDGE('',*,*,#4199,.T.);
#5861=ORIENTED_EDGE('',*,*,#4196,.T.);
#5862=ORIENTED_EDGE('',*,*,#4193,.T.);
#5863=ORIENTED_EDGE('',*,*,#4183,.T.);
#5864=ORIENTED_EDGE('',*,*,#4180,.T.);
#5865=ORIENTED_EDGE('',*,*,#4177,.T.);
#5866=ORIENTED_EDGE('',*,*,#4186,.T.);
#5867=ORIENTED_EDGE('',*,*,#4123,.T.);
#5868=ORIENTED_EDGE('',*,*,#4120,.T.);
#5869=ORIENTED_EDGE('',*,*,#4117,.T.);
#5870=ORIENTED_EDGE('',*,*,#4126,.T.);
#5871=ORIENTED_EDGE('',*,*,#4111,.T.);
#5872=ORIENTED_EDGE('',*,*,#4108,.T.);
#5873=ORIENTED_EDGE('',*,*,#4105,.T.);
#5874=ORIENTED_EDGE('',*,*,#4114,.T.);
#5875=ORIENTED_EDGE('',*,*,#4099,.T.);
#5876=ORIENTED_EDGE('',*,*,#4096,.T.);
#5877=ORIENTED_EDGE('',*,*,#4093,.T.);
#5878=ORIENTED_EDGE('',*,*,#4102,.T.);
#5879=ORIENTED_EDGE('',*,*,#4087,.T.);
#5880=ORIENTED_EDGE('',*,*,#4084,.T.);
#5881=ORIENTED_EDGE('',*,*,#4081,.T.);
#5882=ORIENTED_EDGE('',*,*,#4090,.T.);
#5883=ORIENTED_EDGE('',*,*,#4027,.T.);
#5884=ORIENTED_EDGE('',*,*,#4024,.T.);
#5885=ORIENTED_EDGE('',*,*,#4021,.T.);
#5886=ORIENTED_EDGE('',*,*,#4030,.T.);
#5887=ORIENTED_EDGE('',*,*,#4015,.T.);
#5888=ORIENTED_EDGE('',*,*,#4012,.T.);
#5889=ORIENTED_EDGE('',*,*,#4009,.T.);
#5890=ORIENTED_EDGE('',*,*,#4018,.T.);
#5891=ORIENTED_EDGE('',*,*,#4003,.T.);
#5892=ORIENTED_EDGE('',*,*,#4000,.T.);
#5893=ORIENTED_EDGE('',*,*,#3997,.T.);
#5894=ORIENTED_EDGE('',*,*,#4006,.T.);
#5895=ORIENTED_EDGE('',*,*,#3991,.T.);
#5896=ORIENTED_EDGE('',*,*,#3988,.T.);
#5897=ORIENTED_EDGE('',*,*,#3985,.T.);
#5898=ORIENTED_EDGE('',*,*,#3994,.T.);
#5899=ORIENTED_EDGE('',*,*,#3931,.T.);
#5900=ORIENTED_EDGE('',*,*,#3928,.T.);
#5901=ORIENTED_EDGE('',*,*,#3925,.T.);
#5902=ORIENTED_EDGE('',*,*,#3934,.T.);
#5903=ORIENTED_EDGE('',*,*,#3919,.T.);
#5904=ORIENTED_EDGE('',*,*,#3916,.T.);
#5905=ORIENTED_EDGE('',*,*,#3913,.T.);
#5906=ORIENTED_EDGE('',*,*,#3922,.T.);
#5907=ORIENTED_EDGE('',*,*,#3907,.T.);
#5908=ORIENTED_EDGE('',*,*,#3904,.T.);
#5909=ORIENTED_EDGE('',*,*,#3901,.T.);
#5910=ORIENTED_EDGE('',*,*,#3910,.T.);
#5911=ORIENTED_EDGE('',*,*,#3895,.T.);
#5912=ORIENTED_EDGE('',*,*,#3892,.T.);
#5913=ORIENTED_EDGE('',*,*,#3889,.T.);
#5914=ORIENTED_EDGE('',*,*,#3898,.T.);
#5915=ORIENTED_EDGE('',*,*,#3819,.T.);
#5916=ORIENTED_EDGE('',*,*,#3815,.T.);
#5917=ORIENTED_EDGE('',*,*,#3822,.T.);
#5918=ORIENTED_EDGE('',*,*,#3825,.T.);
#5919=ORIENTED_EDGE('',*,*,#3800,.T.);
#5920=ORIENTED_EDGE('',*,*,#3797,.T.);
#5921=ORIENTED_EDGE('',*,*,#3794,.T.);
#5922=ORIENTED_EDGE('',*,*,#3791,.T.);
#5923=ORIENTED_EDGE('',*,*,#3692,.T.);
#5924=ORIENTED_EDGE('',*,*,#3696,.T.);
#5925=ORIENTED_EDGE('',*,*,#3699,.T.);
#5926=ORIENTED_EDGE('',*,*,#3702,.T.);
#5927=ORIENTED_EDGE('',*,*,#3705,.T.);
#5928=ORIENTED_EDGE('',*,*,#3708,.T.);
#5929=ORIENTED_EDGE('',*,*,#3711,.T.);
#5930=ORIENTED_EDGE('',*,*,#3714,.T.);
#5931=ORIENTED_EDGE('',*,*,#3717,.T.);
#5932=ORIENTED_EDGE('',*,*,#3720,.T.);
#5933=ORIENTED_EDGE('',*,*,#3723,.T.);
#5934=ORIENTED_EDGE('',*,*,#3726,.T.);
#5935=ORIENTED_EDGE('',*,*,#3611,.T.);
#5936=ORIENTED_EDGE('',*,*,#3615,.T.);
#5937=ORIENTED_EDGE('',*,*,#3618,.T.);
#5938=ORIENTED_EDGE('',*,*,#3621,.T.);
#5939=ORIENTED_EDGE('',*,*,#3624,.T.);
#5940=ORIENTED_EDGE('',*,*,#3627,.T.);
#5941=ORIENTED_EDGE('',*,*,#3630,.T.);
#5942=ORIENTED_EDGE('',*,*,#3633,.T.);
#5943=ORIENTED_EDGE('',*,*,#3636,.T.);
#5944=ORIENTED_EDGE('',*,*,#3431,.T.);
#5945=ORIENTED_EDGE('',*,*,#3435,.T.);
#5946=ORIENTED_EDGE('',*,*,#3438,.T.);
#5947=ORIENTED_EDGE('',*,*,#3441,.T.);
#5948=ORIENTED_EDGE('',*,*,#3444,.T.);
#5949=ORIENTED_EDGE('',*,*,#3447,.T.);
#5950=ORIENTED_EDGE('',*,*,#3450,.T.);
#5951=ORIENTED_EDGE('',*,*,#3453,.T.);
#5952=ORIENTED_EDGE('',*,*,#3456,.T.);
#5953=ORIENTED_EDGE('',*,*,#3459,.T.);
#5954=ORIENTED_EDGE('',*,*,#3462,.T.);
#5955=ORIENTED_EDGE('',*,*,#3465,.T.);
#5956=ORIENTED_EDGE('',*,*,#3468,.T.);
#5957=ORIENTED_EDGE('',*,*,#3471,.T.);
#5958=ORIENTED_EDGE('',*,*,#3474,.T.);
#5959=ORIENTED_EDGE('',*,*,#3477,.T.);
#5960=ORIENTED_EDGE('',*,*,#3480,.T.);
#5961=ORIENTED_EDGE('',*,*,#3483,.T.);
#5962=ORIENTED_EDGE('',*,*,#3486,.T.);
#5963=ORIENTED_EDGE('',*,*,#3489,.T.);
#5964=ORIENTED_EDGE('',*,*,#3492,.T.);
#5965=ORIENTED_EDGE('',*,*,#3495,.T.);
#5966=ORIENTED_EDGE('',*,*,#3498,.T.);
#5967=ORIENTED_EDGE('',*,*,#3501,.T.);
#5968=ORIENTED_EDGE('',*,*,#3504,.T.);
#5969=ORIENTED_EDGE('',*,*,#3507,.T.);
#5970=ORIENTED_EDGE('',*,*,#3510,.T.);
#5971=ORIENTED_EDGE('',*,*,#3513,.T.);
#5972=ORIENTED_EDGE('',*,*,#3516,.T.);
#5973=ORIENTED_EDGE('',*,*,#3519,.T.);
#5974=ORIENTED_EDGE('',*,*,#3522,.T.);
#5975=ORIENTED_EDGE('',*,*,#3323,.T.);
#5976=ORIENTED_EDGE('',*,*,#3327,.T.);
#5977=ORIENTED_EDGE('',*,*,#3330,.T.);
#5978=ORIENTED_EDGE('',*,*,#3333,.T.);
#5979=ORIENTED_EDGE('',*,*,#3336,.T.);
#5980=ORIENTED_EDGE('',*,*,#3339,.T.);
#5981=ORIENTED_EDGE('',*,*,#3342,.T.);
#5982=ORIENTED_EDGE('',*,*,#3345,.T.);
#5983=ORIENTED_EDGE('',*,*,#3348,.T.);
#5984=ORIENTED_EDGE('',*,*,#3351,.T.);
#5985=ORIENTED_EDGE('',*,*,#3354,.T.);
#5986=ORIENTED_EDGE('',*,*,#3357,.T.);
#5987=ORIENTED_EDGE('',*,*,#3360,.T.);
#5988=ORIENTED_EDGE('',*,*,#3363,.T.);
#5989=ORIENTED_EDGE('',*,*,#3366,.T.);
#5990=ORIENTED_EDGE('',*,*,#3369,.T.);
#5991=ORIENTED_EDGE('',*,*,#4242,.T.);
#5992=ORIENTED_EDGE('',*,*,#4243,.T.);
#5993=ORIENTED_EDGE('',*,*,#4244,.T.);
#5994=ORIENTED_EDGE('',*,*,#4245,.T.);
#5995=ORIENTED_EDGE('',*,*,#3834,.T.);
#5996=ORIENTED_EDGE('',*,*,#3837,.T.);
#5997=ORIENTED_EDGE('',*,*,#3827,.T.);
#5998=ORIENTED_EDGE('',*,*,#3831,.T.);
#5999=ORIENTED_EDGE('',*,*,#3846,.T.);
#6000=ORIENTED_EDGE('',*,*,#3849,.T.);
#6001=ORIENTED_EDGE('',*,*,#3839,.T.);
#6002=ORIENTED_EDGE('',*,*,#3843,.T.);
#6003=ORIENTED_EDGE('',*,*,#3858,.T.);
#6004=ORIENTED_EDGE('',*,*,#3861,.T.);
#6005=ORIENTED_EDGE('',*,*,#3851,.T.);
#6006=ORIENTED_EDGE('',*,*,#3855,.T.);
#6007=ORIENTED_EDGE('',*,*,#3870,.T.);
#6008=ORIENTED_EDGE('',*,*,#3873,.T.);
#6009=ORIENTED_EDGE('',*,*,#3863,.T.);
#6010=ORIENTED_EDGE('',*,*,#3867,.T.);
#6011=ORIENTED_EDGE('',*,*,#3882,.T.);
#6012=ORIENTED_EDGE('',*,*,#3885,.T.);
#6013=ORIENTED_EDGE('',*,*,#3875,.T.);
#6014=ORIENTED_EDGE('',*,*,#3879,.T.);
#6015=ORIENTED_EDGE('',*,*,#3942,.T.);
#6016=ORIENTED_EDGE('',*,*,#3945,.T.);
#6017=ORIENTED_EDGE('',*,*,#3935,.T.);
#6018=ORIENTED_EDGE('',*,*,#3939,.T.);
#6019=ORIENTED_EDGE('',*,*,#3954,.T.);
#6020=ORIENTED_EDGE('',*,*,#3957,.T.);
#6021=ORIENTED_EDGE('',*,*,#3947,.T.);
#6022=ORIENTED_EDGE('',*,*,#3951,.T.);
#6023=ORIENTED_EDGE('',*,*,#3966,.T.);
#6024=ORIENTED_EDGE('',*,*,#3969,.T.);
#6025=ORIENTED_EDGE('',*,*,#3959,.T.);
#6026=ORIENTED_EDGE('',*,*,#3963,.T.);
#6027=ORIENTED_EDGE('',*,*,#3978,.T.);
#6028=ORIENTED_EDGE('',*,*,#3981,.T.);
#6029=ORIENTED_EDGE('',*,*,#3971,.T.);
#6030=ORIENTED_EDGE('',*,*,#3975,.T.);
#6031=ORIENTED_EDGE('',*,*,#4038,.T.);
#6032=ORIENTED_EDGE('',*,*,#4041,.T.);
#6033=ORIENTED_EDGE('',*,*,#4031,.T.);
#6034=ORIENTED_EDGE('',*,*,#4035,.T.);
#6035=ORIENTED_EDGE('',*,*,#4050,.T.);
#6036=ORIENTED_EDGE('',*,*,#4053,.T.);
#6037=ORIENTED_EDGE('',*,*,#4043,.T.);
#6038=ORIENTED_EDGE('',*,*,#4047,.T.);
#6039=ORIENTED_EDGE('',*,*,#4062,.T.);
#6040=ORIENTED_EDGE('',*,*,#4065,.T.);
#6041=ORIENTED_EDGE('',*,*,#4055,.T.);
#6042=ORIENTED_EDGE('',*,*,#4059,.T.);
#6043=ORIENTED_EDGE('',*,*,#4074,.T.);
#6044=ORIENTED_EDGE('',*,*,#4077,.T.);
#6045=ORIENTED_EDGE('',*,*,#4067,.T.);
#6046=ORIENTED_EDGE('',*,*,#4071,.T.);
#6047=ORIENTED_EDGE('',*,*,#4134,.T.);
#6048=ORIENTED_EDGE('',*,*,#4137,.T.);
#6049=ORIENTED_EDGE('',*,*,#4127,.T.);
#6050=ORIENTED_EDGE('',*,*,#4131,.T.);
#6051=ORIENTED_EDGE('',*,*,#4146,.T.);
#6052=ORIENTED_EDGE('',*,*,#4149,.T.);
#6053=ORIENTED_EDGE('',*,*,#4139,.T.);
#6054=ORIENTED_EDGE('',*,*,#4143,.T.);
#6055=ORIENTED_EDGE('',*,*,#4158,.T.);
#6056=ORIENTED_EDGE('',*,*,#4161,.T.);
#6057=ORIENTED_EDGE('',*,*,#4151,.T.);
#6058=ORIENTED_EDGE('',*,*,#4155,.T.);
#6059=ORIENTED_EDGE('',*,*,#4170,.T.);
#6060=ORIENTED_EDGE('',*,*,#4173,.T.);
#6061=ORIENTED_EDGE('',*,*,#4163,.T.);
#6062=ORIENTED_EDGE('',*,*,#4167,.T.);
#6063=ORIENTED_EDGE('',*,*,#4189,.T.);
#6064=ORIENTED_EDGE('',*,*,#4192,.T.);
#6065=ORIENTED_EDGE('',*,*,#4216,.T.);
#6066=ORIENTED_EDGE('',*,*,#4219,.T.);
#6067=ORIENTED_EDGE('',*,*,#4222,.T.);
#6068=ORIENTED_EDGE('',*,*,#4230,.T.);
#6069=ORIENTED_EDGE('',*,*,#4233,.T.);
#6070=ORIENTED_EDGE('',*,*,#4223,.T.);
#6071=ORIENTED_EDGE('',*,*,#4227,.T.);
#6072=ORIENTED_EDGE('',*,*,#4237,.T.);
#6073=ORIENTED_EDGE('',*,*,#4213,.T.);
#6074=ORIENTED_EDGE('',*,*,#4210,.T.);
#6075=ORIENTED_EDGE('',*,*,#4207,.T.);
#6076=ORIENTED_EDGE('',*,*,#4204,.T.);
#6077=ORIENTED_EDGE('',*,*,#4201,.T.);
#6078=ORIENTED_EDGE('',*,*,#4198,.T.);
#6079=ORIENTED_EDGE('',*,*,#4195,.T.);
#6080=ORIENTED_EDGE('',*,*,#4182,.T.);
#6081=ORIENTED_EDGE('',*,*,#4185,.T.);
#6082=ORIENTED_EDGE('',*,*,#4175,.T.);
#6083=ORIENTED_EDGE('',*,*,#4179,.T.);
#6084=ORIENTED_EDGE('',*,*,#4122,.T.);
#6085=ORIENTED_EDGE('',*,*,#4125,.T.);
#6086=ORIENTED_EDGE('',*,*,#4115,.T.);
#6087=ORIENTED_EDGE('',*,*,#4119,.T.);
#6088=ORIENTED_EDGE('',*,*,#4110,.T.);
#6089=ORIENTED_EDGE('',*,*,#4113,.T.);
#6090=ORIENTED_EDGE('',*,*,#4103,.T.);
#6091=ORIENTED_EDGE('',*,*,#4107,.T.);
#6092=ORIENTED_EDGE('',*,*,#4098,.T.);
#6093=ORIENTED_EDGE('',*,*,#4101,.T.);
#6094=ORIENTED_EDGE('',*,*,#4091,.T.);
#6095=ORIENTED_EDGE('',*,*,#4095,.T.);
#6096=ORIENTED_EDGE('',*,*,#4086,.T.);
#6097=ORIENTED_EDGE('',*,*,#4089,.T.);
#6098=ORIENTED_EDGE('',*,*,#4079,.T.);
#6099=ORIENTED_EDGE('',*,*,#4083,.T.);
#6100=ORIENTED_EDGE('',*,*,#4026,.T.);
#6101=ORIENTED_EDGE('',*,*,#4029,.T.);
#6102=ORIENTED_EDGE('',*,*,#4019,.T.);
#6103=ORIENTED_EDGE('',*,*,#4023,.T.);
#6104=ORIENTED_EDGE('',*,*,#4014,.T.);
#6105=ORIENTED_EDGE('',*,*,#4017,.T.);
#6106=ORIENTED_EDGE('',*,*,#4007,.T.);
#6107=ORIENTED_EDGE('',*,*,#4011,.T.);
#6108=ORIENTED_EDGE('',*,*,#4002,.T.);
#6109=ORIENTED_EDGE('',*,*,#4005,.T.);
#6110=ORIENTED_EDGE('',*,*,#3995,.T.);
#6111=ORIENTED_EDGE('',*,*,#3999,.T.);
#6112=ORIENTED_EDGE('',*,*,#3990,.T.);
#6113=ORIENTED_EDGE('',*,*,#3993,.T.);
#6114=ORIENTED_EDGE('',*,*,#3983,.T.);
#6115=ORIENTED_EDGE('',*,*,#3987,.T.);
#6116=ORIENTED_EDGE('',*,*,#3930,.T.);
#6117=ORIENTED_EDGE('',*,*,#3933,.T.);
#6118=ORIENTED_EDGE('',*,*,#3923,.T.);
#6119=ORIENTED_EDGE('',*,*,#3927,.T.);
#6120=ORIENTED_EDGE('',*,*,#3918,.T.);
#6121=ORIENTED_EDGE('',*,*,#3921,.T.);
#6122=ORIENTED_EDGE('',*,*,#3911,.T.);
#6123=ORIENTED_EDGE('',*,*,#3915,.T.);
#6124=ORIENTED_EDGE('',*,*,#3906,.T.);
#6125=ORIENTED_EDGE('',*,*,#3909,.T.);
#6126=ORIENTED_EDGE('',*,*,#3899,.T.);
#6127=ORIENTED_EDGE('',*,*,#3903,.T.);
#6128=ORIENTED_EDGE('',*,*,#3894,.T.);
#6129=ORIENTED_EDGE('',*,*,#3897,.T.);
#6130=ORIENTED_EDGE('',*,*,#3887,.T.);
#6131=ORIENTED_EDGE('',*,*,#3891,.T.);
#6132=ORIENTED_EDGE('',*,*,#3802,.T.);
#6133=ORIENTED_EDGE('',*,*,#3799,.T.);
#6134=ORIENTED_EDGE('',*,*,#3796,.T.);
#6135=ORIENTED_EDGE('',*,*,#3793,.T.);
#6136=ORIENTED_EDGE('',*,*,#4246,.T.);
#6137=ORIENTED_EDGE('',*,*,#4243,.F.);
#6138=ORIENTED_EDGE('',*,*,#4247,.F.);
#6139=ORIENTED_EDGE('',*,*,#4241,.F.);
#6140=ORIENTED_EDGE('',*,*,#4248,.T.);
#6141=ORIENTED_EDGE('',*,*,#4244,.F.);
#6142=ORIENTED_EDGE('',*,*,#4246,.F.);
#6143=ORIENTED_EDGE('',*,*,#4240,.F.);
#6144=ORIENTED_EDGE('',*,*,#4249,.T.);
#6145=ORIENTED_EDGE('',*,*,#4245,.F.);
#6146=ORIENTED_EDGE('',*,*,#4248,.F.);
#6147=ORIENTED_EDGE('',*,*,#4239,.F.);
#6148=ORIENTED_EDGE('',*,*,#4247,.T.);
#6149=ORIENTED_EDGE('',*,*,#4242,.F.);
#6150=ORIENTED_EDGE('',*,*,#4249,.F.);
#6151=ORIENTED_EDGE('',*,*,#4238,.F.);
#6152=PLANE('',#6694);
#6153=PLANE('',#6695);
#6154=PLANE('',#6696);
#6155=PLANE('',#6697);
#6156=PLANE('',#6698);
#6157=PLANE('',#6699);
#6158=PLANE('',#6700);
#6159=PLANE('',#6701);
#6160=PLANE('',#6702);
#6161=PLANE('',#6703);
#6162=PLANE('',#6704);
#6163=PLANE('',#6705);
#6164=PLANE('',#6706);
#6165=PLANE('',#6707);
#6166=PLANE('',#6708);
#6167=PLANE('',#6709);
#6168=PLANE('',#6710);
#6169=PLANE('',#6711);
#6170=PLANE('',#6712);
#6171=PLANE('',#6713);
#6172=PLANE('',#6714);
#6173=PLANE('',#6715);
#6174=PLANE('',#6716);
#6175=PLANE('',#6717);
#6176=PLANE('',#6718);
#6177=PLANE('',#6719);
#6178=PLANE('',#6720);
#6179=PLANE('',#6721);
#6180=PLANE('',#6722);
#6181=PLANE('',#6723);
#6182=PLANE('',#6724);
#6183=PLANE('',#6725);
#6184=PLANE('',#6726);
#6185=PLANE('',#6727);
#6186=PLANE('',#6728);
#6187=PLANE('',#6729);
#6188=PLANE('',#6730);
#6189=PLANE('',#6731);
#6190=PLANE('',#6732);
#6191=PLANE('',#6733);
#6192=PLANE('',#6734);
#6193=PLANE('',#6735);
#6194=PLANE('',#6736);
#6195=PLANE('',#6737);
#6196=PLANE('',#6738);
#6197=PLANE('',#6739);
#6198=PLANE('',#6740);
#6199=PLANE('',#6741);
#6200=PLANE('',#6742);
#6201=PLANE('',#6743);
#6202=PLANE('',#6744);
#6203=PLANE('',#6745);
#6204=PLANE('',#6746);
#6205=PLANE('',#6747);
#6206=PLANE('',#6748);
#6207=PLANE('',#6761);
#6208=PLANE('',#6762);
#6209=PLANE('',#6763);
#6210=PLANE('',#6764);
#6211=PLANE('',#6765);
#6212=PLANE('',#6766);
#6213=PLANE('',#6767);
#6214=PLANE('',#6768);
#6215=PLANE('',#6769);
#6216=PLANE('',#6770);
#6217=PLANE('',#6771);
#6218=PLANE('',#6772);
#6219=PLANE('',#6773);
#6220=PLANE('',#6774);
#6221=PLANE('',#6775);
#6222=PLANE('',#6776);
#6223=PLANE('',#6777);
#6224=PLANE('',#6778);
#6225=PLANE('',#6779);
#6226=PLANE('',#6780);
#6227=PLANE('',#6781);
#6228=PLANE('',#6782);
#6229=PLANE('',#6783);
#6230=PLANE('',#6784);
#6231=PLANE('',#6785);
#6232=PLANE('',#6786);
#6233=PLANE('',#6787);
#6234=PLANE('',#6788);
#6235=PLANE('',#6789);
#6236=PLANE('',#6790);
#6237=PLANE('',#6791);
#6238=PLANE('',#6792);
#6239=PLANE('',#6793);
#6240=PLANE('',#6794);
#6241=PLANE('',#6795);
#6242=PLANE('',#6796);
#6243=PLANE('',#6797);
#6244=PLANE('',#6798);
#6245=PLANE('',#6799);
#6246=PLANE('',#6800);
#6247=PLANE('',#6801);
#6248=PLANE('',#6802);
#6249=PLANE('',#6803);
#6250=PLANE('',#6804);
#6251=PLANE('',#6805);
#6252=PLANE('',#6806);
#6253=PLANE('',#6807);
#6254=PLANE('',#6808);
#6255=PLANE('',#6809);
#6256=PLANE('',#6810);
#6257=PLANE('',#6811);
#6258=PLANE('',#6812);
#6259=PLANE('',#6813);
#6260=PLANE('',#6814);
#6261=PLANE('',#6815);
#6262=PLANE('',#6816);
#6263=PLANE('',#6817);
#6264=PLANE('',#6818);
#6265=PLANE('',#6819);
#6266=PLANE('',#6820);
#6267=PLANE('',#6821);
#6268=PLANE('',#6822);
#6269=PLANE('',#6823);
#6270=PLANE('',#6824);
#6271=PLANE('',#6825);
#6272=PLANE('',#6826);
#6273=PLANE('',#6827);
#6274=PLANE('',#6828);
#6275=PLANE('',#6829);
#6276=PLANE('',#6830);
#6277=PLANE('',#6831);
#6278=PLANE('',#6832);
#6279=PLANE('',#6833);
#6280=PLANE('',#6834);
#6281=PLANE('',#6835);
#6282=PLANE('',#6836);
#6283=PLANE('',#6837);
#6284=PLANE('',#6838);
#6285=PLANE('',#6839);
#6286=PLANE('',#6840);
#6287=PLANE('',#6841);
#6288=PLANE('',#6842);
#6289=PLANE('',#6843);
#6290=PLANE('',#6844);
#6291=PLANE('',#6845);
#6292=PLANE('',#6846);
#6293=PLANE('',#6847);
#6294=PLANE('',#6848);
#6295=PLANE('',#6849);
#6296=PLANE('',#6850);
#6297=PLANE('',#6851);
#6298=PLANE('',#6852);
#6299=PLANE('',#6853);
#6300=PLANE('',#6854);
#6301=PLANE('',#6855);
#6302=PLANE('',#6856);
#6303=PLANE('',#6857);
#6304=PLANE('',#6858);
#6305=PLANE('',#6859);
#6306=PLANE('',#6860);
#6307=PLANE('',#6861);
#6308=PLANE('',#6862);
#6309=PLANE('',#6863);
#6310=PLANE('',#6864);
#6311=PLANE('',#6865);
#6312=PLANE('',#6866);
#6313=PLANE('',#6867);
#6314=PLANE('',#6868);
#6315=PLANE('',#6869);
#6316=PLANE('',#6870);
#6317=PLANE('',#6871);
#6318=PLANE('',#6872);
#6319=PLANE('',#6873);
#6320=PLANE('',#6874);
#6321=PLANE('',#6875);
#6322=PLANE('',#6876);
#6323=PLANE('',#6877);
#6324=PLANE('',#6878);
#6325=PLANE('',#6879);
#6326=PLANE('',#6880);
#6327=PLANE('',#6881);
#6328=PLANE('',#6882);
#6329=PLANE('',#6883);
#6330=PLANE('',#6884);
#6331=PLANE('',#6885);
#6332=PLANE('',#6886);
#6333=PLANE('',#6887);
#6334=PLANE('',#6888);
#6335=PLANE('',#6889);
#6336=PLANE('',#6890);
#6337=PLANE('',#6927);
#6338=PLANE('',#6928);
#6339=PLANE('',#6929);
#6340=PLANE('',#6930);
#6341=PLANE('',#6934);
#6342=PLANE('',#6935);
#6343=PLANE('',#6936);
#6344=PLANE('',#6937);
#6345=PLANE('',#6938);
#6346=PLANE('',#6939);
#6347=ADVANCED_FACE('',(#539),#6152,.T.);
#6348=ADVANCED_FACE('',(#540),#418,.T.);
#6349=ADVANCED_FACE('',(#541),#419,.T.);
#6350=ADVANCED_FACE('',(#542),#420,.T.);
#6351=ADVANCED_FACE('',(#543),#421,.T.);
#6352=ADVANCED_FACE('',(#544),#422,.T.);
#6353=ADVANCED_FACE('',(#545),#6153,.T.);
#6354=ADVANCED_FACE('',(#546),#6154,.T.);
#6355=ADVANCED_FACE('',(#547),#6155,.T.);
#6356=ADVANCED_FACE('',(#548),#6156,.T.);
#6357=ADVANCED_FACE('',(#549),#6157,.T.);
#6358=ADVANCED_FACE('',(#550),#423,.T.);
#6359=ADVANCED_FACE('',(#551),#424,.T.);
#6360=ADVANCED_FACE('',(#552),#425,.T.);
#6361=ADVANCED_FACE('',(#553),#426,.T.);
#6362=ADVANCED_FACE('',(#554),#427,.T.);
#6363=ADVANCED_FACE('',(#555),#428,.T.);
#6364=ADVANCED_FACE('',(#556),#429,.T.);
#6365=ADVANCED_FACE('',(#557),#6158,.T.);
#6366=ADVANCED_FACE('',(#558),#430,.T.);
#6367=ADVANCED_FACE('',(#559),#431,.T.);
#6368=ADVANCED_FACE('',(#560),#432,.T.);
#6369=ADVANCED_FACE('',(#561),#6159,.T.);
#6370=ADVANCED_FACE('',(#562),#6160,.T.);
#6371=ADVANCED_FACE('',(#563,#66),#6161,.T.);
#6372=ADVANCED_FACE('',(#564),#6162,.T.);
#6373=ADVANCED_FACE('',(#565),#6163,.T.);
#6374=ADVANCED_FACE('',(#566),#6164,.T.);
#6375=ADVANCED_FACE('',(#567),#6165,.T.);
#6376=ADVANCED_FACE('',(#568),#6166,.T.);
#6377=ADVANCED_FACE('',(#569),#6167,.T.);
#6378=ADVANCED_FACE('',(#570),#6168,.T.);
#6379=ADVANCED_FACE('',(#571),#6169,.T.);
#6380=ADVANCED_FACE('',(#572),#6170,.T.);
#6381=ADVANCED_FACE('',(#573),#6171,.T.);
#6382=ADVANCED_FACE('',(#574),#433,.T.);
#6383=ADVANCED_FACE('',(#575),#434,.T.);
#6384=ADVANCED_FACE('',(#576),#435,.T.);
#6385=ADVANCED_FACE('',(#577),#436,.T.);
#6386=ADVANCED_FACE('',(#578),#6172,.T.);
#6387=ADVANCED_FACE('',(#579),#437,.T.);
#6388=ADVANCED_FACE('',(#580),#438,.T.);
#6389=ADVANCED_FACE('',(#581),#439,.T.);
#6390=ADVANCED_FACE('',(#582),#440,.T.);
#6391=ADVANCED_FACE('',(#583),#6173,.T.);
#6392=ADVANCED_FACE('',(#584),#6174,.T.);
#6393=ADVANCED_FACE('',(#585),#6175,.T.);
#6394=ADVANCED_FACE('',(#586),#6176,.T.);
#6395=ADVANCED_FACE('',(#587),#6177,.T.);
#6396=ADVANCED_FACE('',(#588),#441,.T.);
#6397=ADVANCED_FACE('',(#589),#442,.T.);
#6398=ADVANCED_FACE('',(#590),#443,.T.);
#6399=ADVANCED_FACE('',(#591),#444,.T.);
#6400=ADVANCED_FACE('',(#592),#445,.T.);
#6401=ADVANCED_FACE('',(#593),#446,.T.);
#6402=ADVANCED_FACE('',(#594),#447,.T.);
#6403=ADVANCED_FACE('',(#595),#448,.T.);
#6404=ADVANCED_FACE('',(#596),#6178,.T.);
#6405=ADVANCED_FACE('',(#597),#6179,.T.);
#6406=ADVANCED_FACE('',(#598),#6180,.T.);
#6407=ADVANCED_FACE('',(#599),#449,.T.);
#6408=ADVANCED_FACE('',(#600),#450,.T.);
#6409=ADVANCED_FACE('',(#601),#451,.T.);
#6410=ADVANCED_FACE('',(#602),#452,.T.);
#6411=ADVANCED_FACE('',(#603),#453,.T.);
#6412=ADVANCED_FACE('',(#604),#6181,.T.);
#6413=ADVANCED_FACE('',(#605),#6182,.T.);
#6414=ADVANCED_FACE('',(#606),#6183,.T.);
#6415=ADVANCED_FACE('',(#607),#454,.T.);
#6416=ADVANCED_FACE('',(#608),#455,.T.);
#6417=ADVANCED_FACE('',(#609),#456,.T.);
#6418=ADVANCED_FACE('',(#610),#457,.T.);
#6419=ADVANCED_FACE('',(#611),#458,.T.);
#6420=ADVANCED_FACE('',(#612),#459,.T.);
#6421=ADVANCED_FACE('',(#613),#460,.T.);
#6422=ADVANCED_FACE('',(#614),#6184,.T.);
#6423=ADVANCED_FACE('',(#615),#6185,.T.);
#6424=ADVANCED_FACE('',(#616),#6186,.T.);
#6425=ADVANCED_FACE('',(#617),#6187,.T.);
#6426=ADVANCED_FACE('',(#618),#6188,.T.);
#6427=ADVANCED_FACE('',(#619),#461,.T.);
#6428=ADVANCED_FACE('',(#620),#462,.T.);
#6429=ADVANCED_FACE('',(#621),#463,.T.);
#6430=ADVANCED_FACE('',(#622),#464,.T.);
#6431=ADVANCED_FACE('',(#623),#465,.T.);
#6432=ADVANCED_FACE('',(#624),#466,.T.);
#6433=ADVANCED_FACE('',(#625),#467,.T.);
#6434=ADVANCED_FACE('',(#626),#468,.T.);
#6435=ADVANCED_FACE('',(#627),#469,.T.);
#6436=ADVANCED_FACE('',(#628),#6189,.T.);
#6437=ADVANCED_FACE('',(#629),#470,.T.);
#6438=ADVANCED_FACE('',(#630),#471,.T.);
#6439=ADVANCED_FACE('',(#631),#472,.T.);
#6440=ADVANCED_FACE('',(#632),#473,.T.);
#6441=ADVANCED_FACE('',(#633),#474,.T.);
#6442=ADVANCED_FACE('',(#634),#475,.T.);
#6443=ADVANCED_FACE('',(#635),#476,.T.);
#6444=ADVANCED_FACE('',(#636),#477,.T.);
#6445=ADVANCED_FACE('',(#637),#478,.T.);
#6446=ADVANCED_FACE('',(#638),#6190,.T.);
#6447=ADVANCED_FACE('',(#639),#479,.T.);
#6448=ADVANCED_FACE('',(#640),#480,.T.);
#6449=ADVANCED_FACE('',(#641),#481,.T.);
#6450=ADVANCED_FACE('',(#642),#482,.T.);
#6451=ADVANCED_FACE('',(#643),#483,.T.);
#6452=ADVANCED_FACE('',(#644),#484,.T.);
#6453=ADVANCED_FACE('',(#645),#485,.T.);
#6454=ADVANCED_FACE('',(#646),#486,.T.);
#6455=ADVANCED_FACE('',(#647),#487,.T.);
#6456=ADVANCED_FACE('',(#648),#488,.T.);
#6457=ADVANCED_FACE('',(#649),#489,.T.);
#6458=ADVANCED_FACE('',(#650),#490,.T.);
#6459=ADVANCED_FACE('',(#651),#491,.T.);
#6460=ADVANCED_FACE('',(#652),#492,.T.);
#6461=ADVANCED_FACE('',(#653),#493,.T.);
#6462=ADVANCED_FACE('',(#654),#494,.T.);
#6463=ADVANCED_FACE('',(#655),#495,.T.);
#6464=ADVANCED_FACE('',(#656),#496,.T.);
#6465=ADVANCED_FACE('',(#657,#67),#6191,.T.);
#6466=ADVANCED_FACE('',(#658),#6192,.T.);
#6467=ADVANCED_FACE('',(#659),#497,.T.);
#6468=ADVANCED_FACE('',(#660),#498,.T.);
#6469=ADVANCED_FACE('',(#661),#499,.T.);
#6470=ADVANCED_FACE('',(#662),#500,.T.);
#6471=ADVANCED_FACE('',(#663),#501,.T.);
#6472=ADVANCED_FACE('',(#664),#502,.T.);
#6473=ADVANCED_FACE('',(#665),#503,.T.);
#6474=ADVANCED_FACE('',(#666),#504,.T.);
#6475=ADVANCED_FACE('',(#667),#505,.T.);
#6476=ADVANCED_FACE('',(#668),#506,.T.);
#6477=ADVANCED_FACE('',(#669),#507,.T.);
#6478=ADVANCED_FACE('',(#670),#508,.T.);
#6479=ADVANCED_FACE('',(#671),#509,.T.);
#6480=ADVANCED_FACE('',(#672),#510,.T.);
#6481=ADVANCED_FACE('',(#673),#511,.T.);
#6482=ADVANCED_FACE('',(#674),#512,.T.);
#6483=ADVANCED_FACE('',(#675),#513,.T.);
#6484=ADVANCED_FACE('',(#676),#514,.T.);
#6485=ADVANCED_FACE('',(#677,#68),#6193,.T.);
#6486=ADVANCED_FACE('',(#678),#6194,.T.);
#6487=ADVANCED_FACE('',(#679),#6195,.T.);
#6488=ADVANCED_FACE('',(#680),#6196,.T.);
#6489=ADVANCED_FACE('',(#681),#515,.T.);
#6490=ADVANCED_FACE('',(#682),#516,.T.);
#6491=ADVANCED_FACE('',(#683),#6197,.T.);
#6492=ADVANCED_FACE('',(#684),#517,.T.);
#6493=ADVANCED_FACE('',(#685),#518,.T.);
#6494=ADVANCED_FACE('',(#686),#519,.T.);
#6495=ADVANCED_FACE('',(#687),#520,.T.);
#6496=ADVANCED_FACE('',(#688),#6198,.T.);
#6497=ADVANCED_FACE('',(#689),#6199,.T.);
#6498=ADVANCED_FACE('',(#690),#6200,.T.);
#6499=ADVANCED_FACE('',(#691),#6201,.T.);
#6500=ADVANCED_FACE('',(#692),#521,.T.);
#6501=ADVANCED_FACE('',(#693),#522,.T.);
#6502=ADVANCED_FACE('',(#694),#523,.T.);
#6503=ADVANCED_FACE('',(#695),#524,.T.);
#6504=ADVANCED_FACE('',(#696),#525,.T.);
#6505=ADVANCED_FACE('',(#697),#6202,.T.);
#6506=ADVANCED_FACE('',(#698),#6203,.T.);
#6507=ADVANCED_FACE('',(#699),#526,.T.);
#6508=ADVANCED_FACE('',(#700),#527,.T.);
#6509=ADVANCED_FACE('',(#701),#528,.T.);
#6510=ADVANCED_FACE('',(#702),#529,.T.);
#6511=ADVANCED_FACE('',(#703),#6204,.T.);
#6512=ADVANCED_FACE('',(#704),#530,.T.);
#6513=ADVANCED_FACE('',(#705),#531,.T.);
#6514=ADVANCED_FACE('',(#706),#532,.T.);
#6515=ADVANCED_FACE('',(#707),#533,.T.);
#6516=ADVANCED_FACE('',(#708),#534,.T.);
#6517=ADVANCED_FACE('',(#709),#535,.T.);
#6518=ADVANCED_FACE('',(#710),#536,.T.);
#6519=ADVANCED_FACE('',(#711),#537,.T.);
#6520=ADVANCED_FACE('',(#712),#538,.T.);
#6521=ADVANCED_FACE('',(#713,#69),#6205,.T.);
#6522=ADVANCED_FACE('',(#714),#6206,.T.);
#6523=ADVANCED_FACE('',(#715),#49,.F.);
#6524=ADVANCED_FACE('',(#716),#50,.F.);
#6525=ADVANCED_FACE('',(#717),#51,.F.);
#6526=ADVANCED_FACE('',(#718),#52,.F.);
#6527=ADVANCED_FACE('',(#719),#6207,.T.);
#6528=ADVANCED_FACE('',(#720),#6208,.T.);
#6529=ADVANCED_FACE('',(#721),#6209,.T.);
#6530=ADVANCED_FACE('',(#722),#6210,.T.);
#6531=ADVANCED_FACE('',(#723),#6211,.T.);
#6532=ADVANCED_FACE('',(#724),#6212,.T.);
#6533=ADVANCED_FACE('',(#725),#6213,.T.);
#6534=ADVANCED_FACE('',(#726),#6214,.T.);
#6535=ADVANCED_FACE('',(#727),#6215,.T.);
#6536=ADVANCED_FACE('',(#728),#6216,.T.);
#6537=ADVANCED_FACE('',(#729),#6217,.F.);
#6538=ADVANCED_FACE('',(#730),#6218,.F.);
#6539=ADVANCED_FACE('',(#731),#6219,.F.);
#6540=ADVANCED_FACE('',(#732),#6220,.F.);
#6541=ADVANCED_FACE('',(#733),#6221,.F.);
#6542=ADVANCED_FACE('',(#734),#6222,.F.);
#6543=ADVANCED_FACE('',(#735),#6223,.F.);
#6544=ADVANCED_FACE('',(#736),#6224,.F.);
#6545=ADVANCED_FACE('',(#737),#6225,.F.);
#6546=ADVANCED_FACE('',(#738),#6226,.F.);
#6547=ADVANCED_FACE('',(#739),#6227,.F.);
#6548=ADVANCED_FACE('',(#740),#6228,.F.);
#6549=ADVANCED_FACE('',(#741),#6229,.F.);
#6550=ADVANCED_FACE('',(#742),#6230,.F.);
#6551=ADVANCED_FACE('',(#743),#6231,.F.);
#6552=ADVANCED_FACE('',(#744),#6232,.F.);
#6553=ADVANCED_FACE('',(#745),#6233,.F.);
#6554=ADVANCED_FACE('',(#746),#6234,.F.);
#6555=ADVANCED_FACE('',(#747),#6235,.F.);
#6556=ADVANCED_FACE('',(#748),#6236,.F.);
#6557=ADVANCED_FACE('',(#749),#6237,.F.);
#6558=ADVANCED_FACE('',(#750),#6238,.F.);
#6559=ADVANCED_FACE('',(#751),#6239,.F.);
#6560=ADVANCED_FACE('',(#752),#6240,.F.);
#6561=ADVANCED_FACE('',(#753),#6241,.F.);
#6562=ADVANCED_FACE('',(#754),#6242,.F.);
#6563=ADVANCED_FACE('',(#755),#6243,.F.);
#6564=ADVANCED_FACE('',(#756),#6244,.F.);
#6565=ADVANCED_FACE('',(#757),#6245,.F.);
#6566=ADVANCED_FACE('',(#758),#6246,.F.);
#6567=ADVANCED_FACE('',(#759),#6247,.F.);
#6568=ADVANCED_FACE('',(#760),#6248,.F.);
#6569=ADVANCED_FACE('',(#761),#6249,.F.);
#6570=ADVANCED_FACE('',(#762),#6250,.F.);
#6571=ADVANCED_FACE('',(#763),#6251,.F.);
#6572=ADVANCED_FACE('',(#764),#6252,.F.);
#6573=ADVANCED_FACE('',(#765),#6253,.F.);
#6574=ADVANCED_FACE('',(#766),#6254,.F.);
#6575=ADVANCED_FACE('',(#767),#6255,.F.);
#6576=ADVANCED_FACE('',(#768),#6256,.F.);
#6577=ADVANCED_FACE('',(#769),#6257,.F.);
#6578=ADVANCED_FACE('',(#770),#6258,.F.);
#6579=ADVANCED_FACE('',(#771),#6259,.F.);
#6580=ADVANCED_FACE('',(#772),#6260,.F.);
#6581=ADVANCED_FACE('',(#773),#6261,.F.);
#6582=ADVANCED_FACE('',(#774),#6262,.F.);
#6583=ADVANCED_FACE('',(#775),#6263,.F.);
#6584=ADVANCED_FACE('',(#776),#6264,.F.);
#6585=ADVANCED_FACE('',(#777),#6265,.F.);
#6586=ADVANCED_FACE('',(#778),#6266,.F.);
#6587=ADVANCED_FACE('',(#779),#6267,.F.);
#6588=ADVANCED_FACE('',(#780),#6268,.F.);
#6589=ADVANCED_FACE('',(#781),#6269,.F.);
#6590=ADVANCED_FACE('',(#782),#6270,.F.);
#6591=ADVANCED_FACE('',(#783),#6271,.F.);
#6592=ADVANCED_FACE('',(#784),#6272,.F.);
#6593=ADVANCED_FACE('',(#785),#6273,.F.);
#6594=ADVANCED_FACE('',(#786),#6274,.F.);
#6595=ADVANCED_FACE('',(#787),#6275,.F.);
#6596=ADVANCED_FACE('',(#788),#6276,.F.);
#6597=ADVANCED_FACE('',(#789),#6277,.F.);
#6598=ADVANCED_FACE('',(#790),#6278,.F.);
#6599=ADVANCED_FACE('',(#791),#6279,.F.);
#6600=ADVANCED_FACE('',(#792),#6280,.F.);
#6601=ADVANCED_FACE('',(#793),#6281,.F.);
#6602=ADVANCED_FACE('',(#794),#6282,.F.);
#6603=ADVANCED_FACE('',(#795),#6283,.F.);
#6604=ADVANCED_FACE('',(#796),#6284,.F.);
#6605=ADVANCED_FACE('',(#797),#6285,.F.);
#6606=ADVANCED_FACE('',(#798),#6286,.F.);
#6607=ADVANCED_FACE('',(#799),#6287,.F.);
#6608=ADVANCED_FACE('',(#800),#6288,.F.);
#6609=ADVANCED_FACE('',(#801),#6289,.F.);
#6610=ADVANCED_FACE('',(#802),#6290,.F.);
#6611=ADVANCED_FACE('',(#803),#6291,.F.);
#6612=ADVANCED_FACE('',(#804),#6292,.F.);
#6613=ADVANCED_FACE('',(#805),#6293,.F.);
#6614=ADVANCED_FACE('',(#806),#6294,.F.);
#6615=ADVANCED_FACE('',(#807),#6295,.F.);
#6616=ADVANCED_FACE('',(#808),#6296,.F.);
#6617=ADVANCED_FACE('',(#809),#6297,.F.);
#6618=ADVANCED_FACE('',(#810),#6298,.F.);
#6619=ADVANCED_FACE('',(#811),#6299,.F.);
#6620=ADVANCED_FACE('',(#812),#6300,.F.);
#6621=ADVANCED_FACE('',(#813),#6301,.F.);
#6622=ADVANCED_FACE('',(#814),#6302,.F.);
#6623=ADVANCED_FACE('',(#815),#6303,.F.);
#6624=ADVANCED_FACE('',(#816),#6304,.F.);
#6625=ADVANCED_FACE('',(#817),#6305,.F.);
#6626=ADVANCED_FACE('',(#818),#6306,.F.);
#6627=ADVANCED_FACE('',(#819),#6307,.F.);
#6628=ADVANCED_FACE('',(#820),#6308,.F.);
#6629=ADVANCED_FACE('',(#821),#6309,.F.);
#6630=ADVANCED_FACE('',(#822),#6310,.F.);
#6631=ADVANCED_FACE('',(#823),#6311,.F.);
#6632=ADVANCED_FACE('',(#824),#6312,.F.);
#6633=ADVANCED_FACE('',(#825),#6313,.F.);
#6634=ADVANCED_FACE('',(#826),#6314,.F.);
#6635=ADVANCED_FACE('',(#827),#6315,.F.);
#6636=ADVANCED_FACE('',(#828),#6316,.F.);
#6637=ADVANCED_FACE('',(#829),#6317,.F.);
#6638=ADVANCED_FACE('',(#830),#6318,.F.);
#6639=ADVANCED_FACE('',(#831),#6319,.F.);
#6640=ADVANCED_FACE('',(#832),#6320,.F.);
#6641=ADVANCED_FACE('',(#833),#6321,.F.);
#6642=ADVANCED_FACE('',(#834),#6322,.F.);
#6643=ADVANCED_FACE('',(#835),#6323,.F.);
#6644=ADVANCED_FACE('',(#836),#6324,.F.);
#6645=ADVANCED_FACE('',(#837),#6325,.F.);
#6646=ADVANCED_FACE('',(#838),#6326,.F.);
#6647=ADVANCED_FACE('',(#839),#6327,.F.);
#6648=ADVANCED_FACE('',(#840),#6328,.F.);
#6649=ADVANCED_FACE('',(#841),#6329,.F.);
#6650=ADVANCED_FACE('',(#842),#6330,.F.);
#6651=ADVANCED_FACE('',(#843),#6331,.F.);
#6652=ADVANCED_FACE('',(#844),#6332,.F.);
#6653=ADVANCED_FACE('',(#845),#6333,.F.);
#6654=ADVANCED_FACE('',(#846),#6334,.F.);
#6655=ADVANCED_FACE('',(#847),#6335,.F.);
#6656=ADVANCED_FACE('',(#848),#6336,.F.);
#6657=ADVANCED_FACE('',(#849),#53,.F.);
#6658=ADVANCED_FACE('',(#850),#54,.F.);
#6659=ADVANCED_FACE('',(#851),#55,.F.);
#6660=ADVANCED_FACE('',(#852),#56,.F.);
#6661=ADVANCED_FACE('',(#853),#57,.F.);
#6662=ADVANCED_FACE('',(#854),#58,.F.);
#6663=ADVANCED_FACE('',(#855),#59,.F.);
#6664=ADVANCED_FACE('',(#856),#60,.F.);
#6665=ADVANCED_FACE('',(#857),#61,.F.);
#6666=ADVANCED_FACE('',(#858),#62,.F.);
#6667=ADVANCED_FACE('',(#859),#63,.F.);
#6668=ADVANCED_FACE('',(#860),#64,.F.);
#6669=ADVANCED_FACE('',(#861),#6337,.F.);
#6670=ADVANCED_FACE('',(#862),#6338,.F.);
#6671=ADVANCED_FACE('',(#863),#6339,.F.);
#6672=ADVANCED_FACE('',(#864),#6340,.F.);
#6673=ADVANCED_FACE('',(#865),#65,.F.);
#6674=ADVANCED_FACE('',(#866,#70,#71,#72,#73,#74,#75,#76,#77,#78,#79,#80,
#81,#82,#83,#84,#85,#86,#87,#88,#89,#90,#91,#92,#93,#94,#95,#96,#97,#98,
#99,#100,#101,#102,#103,#104,#105,#106,#107,#108,#109,#110,#111,#112,#113,
#114,#115,#116,#117,#118,#119,#120,#121,#122,#123,#124,#125,#126,#127),
#6341,.T.);
#6675=ADVANCED_FACE('',(#867,#128,#129,#130,#131,#132,#133,#134,#135,#136,
#137,#138,#139,#140,#141,#142,#143,#144,#145,#146,#147,#148,#149,#150,#151,
#152,#153,#154,#155,#156,#157,#158,#159,#160,#161,#162,#163,#164,#165,#166,
#167,#168,#169,#170,#171,#172,#173,#174,#175),#6342,.F.);
#6676=ADVANCED_FACE('',(#868),#6343,.F.);
#6677=ADVANCED_FACE('',(#869),#6344,.F.);
#6678=ADVANCED_FACE('',(#870),#6345,.F.);
#6679=ADVANCED_FACE('',(#871),#6346,.F.);
#6680=CLOSED_SHELL('',(#6347,#6348,#6349,#6350,#6351,#6352,#6353,#6354,
#6355,#6356,#6357,#6358,#6359,#6360,#6361,#6362,#6363,#6364,#6365,#6366,
#6367,#6368,#6369,#6370,#6371,#6372,#6373,#6374,#6375,#6376,#6377,#6378,
#6379,#6380,#6381,#6382,#6383,#6384,#6385,#6386,#6387,#6388,#6389,#6390,
#6391,#6392,#6393,#6394,#6395,#6396,#6397,#6398,#6399,#6400,#6401,#6402,
#6403,#6404,#6405,#6406,#6407,#6408,#6409,#6410,#6411,#6412,#6413,#6414,
#6415,#6416,#6417,#6418,#6419,#6420,#6421,#6422,#6423,#6424,#6425,#6426,
#6427,#6428,#6429,#6430,#6431,#6432,#6433,#6434,#6435,#6436,#6437,#6438,
#6439,#6440,#6441,#6442,#6443,#6444,#6445,#6446,#6447,#6448,#6449,#6450,
#6451,#6452,#6453,#6454,#6455,#6456,#6457,#6458,#6459,#6460,#6461,#6462,
#6463,#6464,#6465,#6466,#6467,#6468,#6469,#6470,#6471,#6472,#6473,#6474,
#6475,#6476,#6477,#6478,#6479,#6480,#6481,#6482,#6483,#6484,#6485,#6486,
#6487,#6488,#6489,#6490,#6491,#6492,#6493,#6494,#6495,#6496,#6497,#6498,
#6499,#6500,#6501,#6502,#6503,#6504,#6505,#6506,#6507,#6508,#6509,#6510,
#6511,#6512,#6513,#6514,#6515,#6516,#6517,#6518,#6519,#6520,#6521,#6522,
#6523,#6524,#6525,#6526,#6527,#6528,#6529,#6530,#6531,#6532,#6533,#6534,
#6535,#6536,#6537,#6538,#6539,#6540,#6541,#6542,#6543,#6544,#6545,#6546,
#6547,#6548,#6549,#6550,#6551,#6552,#6553,#6554,#6555,#6556,#6557,#6558,
#6559,#6560,#6561,#6562,#6563,#6564,#6565,#6566,#6567,#6568,#6569,#6570,
#6571,#6572,#6573,#6574,#6575,#6576,#6577,#6578,#6579,#6580,#6581,#6582,
#6583,#6584,#6585,#6586,#6587,#6588,#6589,#6590,#6591,#6592,#6593,#6594,
#6595,#6596,#6597,#6598,#6599,#6600,#6601,#6602,#6603,#6604,#6605,#6606,
#6607,#6608,#6609,#6610,#6611,#6612,#6613,#6614,#6615,#6616,#6617,#6618,
#6619,#6620,#6621,#6622,#6623,#6624,#6625,#6626,#6627,#6628,#6629,#6630,
#6631,#6632,#6633,#6634,#6635,#6636,#6637,#6638,#6639,#6640,#6641,#6642,
#6643,#6644,#6645,#6646,#6647,#6648,#6649,#6650,#6651,#6652,#6653,#6654,
#6655,#6656,#6657,#6658,#6659,#6660,#6661,#6662,#6663,#6664,#6665,#6666,
#6667,#6668,#6669,#6670,#6671,#6672,#6673,#6674,#6675,#6676,#6677,#6678,
#6679));
#6681=DERIVED_UNIT_ELEMENT(#6683,1.);
#6682=DERIVED_UNIT_ELEMENT(#12090,-3.);
#6683=(
MASS_UNIT()
NAMED_UNIT(*)
SI_UNIT(.KILO.,.GRAM.)
);
#6684=DERIVED_UNIT((#6681,#6682));
#6685=MEASURE_REPRESENTATION_ITEM('density measure',
POSITIVE_RATIO_MEASURE(952.),#6684);
#6686=PROPERTY_DEFINITION_REPRESENTATION(#6691,#6688);
#6687=PROPERTY_DEFINITION_REPRESENTATION(#6692,#6689);
#6688=REPRESENTATION('material name',(#6690),#12087);
#6689=REPRESENTATION('density',(#6685),#12087);
#6690=DESCRIPTIVE_REPRESENTATION_ITEM('Plastic, Opaque White',
'Plastic, Opaque White');
#6691=PROPERTY_DEFINITION('material property','material name',#12097);
#6692=PROPERTY_DEFINITION('material property','density of part',#12097);
#6693=AXIS2_PLACEMENT_3D('',#8109,#6940,#6941);
#6694=AXIS2_PLACEMENT_3D('',#8110,#6942,#6943);
#6695=AXIS2_PLACEMENT_3D('',#8234,#6953,#6954);
#6696=AXIS2_PLACEMENT_3D('',#8240,#6958,#6959);
#6697=AXIS2_PLACEMENT_3D('',#8243,#6962,#6963);
#6698=AXIS2_PLACEMENT_3D('',#8252,#6968,#6969);
#6699=AXIS2_PLACEMENT_3D('',#8258,#6973,#6974);
#6700=AXIS2_PLACEMENT_3D('',#8425,#6985,#6986);
#6701=AXIS2_PLACEMENT_3D('',#8500,#6993,#6994);
#6702=AXIS2_PLACEMENT_3D('',#8506,#6998,#6999);
#6703=AXIS2_PLACEMENT_3D('',#8509,#7002,#7003);
#6704=AXIS2_PLACEMENT_3D('',#8510,#7004,#7005);
#6705=AXIS2_PLACEMENT_3D('',#8511,#7006,#7007);
#6706=AXIS2_PLACEMENT_3D('',#8520,#7012,#7013);
#6707=AXIS2_PLACEMENT_3D('',#8526,#7017,#7018);
#6708=AXIS2_PLACEMENT_3D('',#8532,#7022,#7023);
#6709=AXIS2_PLACEMENT_3D('',#8538,#7027,#7028);
#6710=AXIS2_PLACEMENT_3D('',#8544,#7032,#7033);
#6711=AXIS2_PLACEMENT_3D('',#8550,#7037,#7038);
#6712=AXIS2_PLACEMENT_3D('',#8556,#7042,#7043);
#6713=AXIS2_PLACEMENT_3D('',#8562,#7047,#7048);
#6714=AXIS2_PLACEMENT_3D('',#8660,#7056,#7057);
#6715=AXIS2_PLACEMENT_3D('',#8758,#7065,#7066);
#6716=AXIS2_PLACEMENT_3D('',#8764,#7070,#7071);
#6717=AXIS2_PLACEMENT_3D('',#8767,#7074,#7075);
#6718=AXIS2_PLACEMENT_3D('',#8768,#7076,#7077);
#6719=AXIS2_PLACEMENT_3D('',#8777,#7082,#7083);
#6720=AXIS2_PLACEMENT_3D('',#8967,#7095,#7096);
#6721=AXIS2_PLACEMENT_3D('',#8973,#7100,#7101);
#6722=AXIS2_PLACEMENT_3D('',#8979,#7105,#7106);
#6723=AXIS2_PLACEMENT_3D('',#9100,#7115,#7116);
#6724=AXIS2_PLACEMENT_3D('',#9106,#7120,#7121);
#6725=AXIS2_PLACEMENT_3D('',#9112,#7125,#7126);
#6726=AXIS2_PLACEMENT_3D('',#9279,#7137,#7138);
#6727=AXIS2_PLACEMENT_3D('',#9285,#7142,#7143);
#6728=AXIS2_PLACEMENT_3D('',#9291,#7147,#7148);
#6729=AXIS2_PLACEMENT_3D('',#9294,#7151,#7152);
#6730=AXIS2_PLACEMENT_3D('',#9295,#7153,#7154);
#6731=AXIS2_PLACEMENT_3D('',#9511,#7168,#7169);
#6732=AXIS2_PLACEMENT_3D('',#9721,#7181,#7182);
#6733=AXIS2_PLACEMENT_3D('',#10136,#7201,#7202);
#6734=AXIS2_PLACEMENT_3D('',#10137,#7203,#7204);
#6735=AXIS2_PLACEMENT_3D('',#10552,#7223,#7224);
#6736=AXIS2_PLACEMENT_3D('',#10553,#7225,#7226);
#6737=AXIS2_PLACEMENT_3D('',#10554,#7227,#7228);
#6738=AXIS2_PLACEMENT_3D('',#10563,#7233,#7234);
#6739=AXIS2_PLACEMENT_3D('',#10615,#7240,#7241);
#6740=AXIS2_PLACEMENT_3D('',#10713,#7249,#7250);
#6741=AXIS2_PLACEMENT_3D('',#10719,#7254,#7255);
#6742=AXIS2_PLACEMENT_3D('',#10725,#7259,#7260);
#6743=AXIS2_PLACEMENT_3D('',#10728,#7263,#7264);
#6744=AXIS2_PLACEMENT_3D('',#10847,#7271,#7272);
#6745=AXIS2_PLACEMENT_3D('',#10850,#7275,#7276);
#6746=AXIS2_PLACEMENT_3D('',#10951,#7285,#7286);
#6747=AXIS2_PLACEMENT_3D('',#11161,#7298,#7299);
#6748=AXIS2_PLACEMENT_3D('',#11162,#7300,#7301);
#6749=AXIS2_PLACEMENT_3D('',#11163,#7302,#7303);
#6750=AXIS2_PLACEMENT_3D('',#11165,#7304,#7305);
#6751=AXIS2_PLACEMENT_3D('',#11168,#7307,#7308);
#6752=AXIS2_PLACEMENT_3D('',#11169,#7309,#7310);
#6753=AXIS2_PLACEMENT_3D('',#11171,#7311,#7312);
#6754=AXIS2_PLACEMENT_3D('',#11174,#7314,#7315);
#6755=AXIS2_PLACEMENT_3D('',#11175,#7316,#7317);
#6756=AXIS2_PLACEMENT_3D('',#11177,#7318,#7319);
#6757=AXIS2_PLACEMENT_3D('',#11180,#7321,#7322);
#6758=AXIS2_PLACEMENT_3D('',#11181,#7323,#7324);
#6759=AXIS2_PLACEMENT_3D('',#11183,#7325,#7326);
#6760=AXIS2_PLACEMENT_3D('',#11186,#7328,#7329);
#6761=AXIS2_PLACEMENT_3D('',#11187,#7330,#7331);
#6762=AXIS2_PLACEMENT_3D('',#11196,#7336,#7337);
#6763=AXIS2_PLACEMENT_3D('',#11202,#7341,#7342);
#6764=AXIS2_PLACEMENT_3D('',#11208,#7346,#7347);
#6765=AXIS2_PLACEMENT_3D('',#11211,#7350,#7351);
#6766=AXIS2_PLACEMENT_3D('',#11212,#7352,#7353);
#6767=AXIS2_PLACEMENT_3D('',#11221,#7358,#7359);
#6768=AXIS2_PLACEMENT_3D('',#11227,#7363,#7364);
#6769=AXIS2_PLACEMENT_3D('',#11233,#7368,#7369);
#6770=AXIS2_PLACEMENT_3D('',#11236,#7372,#7373);
#6771=AXIS2_PLACEMENT_3D('',#11237,#7374,#7375);
#6772=AXIS2_PLACEMENT_3D('',#11246,#7380,#7381);
#6773=AXIS2_PLACEMENT_3D('',#11252,#7385,#7386);
#6774=AXIS2_PLACEMENT_3D('',#11258,#7390,#7391);
#6775=AXIS2_PLACEMENT_3D('',#11261,#7394,#7395);
#6776=AXIS2_PLACEMENT_3D('',#11270,#7400,#7401);
#6777=AXIS2_PLACEMENT_3D('',#11276,#7405,#7406);
#6778=AXIS2_PLACEMENT_3D('',#11282,#7410,#7411);
#6779=AXIS2_PLACEMENT_3D('',#11285,#7414,#7415);
#6780=AXIS2_PLACEMENT_3D('',#11294,#7420,#7421);
#6781=AXIS2_PLACEMENT_3D('',#11300,#7425,#7426);
#6782=AXIS2_PLACEMENT_3D('',#11306,#7430,#7431);
#6783=AXIS2_PLACEMENT_3D('',#11309,#7434,#7435);
#6784=AXIS2_PLACEMENT_3D('',#11318,#7440,#7441);
#6785=AXIS2_PLACEMENT_3D('',#11324,#7445,#7446);
#6786=AXIS2_PLACEMENT_3D('',#11330,#7450,#7451);
#6787=AXIS2_PLACEMENT_3D('',#11333,#7454,#7455);
#6788=AXIS2_PLACEMENT_3D('',#11342,#7460,#7461);
#6789=AXIS2_PLACEMENT_3D('',#11348,#7465,#7466);
#6790=AXIS2_PLACEMENT_3D('',#11354,#7470,#7471);
#6791=AXIS2_PLACEMENT_3D('',#11357,#7474,#7475);
#6792=AXIS2_PLACEMENT_3D('',#11366,#7480,#7481);
#6793=AXIS2_PLACEMENT_3D('',#11372,#7485,#7486);
#6794=AXIS2_PLACEMENT_3D('',#11378,#7490,#7491);
#6795=AXIS2_PLACEMENT_3D('',#11381,#7494,#7495);
#6796=AXIS2_PLACEMENT_3D('',#11390,#7500,#7501);
#6797=AXIS2_PLACEMENT_3D('',#11396,#7505,#7506);
#6798=AXIS2_PLACEMENT_3D('',#11402,#7510,#7511);
#6799=AXIS2_PLACEMENT_3D('',#11405,#7514,#7515);
#6800=AXIS2_PLACEMENT_3D('',#11414,#7520,#7521);
#6801=AXIS2_PLACEMENT_3D('',#11420,#7525,#7526);
#6802=AXIS2_PLACEMENT_3D('',#11426,#7530,#7531);
#6803=AXIS2_PLACEMENT_3D('',#11429,#7534,#7535);
#6804=AXIS2_PLACEMENT_3D('',#11438,#7540,#7541);
#6805=AXIS2_PLACEMENT_3D('',#11444,#7545,#7546);
#6806=AXIS2_PLACEMENT_3D('',#11450,#7550,#7551);
#6807=AXIS2_PLACEMENT_3D('',#11453,#7554,#7555);
#6808=AXIS2_PLACEMENT_3D('',#11462,#7560,#7561);
#6809=AXIS2_PLACEMENT_3D('',#11468,#7565,#7566);
#6810=AXIS2_PLACEMENT_3D('',#11474,#7570,#7571);
#6811=AXIS2_PLACEMENT_3D('',#11477,#7574,#7575);
#6812=AXIS2_PLACEMENT_3D('',#11486,#7580,#7581);
#6813=AXIS2_PLACEMENT_3D('',#11492,#7585,#7586);
#6814=AXIS2_PLACEMENT_3D('',#11498,#7590,#7591);
#6815=AXIS2_PLACEMENT_3D('',#11501,#7594,#7595);
#6816=AXIS2_PLACEMENT_3D('',#11510,#7600,#7601);
#6817=AXIS2_PLACEMENT_3D('',#11516,#7605,#7606);
#6818=AXIS2_PLACEMENT_3D('',#11522,#7610,#7611);
#6819=AXIS2_PLACEMENT_3D('',#11525,#7614,#7615);
#6820=AXIS2_PLACEMENT_3D('',#11534,#7620,#7621);
#6821=AXIS2_PLACEMENT_3D('',#11540,#7625,#7626);
#6822=AXIS2_PLACEMENT_3D('',#11546,#7630,#7631);
#6823=AXIS2_PLACEMENT_3D('',#11549,#7634,#7635);
#6824=AXIS2_PLACEMENT_3D('',#11558,#7640,#7641);
#6825=AXIS2_PLACEMENT_3D('',#11564,#7645,#7646);
#6826=AXIS2_PLACEMENT_3D('',#11570,#7650,#7651);
#6827=AXIS2_PLACEMENT_3D('',#11573,#7654,#7655);
#6828=AXIS2_PLACEMENT_3D('',#11582,#7660,#7661);
#6829=AXIS2_PLACEMENT_3D('',#11588,#7665,#7666);
#6830=AXIS2_PLACEMENT_3D('',#11594,#7670,#7671);
#6831=AXIS2_PLACEMENT_3D('',#11597,#7674,#7675);
#6832=AXIS2_PLACEMENT_3D('',#11606,#7680,#7681);
#6833=AXIS2_PLACEMENT_3D('',#11612,#7685,#7686);
#6834=AXIS2_PLACEMENT_3D('',#11618,#7690,#7691);
#6835=AXIS2_PLACEMENT_3D('',#11621,#7694,#7695);
#6836=AXIS2_PLACEMENT_3D('',#11630,#7700,#7701);
#6837=AXIS2_PLACEMENT_3D('',#11636,#7705,#7706);
#6838=AXIS2_PLACEMENT_3D('',#11642,#7710,#7711);
#6839=AXIS2_PLACEMENT_3D('',#11645,#7714,#7715);
#6840=AXIS2_PLACEMENT_3D('',#11654,#7720,#7721);
#6841=AXIS2_PLACEMENT_3D('',#11660,#7725,#7726);
#6842=AXIS2_PLACEMENT_3D('',#11666,#7730,#7731);
#6843=AXIS2_PLACEMENT_3D('',#11669,#7734,#7735);
#6844=AXIS2_PLACEMENT_3D('',#11678,#7740,#7741);
#6845=AXIS2_PLACEMENT_3D('',#11684,#7745,#7746);
#6846=AXIS2_PLACEMENT_3D('',#11690,#7750,#7751);
#6847=AXIS2_PLACEMENT_3D('',#11693,#7754,#7755);
#6848=AXIS2_PLACEMENT_3D('',#11702,#7760,#7761);
#6849=AXIS2_PLACEMENT_3D('',#11708,#7765,#7766);
#6850=AXIS2_PLACEMENT_3D('',#11714,#7770,#7771);
#6851=AXIS2_PLACEMENT_3D('',#11717,#7774,#7775);
#6852=AXIS2_PLACEMENT_3D('',#11726,#7780,#7781);
#6853=AXIS2_PLACEMENT_3D('',#11732,#7785,#7786);
#6854=AXIS2_PLACEMENT_3D('',#11738,#7790,#7791);
#6855=AXIS2_PLACEMENT_3D('',#11741,#7794,#7795);
#6856=AXIS2_PLACEMENT_3D('',#11750,#7800,#7801);
#6857=AXIS2_PLACEMENT_3D('',#11756,#7805,#7806);
#6858=AXIS2_PLACEMENT_3D('',#11762,#7810,#7811);
#6859=AXIS2_PLACEMENT_3D('',#11765,#7814,#7815);
#6860=AXIS2_PLACEMENT_3D('',#11774,#7820,#7821);
#6861=AXIS2_PLACEMENT_3D('',#11780,#7825,#7826);
#6862=AXIS2_PLACEMENT_3D('',#11786,#7830,#7831);
#6863=AXIS2_PLACEMENT_3D('',#11789,#7834,#7835);
#6864=AXIS2_PLACEMENT_3D('',#11798,#7840,#7841);
#6865=AXIS2_PLACEMENT_3D('',#11804,#7845,#7846);
#6866=AXIS2_PLACEMENT_3D('',#11810,#7850,#7851);
#6867=AXIS2_PLACEMENT_3D('',#11813,#7854,#7855);
#6868=AXIS2_PLACEMENT_3D('',#11822,#7860,#7861);
#6869=AXIS2_PLACEMENT_3D('',#11828,#7865,#7866);
#6870=AXIS2_PLACEMENT_3D('',#11834,#7870,#7871);
#6871=AXIS2_PLACEMENT_3D('',#11837,#7874,#7875);
#6872=AXIS2_PLACEMENT_3D('',#11846,#7880,#7881);
#6873=AXIS2_PLACEMENT_3D('',#11852,#7885,#7886);
#6874=AXIS2_PLACEMENT_3D('',#11858,#7890,#7891);
#6875=AXIS2_PLACEMENT_3D('',#11861,#7894,#7895);
#6876=AXIS2_PLACEMENT_3D('',#11870,#7900,#7901);
#6877=AXIS2_PLACEMENT_3D('',#11876,#7905,#7906);
#6878=AXIS2_PLACEMENT_3D('',#11882,#7910,#7911);
#6879=AXIS2_PLACEMENT_3D('',#11885,#7914,#7915);
#6880=AXIS2_PLACEMENT_3D('',#11894,#7920,#7921);
#6881=AXIS2_PLACEMENT_3D('',#11900,#7925,#7926);
#6882=AXIS2_PLACEMENT_3D('',#11906,#7930,#7931);
#6883=AXIS2_PLACEMENT_3D('',#11909,#7934,#7935);
#6884=AXIS2_PLACEMENT_3D('',#11918,#7940,#7941);
#6885=AXIS2_PLACEMENT_3D('',#11924,#7945,#7946);
#6886=AXIS2_PLACEMENT_3D('',#11930,#7950,#7951);
#6887=AXIS2_PLACEMENT_3D('',#11933,#7954,#7955);
#6888=AXIS2_PLACEMENT_3D('',#11942,#7960,#7961);
#6889=AXIS2_PLACEMENT_3D('',#11948,#7965,#7966);
#6890=AXIS2_PLACEMENT_3D('',#11954,#7970,#7971);
#6891=AXIS2_PLACEMENT_3D('',#11957,#7974,#7975);
#6892=AXIS2_PLACEMENT_3D('',#11959,#7976,#7977);
#6893=AXIS2_PLACEMENT_3D('',#11962,#7979,#7980);
#6894=AXIS2_PLACEMENT_3D('',#11963,#7981,#7982);
#6895=AXIS2_PLACEMENT_3D('',#11965,#7983,#7984);
#6896=AXIS2_PLACEMENT_3D('',#11968,#7986,#7987);
#6897=AXIS2_PLACEMENT_3D('',#11969,#7988,#7989);
#6898=AXIS2_PLACEMENT_3D('',#11971,#7990,#7991);
#6899=AXIS2_PLACEMENT_3D('',#11974,#7993,#7994);
#6900=AXIS2_PLACEMENT_3D('',#11975,#7995,#7996);
#6901=AXIS2_PLACEMENT_3D('',#11977,#7997,#7998);
#6902=AXIS2_PLACEMENT_3D('',#11980,#8000,#8001);
#6903=AXIS2_PLACEMENT_3D('',#11981,#8002,#8003);
#6904=AXIS2_PLACEMENT_3D('',#11983,#8004,#8005);
#6905=AXIS2_PLACEMENT_3D('',#11986,#8007,#8008);
#6906=AXIS2_PLACEMENT_3D('',#11987,#8009,#8010);
#6907=AXIS2_PLACEMENT_3D('',#11989,#8011,#8012);
#6908=AXIS2_PLACEMENT_3D('',#11992,#8014,#8015);
#6909=AXIS2_PLACEMENT_3D('',#11993,#8016,#8017);
#6910=AXIS2_PLACEMENT_3D('',#11995,#8018,#8019);
#6911=AXIS2_PLACEMENT_3D('',#11998,#8021,#8022);
#6912=AXIS2_PLACEMENT_3D('',#11999,#8023,#8024);
#6913=AXIS2_PLACEMENT_3D('',#12001,#8025,#8026);
#6914=AXIS2_PLACEMENT_3D('',#12004,#8028,#8029);
#6915=AXIS2_PLACEMENT_3D('',#12005,#8030,#8031);
#6916=AXIS2_PLACEMENT_3D('',#12007,#8032,#8033);
#6917=AXIS2_PLACEMENT_3D('',#12010,#8035,#8036);
#6918=AXIS2_PLACEMENT_3D('',#12011,#8037,#8038);
#6919=AXIS2_PLACEMENT_3D('',#12013,#8039,#8040);
#6920=AXIS2_PLACEMENT_3D('',#12016,#8042,#8043);
#6921=AXIS2_PLACEMENT_3D('',#12017,#8044,#8045);
#6922=AXIS2_PLACEMENT_3D('',#12019,#8046,#8047);
#6923=AXIS2_PLACEMENT_3D('',#12022,#8049,#8050);
#6924=AXIS2_PLACEMENT_3D('',#12023,#8051,#8052);
#6925=AXIS2_PLACEMENT_3D('',#12025,#8053,#8054);
#6926=AXIS2_PLACEMENT_3D('',#12028,#8056,#8057);
#6927=AXIS2_PLACEMENT_3D('',#12029,#8058,#8059);
#6928=AXIS2_PLACEMENT_3D('',#12038,#8064,#8065);
#6929=AXIS2_PLACEMENT_3D('',#12044,#8069,#8070);
#6930=AXIS2_PLACEMENT_3D('',#12050,#8074,#8075);
#6931=AXIS2_PLACEMENT_3D('',#12053,#8078,#8079);
#6932=AXIS2_PLACEMENT_3D('',#12055,#8080,#8081);
#6933=AXIS2_PLACEMENT_3D('',#12058,#8083,#8084);
#6934=AXIS2_PLACEMENT_3D('',#12059,#8085,#8086);
#6935=AXIS2_PLACEMENT_3D('',#12068,#8091,#8092);
#6936=AXIS2_PLACEMENT_3D('',#12077,#8097,#8098);
#6937=AXIS2_PLACEMENT_3D('',#12080,#8101,#8102);
#6938=AXIS2_PLACEMENT_3D('',#12082,#8104,#8105);
#6939=AXIS2_PLACEMENT_3D('',#12084,#8107,#8108);
#6940=DIRECTION('axis',(0.,0.,1.));
#6941=DIRECTION('refdir',(1.,0.,0.));
#6942=DIRECTION('center_axis',(0.,0.,1.));
#6943=DIRECTION('ref_axis',(1.,0.,0.));
#6944=DIRECTION('',(-1.,0.,0.));
#6945=DIRECTION('',(0.,1.,0.));
#6946=DIRECTION('',(1.,0.,0.));
#6947=DIRECTION('',(0.,1.,0.));
#6948=DIRECTION('',(0.,1.,0.));
#6949=DIRECTION('',(0.,1.,0.));
#6950=DIRECTION('',(0.,1.,0.));
#6951=DIRECTION('',(0.,1.,0.));
#6952=DIRECTION('',(0.,1.,0.));
#6953=DIRECTION('center_axis',(0.,0.,-1.));
#6954=DIRECTION('ref_axis',(-1.,0.,0.));
#6955=DIRECTION('',(1.,0.,0.));
#6956=DIRECTION('',(-1.,0.,0.));
#6957=DIRECTION('',(0.,1.,0.));
#6958=DIRECTION('center_axis',(-0.979021742036524,0.,-0.203755806346148));
#6959=DIRECTION('ref_axis',(-0.203755806346148,0.,0.979021742036524));
#6960=DIRECTION('',(0.203755806346148,0.,-0.979021742036524));
#6961=DIRECTION('',(-0.203755806346148,0.,0.979021742036524));
#6962=DIRECTION('center_axis',(0.,0.,-1.));
#6963=DIRECTION('ref_axis',(-1.,0.,0.));
#6964=DIRECTION('',(1.,0.,0.));
#6965=DIRECTION('',(0.,1.,0.));
#6966=DIRECTION('',(-1.,0.,0.));
#6967=DIRECTION('',(0.,1.,0.));
#6968=DIRECTION('center_axis',(0.978768825854822,0.,0.204967279180781));
#6969=DIRECTION('ref_axis',(0.204967279180781,0.,-0.978768825854822));
#6970=DIRECTION('',(-0.204967279180781,0.,0.978768825854822));
#6971=DIRECTION('',(0.204967279180781,0.,-0.978768825854822));
#6972=DIRECTION('',(0.,1.,0.));
#6973=DIRECTION('center_axis',(0.,0.,1.));
#6974=DIRECTION('ref_axis',(1.,0.,0.));
#6975=DIRECTION('',(-1.,0.,0.));
#6976=DIRECTION('',(1.,0.,0.));
#6977=DIRECTION('',(0.,1.,0.));
#6978=DIRECTION('',(0.,1.,0.));
#6979=DIRECTION('',(0.,1.,0.));
#6980=DIRECTION('',(0.,1.,0.));
#6981=DIRECTION('',(0.,1.,0.));
#6982=DIRECTION('',(0.,1.,0.));
#6983=DIRECTION('',(0.,1.,0.));
#6984=DIRECTION('',(0.,1.,0.));
#6985=DIRECTION('center_axis',(0.,0.,-1.));
#6986=DIRECTION('ref_axis',(-1.,0.,0.));
#6987=DIRECTION('',(1.,0.,0.));
#6988=DIRECTION('',(-1.,0.,0.));
#6989=DIRECTION('',(0.,1.,0.));
#6990=DIRECTION('',(0.,1.,0.));
#6991=DIRECTION('',(0.,1.,0.));
#6992=DIRECTION('',(0.,1.,0.));
#6993=DIRECTION('center_axis',(0.,0.,-1.));
#6994=DIRECTION('ref_axis',(-1.,0.,0.));
#6995=DIRECTION('',(1.,0.,0.));
#6996=DIRECTION('',(-1.,0.,0.));
#6997=DIRECTION('',(0.,1.,0.));
#6998=DIRECTION('center_axis',(-0.978805665299168,0.,-0.204791282964516));
#6999=DIRECTION('ref_axis',(-0.204791282964516,0.,0.978805665299168));
#7000=DIRECTION('',(0.204791282964516,0.,-0.978805665299168));
#7001=DIRECTION('',(-0.204791282964516,0.,0.978805665299168));
#7002=DIRECTION('center_axis',(0.,1.,0.));
#7003=DIRECTION('ref_axis',(-1.,0.,0.));
#7004=DIRECTION('center_axis',(0.,1.,0.));
#7005=DIRECTION('ref_axis',(0.,0.,1.));
#7006=DIRECTION('center_axis',(0.979323247471976,0.,0.202301697869651));
#7007=DIRECTION('ref_axis',(0.202301697869651,0.,-0.979323247471976));
#7008=DIRECTION('',(-0.202301697869651,0.,0.979323247471976));
#7009=DIRECTION('',(0.,1.,0.));
#7010=DIRECTION('',(0.202301697869651,0.,-0.979323247471976));
#7011=DIRECTION('',(0.,1.,0.));
#7012=DIRECTION('center_axis',(0.,0.,1.));
#7013=DIRECTION('ref_axis',(1.,0.,0.));
#7014=DIRECTION('',(-1.,0.,0.));
#7015=DIRECTION('',(1.,0.,0.));
#7016=DIRECTION('',(0.,1.,0.));
#7017=DIRECTION('center_axis',(0.979456946917836,0.,0.201653388601312));
#7018=DIRECTION('ref_axis',(0.201653388601312,0.,-0.979456946917836));
#7019=DIRECTION('',(-0.201653388601312,0.,0.979456946917836));
#7020=DIRECTION('',(0.201653388601312,0.,-0.979456946917836));
#7021=DIRECTION('',(0.,1.,0.));
#7022=DIRECTION('center_axis',(0.515644243663498,0.,0.856802785929585));
#7023=DIRECTION('ref_axis',(0.856802785929585,0.,-0.515644243663498));
#7024=DIRECTION('',(-0.856802785929585,0.,0.515644243663498));
#7025=DIRECTION('',(0.856802785929585,0.,-0.515644243663498));
#7026=DIRECTION('',(0.,1.,0.));
#7027=DIRECTION('center_axis',(-0.978803002946264,0.,-0.204804007342085));
#7028=DIRECTION('ref_axis',(-0.204804007342085,0.,0.978803002946264));
#7029=DIRECTION('',(0.204804007342085,0.,-0.978803002946264));
#7030=DIRECTION('',(-0.204804007342085,0.,0.978803002946264));
#7031=DIRECTION('',(0.,1.,0.));
#7032=DIRECTION('center_axis',(0.,0.,1.));
#7033=DIRECTION('ref_axis',(1.,0.,0.));
#7034=DIRECTION('',(-1.,0.,0.));
#7035=DIRECTION('',(1.,0.,0.));
#7036=DIRECTION('',(0.,1.,0.));
#7037=DIRECTION('center_axis',(-0.979323247471976,0.,-0.202301697869651));
#7038=DIRECTION('ref_axis',(-0.202301697869651,0.,0.979323247471976));
#7039=DIRECTION('',(0.202301697869651,0.,-0.979323247471976));
#7040=DIRECTION('',(-0.202301697869651,0.,0.979323247471976));
#7041=DIRECTION('',(0.,1.,0.));
#7042=DIRECTION('center_axis',(0.,0.,-1.));
#7043=DIRECTION('ref_axis',(-1.,0.,0.));
#7044=DIRECTION('',(1.,0.,0.));
#7045=DIRECTION('',(-1.,0.,0.));
#7046=DIRECTION('',(0.,1.,0.));
#7047=DIRECTION('center_axis',(-0.978852077246857,0.,-0.204569330226973));
#7048=DIRECTION('ref_axis',(-0.204569330226973,0.,0.978852077246857));
#7049=DIRECTION('',(0.204569330226973,0.,-0.978852077246857));
#7050=DIRECTION('',(-0.204569330226973,0.,0.978852077246857));
#7051=DIRECTION('',(0.,1.,0.));
#7052=DIRECTION('',(0.,1.,0.));
#7053=DIRECTION('',(0.,1.,0.));
#7054=DIRECTION('',(0.,1.,0.));
#7055=DIRECTION('',(0.,1.,0.));
#7056=DIRECTION('center_axis',(-0.978403442483512,0.,-0.206704387317768));
#7057=DIRECTION('ref_axis',(-0.206704387317768,0.,0.978403442483512));
#7058=DIRECTION('',(0.206704387317768,0.,-0.978403442483512));
#7059=DIRECTION('',(-0.206704387317768,0.,0.978403442483512));
#7060=DIRECTION('',(0.,1.,0.));
#7061=DIRECTION('',(0.,1.,0.));
#7062=DIRECTION('',(0.,1.,0.));
#7063=DIRECTION('',(0.,1.,0.));
#7064=DIRECTION('',(0.,1.,0.));
#7065=DIRECTION('center_axis',(0.97896137435858,0.,0.20404565056369));
#7066=DIRECTION('ref_axis',(0.20404565056369,0.,-0.97896137435858));
#7067=DIRECTION('',(-0.20404565056369,0.,0.97896137435858));
#7068=DIRECTION('',(0.20404565056369,0.,-0.97896137435858));
#7069=DIRECTION('',(0.,1.,0.));
#7070=DIRECTION('center_axis',(0.,0.,-1.));
#7071=DIRECTION('ref_axis',(-1.,0.,0.));
#7072=DIRECTION('',(1.,0.,0.));
#7073=DIRECTION('',(-1.,0.,0.));
#7074=DIRECTION('center_axis',(0.,1.,0.));
#7075=DIRECTION('ref_axis',(-1.,0.,0.));
#7076=DIRECTION('center_axis',(0.,0.,1.));
#7077=DIRECTION('ref_axis',(1.,0.,0.));
#7078=DIRECTION('',(-1.,0.,0.));
#7079=DIRECTION('',(0.,1.,0.));
#7080=DIRECTION('',(1.,0.,0.));
#7081=DIRECTION('',(0.,1.,0.));
#7082=DIRECTION('center_axis',(-0.978791359983916,0.,-0.204859643709628));
#7083=DIRECTION('ref_axis',(-0.204859643709628,0.,0.978791359983916));
#7084=DIRECTION('',(0.204859643709628,0.,-0.978791359983916));
#7085=DIRECTION('',(-0.204859643709628,0.,0.978791359983916));
#7086=DIRECTION('',(0.,1.,0.));
#7087=DIRECTION('',(0.,1.,0.));
#7088=DIRECTION('',(0.,1.,0.));
#7089=DIRECTION('',(0.,1.,0.));
#7090=DIRECTION('',(0.,1.,0.));
#7091=DIRECTION('',(0.,1.,0.));
#7092=DIRECTION('',(0.,1.,0.));
#7093=DIRECTION('',(0.,1.,0.));
#7094=DIRECTION('',(0.,1.,0.));
#7095=DIRECTION('center_axis',(-0.978741338568342,0.,-0.205098493844907));
#7096=DIRECTION('ref_axis',(-0.205098493844907,0.,0.978741338568342));
#7097=DIRECTION('',(0.205098493844907,0.,-0.978741338568342));
#7098=DIRECTION('',(-0.205098493844907,0.,0.978741338568342));
#7099=DIRECTION('',(0.,1.,0.));
#7100=DIRECTION('center_axis',(0.,0.,-1.));
#7101=DIRECTION('ref_axis',(-1.,0.,0.));
#7102=DIRECTION('',(1.,0.,0.));
#7103=DIRECTION('',(-1.,0.,0.));
#7104=DIRECTION('',(0.,1.,0.));
#7105=DIRECTION('center_axis',(0.978741338568342,0.,0.205098493844907));
#7106=DIRECTION('ref_axis',(0.205098493844907,0.,-0.978741338568342));
#7107=DIRECTION('',(-0.205098493844907,0.,0.978741338568342));
#7108=DIRECTION('',(0.205098493844907,0.,-0.978741338568342));
#7109=DIRECTION('',(0.,1.,0.));
#7110=DIRECTION('',(0.,1.,0.));
#7111=DIRECTION('',(0.,1.,0.));
#7112=DIRECTION('',(0.,1.,0.));
#7113=DIRECTION('',(0.,1.,0.));
#7114=DIRECTION('',(0.,1.,0.));
#7115=DIRECTION('center_axis',(-0.978743156267559,0.,-0.205089819492379));
#7116=DIRECTION('ref_axis',(-0.205089819492379,0.,0.978743156267559));
#7117=DIRECTION('',(0.205089819492379,0.,-0.978743156267559));
#7118=DIRECTION('',(-0.205089819492379,0.,0.978743156267559));
#7119=DIRECTION('',(0.,1.,0.));
#7120=DIRECTION('center_axis',(0.,0.,-1.));
#7121=DIRECTION('ref_axis',(-1.,0.,0.));
#7122=DIRECTION('',(1.,0.,0.));
#7123=DIRECTION('',(-1.,0.,0.));
#7124=DIRECTION('',(0.,1.,0.));
#7125=DIRECTION('center_axis',(0.978904235184022,0.,0.204319598518557));
#7126=DIRECTION('ref_axis',(0.204319598518557,0.,-0.978904235184022));
#7127=DIRECTION('',(-0.204319598518557,0.,0.978904235184022));
#7128=DIRECTION('',(0.204319598518557,0.,-0.978904235184022));
#7129=DIRECTION('',(0.,1.,0.));
#7130=DIRECTION('',(0.,1.,0.));
#7131=DIRECTION('',(0.,1.,0.));
#7132=DIRECTION('',(0.,1.,0.));
#7133=DIRECTION('',(0.,1.,0.));
#7134=DIRECTION('',(0.,1.,0.));
#7135=DIRECTION('',(0.,1.,0.));
#7136=DIRECTION('',(0.,1.,0.));
#7137=DIRECTION('center_axis',(-0.978846601296839,0.,-0.204595530570994));
#7138=DIRECTION('ref_axis',(-0.204595530570994,0.,0.978846601296839));
#7139=DIRECTION('',(0.204595530570994,0.,-0.978846601296839));
#7140=DIRECTION('',(-0.204595530570994,0.,0.978846601296839));
#7141=DIRECTION('',(0.,1.,0.));
#7142=DIRECTION('center_axis',(0.,0.,-1.));
#7143=DIRECTION('ref_axis',(-1.,0.,0.));
#7144=DIRECTION('',(1.,0.,0.));
#7145=DIRECTION('',(-1.,0.,0.));
#7146=DIRECTION('',(0.,1.,0.));
#7147=DIRECTION('center_axis',(0.978842227560933,0.,0.204616454723346));
#7148=DIRECTION('ref_axis',(0.204616454723346,0.,-0.978842227560933));
#7149=DIRECTION('',(-0.204616454723346,0.,0.978842227560933));
#7150=DIRECTION('',(0.204616454723346,0.,-0.978842227560933));
#7151=DIRECTION('center_axis',(0.,1.,0.));
#7152=DIRECTION('ref_axis',(-1.,0.,0.));
#7153=DIRECTION('center_axis',(-0.149612802507292,0.,0.988744663361535));
#7154=DIRECTION('ref_axis',(0.988744663361535,0.,0.149612802507292));
#7155=DIRECTION('',(-0.988744663361535,0.,-0.149612802507292));
#7156=DIRECTION('',(0.,1.,0.));
#7157=DIRECTION('',(0.988744663361535,0.,0.149612802507292));
#7158=DIRECTION('',(0.,1.,0.));
#7159=DIRECTION('',(0.,1.,0.));
#7160=DIRECTION('',(0.,1.,0.));
#7161=DIRECTION('',(0.,1.,0.));
#7162=DIRECTION('',(0.,1.,0.));
#7163=DIRECTION('',(0.,1.,0.));
#7164=DIRECTION('',(0.,1.,0.));
#7165=DIRECTION('',(0.,1.,0.));
#7166=DIRECTION('',(0.,1.,0.));
#7167=DIRECTION('',(0.,1.,0.));
#7168=DIRECTION('center_axis',(-0.0964342676882052,0.,-0.995339355202757));
#7169=DIRECTION('ref_axis',(-0.995339355202757,0.,0.0964342676882052));
#7170=DIRECTION('',(0.995339355202757,0.,-0.0964342676882052));
#7171=DIRECTION('',(-0.995339355202757,0.,0.0964342676882052));
#7172=DIRECTION('',(0.,1.,0.));
#7173=DIRECTION('',(0.,1.,0.));
#7174=DIRECTION('',(0.,1.,0.));
#7175=DIRECTION('',(0.,1.,0.));
#7176=DIRECTION('',(0.,1.,0.));
#7177=DIRECTION('',(0.,1.,0.));
#7178=DIRECTION('',(0.,1.,0.));
#7179=DIRECTION('',(0.,1.,0.));
#7180=DIRECTION('',(0.,1.,0.));
#7181=DIRECTION('center_axis',(0.,1.,0.));
#7182=DIRECTION('ref_axis',(-1.,0.,0.));
#7183=DIRECTION('',(0.,1.,0.));
#7184=DIRECTION('',(0.,1.,0.));
#7185=DIRECTION('',(0.,1.,0.));
#7186=DIRECTION('',(0.,1.,0.));
#7187=DIRECTION('',(0.,1.,0.));
#7188=DIRECTION('',(0.,1.,0.));
#7189=DIRECTION('',(0.,1.,0.));
#7190=DIRECTION('',(0.,1.,0.));
#7191=DIRECTION('',(0.,1.,0.));
#7192=DIRECTION('',(0.,1.,0.));
#7193=DIRECTION('',(0.,1.,0.));
#7194=DIRECTION('',(0.,1.,0.));
#7195=DIRECTION('',(0.,1.,0.));
#7196=DIRECTION('',(0.,1.,0.));
#7197=DIRECTION('',(0.,1.,0.));
#7198=DIRECTION('',(0.,1.,0.));
#7199=DIRECTION('',(0.,1.,0.));
#7200=DIRECTION('',(0.,1.,0.));
#7201=DIRECTION('center_axis',(0.,1.,0.));
#7202=DIRECTION('ref_axis',(-1.,0.,0.));
#7203=DIRECTION('center_axis',(0.,1.,0.));
#7204=DIRECTION('ref_axis',(0.,0.,1.));
#7205=DIRECTION('',(0.,1.,0.));
#7206=DIRECTION('',(0.,1.,0.));
#7207=DIRECTION('',(0.,1.,0.));
#7208=DIRECTION('',(0.,1.,0.));
#7209=DIRECTION('',(0.,1.,0.));
#7210=DIRECTION('',(0.,1.,0.));
#7211=DIRECTION('',(0.,1.,0.));
#7212=DIRECTION('',(0.,1.,0.));
#7213=DIRECTION('',(0.,1.,0.));
#7214=DIRECTION('',(0.,1.,0.));
#7215=DIRECTION('',(0.,1.,0.));
#7216=DIRECTION('',(0.,1.,0.));
#7217=DIRECTION('',(0.,1.,0.));
#7218=DIRECTION('',(0.,1.,0.));
#7219=DIRECTION('',(0.,1.,0.));
#7220=DIRECTION('',(0.,1.,0.));
#7221=DIRECTION('',(0.,1.,0.));
#7222=DIRECTION('',(0.,1.,0.));
#7223=DIRECTION('center_axis',(0.,1.,0.));
#7224=DIRECTION('ref_axis',(-1.,0.,0.));
#7225=DIRECTION('center_axis',(0.,1.,0.));
#7226=DIRECTION('ref_axis',(0.,0.,1.));
#7227=DIRECTION('center_axis',(0.,0.,1.));
#7228=DIRECTION('ref_axis',(1.,0.,0.));
#7229=DIRECTION('',(-1.,0.,0.));
#7230=DIRECTION('',(0.,1.,0.));
#7231=DIRECTION('',(1.,0.,0.));
#7232=DIRECTION('',(0.,1.,0.));
#7233=DIRECTION('center_axis',(-0.978901458588628,0.,-0.204332900858028));
#7234=DIRECTION('ref_axis',(-0.204332900858028,0.,0.978901458588628));
#7235=DIRECTION('',(0.204332900858028,0.,-0.978901458588628));
#7236=DIRECTION('',(-0.204332900858028,0.,0.978901458588628));
#7237=DIRECTION('',(0.,1.,0.));
#7238=DIRECTION('',(0.,1.,0.));
#7239=DIRECTION('',(0.,1.,0.));
#7240=DIRECTION('center_axis',(-0.905689941734787,0.,-0.42394071453499));
#7241=DIRECTION('ref_axis',(-0.42394071453499,0.,0.905689941734787));
#7242=DIRECTION('',(0.42394071453499,0.,-0.905689941734787));
#7243=DIRECTION('',(-0.42394071453499,0.,0.905689941734787));
#7244=DIRECTION('',(0.,1.,0.));
#7245=DIRECTION('',(0.,1.,0.));
#7246=DIRECTION('',(0.,1.,0.));
#7247=DIRECTION('',(0.,1.,0.));
#7248=DIRECTION('',(0.,1.,0.));
#7249=DIRECTION('center_axis',(-0.978612014491976,0.,-0.205714669121957));
#7250=DIRECTION('ref_axis',(-0.205714669121957,0.,0.978612014491976));
#7251=DIRECTION('',(0.205714669121957,0.,-0.978612014491976));
#7252=DIRECTION('',(-0.205714669121957,0.,0.978612014491976));
#7253=DIRECTION('',(0.,1.,0.));
#7254=DIRECTION('center_axis',(0.,0.,-1.));
#7255=DIRECTION('ref_axis',(-1.,0.,0.));
#7256=DIRECTION('',(1.,0.,0.));
#7257=DIRECTION('',(-1.,0.,0.));
#7258=DIRECTION('',(0.,1.,0.));
#7259=DIRECTION('center_axis',(0.978842189606129,0.,0.204616636291087));
#7260=DIRECTION('ref_axis',(0.204616636291087,0.,-0.978842189606129));
#7261=DIRECTION('',(-0.204616636291087,0.,0.978842189606129));
#7262=DIRECTION('',(0.204616636291087,0.,-0.978842189606129));
#7263=DIRECTION('center_axis',(0.,1.,0.));
#7264=DIRECTION('ref_axis',(-1.,0.,0.));
#7265=DIRECTION('',(0.,1.,0.));
#7266=DIRECTION('',(0.,1.,0.));
#7267=DIRECTION('',(0.,1.,0.));
#7268=DIRECTION('',(0.,1.,0.));
#7269=DIRECTION('',(0.,1.,0.));
#7270=DIRECTION('',(0.,1.,0.));
#7271=DIRECTION('center_axis',(0.,0.,1.));
#7272=DIRECTION('ref_axis',(1.,0.,0.));
#7273=DIRECTION('',(-1.,0.,0.));
#7274=DIRECTION('',(1.,0.,0.));
#7275=DIRECTION('center_axis',(0.,0.,-1.));
#7276=DIRECTION('ref_axis',(-1.,0.,0.));
#7277=DIRECTION('',(1.,0.,0.));
#7278=DIRECTION('',(0.,1.,0.));
#7279=DIRECTION('',(-1.,0.,0.));
#7280=DIRECTION('',(0.,1.,0.));
#7281=DIRECTION('',(0.,1.,0.));
#7282=DIRECTION('',(0.,1.,0.));
#7283=DIRECTION('',(0.,1.,0.));
#7284=DIRECTION('',(0.,1.,0.));
#7285=DIRECTION('center_axis',(-0.165020928117754,0.,0.986290065489436));
#7286=DIRECTION('ref_axis',(0.986290065489436,0.,0.165020928117754));
#7287=DIRECTION('',(-0.986290065489436,0.,-0.165020928117754));
#7288=DIRECTION('',(0.986290065489436,0.,0.165020928117754));
#7289=DIRECTION('',(0.,1.,0.));
#7290=DIRECTION('',(0.,1.,0.));
#7291=DIRECTION('',(0.,1.,0.));
#7292=DIRECTION('',(0.,1.,0.));
#7293=DIRECTION('',(0.,1.,0.));
#7294=DIRECTION('',(0.,1.,0.));
#7295=DIRECTION('',(0.,1.,0.));
#7296=DIRECTION('',(0.,1.,0.));
#7297=DIRECTION('',(0.,1.,0.));
#7298=DIRECTION('center_axis',(0.,1.,0.));
#7299=DIRECTION('ref_axis',(-1.,0.,0.));
#7300=DIRECTION('center_axis',(0.,1.,0.));
#7301=DIRECTION('ref_axis',(0.,0.,1.));
#7302=DIRECTION('center_axis',(0.,-1.,0.));
#7303=DIRECTION('ref_axis',(-1.,0.,0.));
#7304=DIRECTION('center_axis',(0.,-1.,0.));
#7305=DIRECTION('ref_axis',(-1.,0.,0.));
#7306=DIRECTION('',(0.,-1.,0.));
#7307=DIRECTION('center_axis',(0.,1.,0.));
#7308=DIRECTION('ref_axis',(-1.,0.,0.));
#7309=DIRECTION('center_axis',(0.,-1.,0.));
#7310=DIRECTION('ref_axis',(-1.,0.,0.));
#7311=DIRECTION('center_axis',(0.,-1.,0.));
#7312=DIRECTION('ref_axis',(-1.,0.,0.));
#7313=DIRECTION('',(0.,-1.,0.));
#7314=DIRECTION('center_axis',(0.,1.,0.));
#7315=DIRECTION('ref_axis',(-1.,0.,0.));
#7316=DIRECTION('center_axis',(0.,-1.,0.));
#7317=DIRECTION('ref_axis',(-1.,0.,0.));
#7318=DIRECTION('center_axis',(0.,-1.,0.));
#7319=DIRECTION('ref_axis',(-1.,0.,0.));
#7320=DIRECTION('',(0.,-1.,0.));
#7321=DIRECTION('center_axis',(0.,1.,0.));
#7322=DIRECTION('ref_axis',(-1.,0.,0.));
#7323=DIRECTION('center_axis',(0.,-1.,0.));
#7324=DIRECTION('ref_axis',(-1.,0.,0.));
#7325=DIRECTION('center_axis',(0.,-1.,0.));
#7326=DIRECTION('ref_axis',(-1.,0.,0.));
#7327=DIRECTION('',(0.,-1.,0.));
#7328=DIRECTION('center_axis',(0.,1.,0.));
#7329=DIRECTION('ref_axis',(-1.,0.,0.));
#7330=DIRECTION('center_axis',(-1.,0.,0.));
#7331=DIRECTION('ref_axis',(0.,0.,1.));
#7332=DIRECTION('',(0.,0.,-1.));
#7333=DIRECTION('',(0.,1.,0.));
#7334=DIRECTION('',(0.,0.,1.));
#7335=DIRECTION('',(0.,1.,0.));
#7336=DIRECTION('center_axis',(0.,0.,1.));
#7337=DIRECTION('ref_axis',(1.,0.,0.));
#7338=DIRECTION('',(-1.,0.,0.));
#7339=DIRECTION('',(0.,1.,0.));
#7340=DIRECTION('',(1.,0.,0.));
#7341=DIRECTION('center_axis',(0.,0.,-1.));
#7342=DIRECTION('ref_axis',(-1.,0.,0.));
#7343=DIRECTION('',(1.,0.,0.));
#7344=DIRECTION('',(-1.,0.,0.));
#7345=DIRECTION('',(0.,1.,0.));
#7346=DIRECTION('center_axis',(1.,0.,0.));
#7347=DIRECTION('ref_axis',(0.,0.,-1.));
#7348=DIRECTION('',(0.,0.,1.));
#7349=DIRECTION('',(0.,0.,-1.));
#7350=DIRECTION('center_axis',(0.,1.,0.));
#7351=DIRECTION('ref_axis',(0.,0.,1.));
#7352=DIRECTION('center_axis',(0.,0.,1.));
#7353=DIRECTION('ref_axis',(1.,0.,0.));
#7354=DIRECTION('',(-1.,0.,0.));
#7355=DIRECTION('',(0.,1.,0.));
#7356=DIRECTION('',(1.,0.,0.));
#7357=DIRECTION('',(0.,1.,0.));
#7358=DIRECTION('center_axis',(1.,0.,0.));
#7359=DIRECTION('ref_axis',(0.,0.,-1.));
#7360=DIRECTION('',(0.,0.,1.));
#7361=DIRECTION('',(0.,1.,0.));
#7362=DIRECTION('',(0.,0.,-1.));
#7363=DIRECTION('center_axis',(-1.,0.,0.));
#7364=DIRECTION('ref_axis',(0.,0.,1.));
#7365=DIRECTION('',(0.,0.,-1.));
#7366=DIRECTION('',(0.,0.,1.));
#7367=DIRECTION('',(0.,1.,0.));
#7368=DIRECTION('center_axis',(0.,0.,-1.));
#7369=DIRECTION('ref_axis',(-1.,0.,0.));
#7370=DIRECTION('',(1.,0.,0.));
#7371=DIRECTION('',(-1.,0.,0.));
#7372=DIRECTION('center_axis',(0.,1.,0.));
#7373=DIRECTION('ref_axis',(0.,0.,1.));
#7374=DIRECTION('center_axis',(0.,0.,-1.));
#7375=DIRECTION('ref_axis',(1.,0.,0.));
#7376=DIRECTION('',(-1.,0.,0.));
#7377=DIRECTION('',(0.,-1.,0.));
#7378=DIRECTION('',(1.,0.,0.));
#7379=DIRECTION('',(0.,-1.,0.));
#7380=DIRECTION('center_axis',(-1.,0.,0.));
#7381=DIRECTION('ref_axis',(0.,0.,-1.));
#7382=DIRECTION('',(0.,0.,1.));
#7383=DIRECTION('',(0.,0.,-1.));
#7384=DIRECTION('',(0.,-1.,0.));
#7385=DIRECTION('center_axis',(0.,0.,1.));
#7386=DIRECTION('ref_axis',(-1.,0.,0.));
#7387=DIRECTION('',(1.,0.,0.));
#7388=DIRECTION('',(-1.,0.,0.));
#7389=DIRECTION('',(0.,-1.,0.));
#7390=DIRECTION('center_axis',(1.,0.,0.));
#7391=DIRECTION('ref_axis',(0.,0.,1.));
#7392=DIRECTION('',(0.,0.,-1.));
#7393=DIRECTION('',(0.,0.,1.));
#7394=DIRECTION('center_axis',(0.,0.,-1.));
#7395=DIRECTION('ref_axis',(1.,0.,0.));
#7396=DIRECTION('',(-1.,0.,0.));
#7397=DIRECTION('',(0.,-1.,0.));
#7398=DIRECTION('',(1.,0.,0.));
#7399=DIRECTION('',(0.,-1.,0.));
#7400=DIRECTION('center_axis',(-1.,0.,0.));
#7401=DIRECTION('ref_axis',(0.,0.,-1.));
#7402=DIRECTION('',(0.,0.,1.));
#7403=DIRECTION('',(0.,0.,-1.));
#7404=DIRECTION('',(0.,-1.,0.));
#7405=DIRECTION('center_axis',(0.,0.,1.));
#7406=DIRECTION('ref_axis',(-1.,0.,0.));
#7407=DIRECTION('',(1.,0.,0.));
#7408=DIRECTION('',(-1.,0.,0.));
#7409=DIRECTION('',(0.,-1.,0.));
#7410=DIRECTION('center_axis',(1.,0.,0.));
#7411=DIRECTION('ref_axis',(0.,0.,1.));
#7412=DIRECTION('',(0.,0.,-1.));
#7413=DIRECTION('',(0.,0.,1.));
#7414=DIRECTION('center_axis',(0.,0.,-1.));
#7415=DIRECTION('ref_axis',(1.,0.,0.));
#7416=DIRECTION('',(-1.,0.,0.));
#7417=DIRECTION('',(0.,-1.,0.));
#7418=DIRECTION('',(1.,0.,0.));
#7419=DIRECTION('',(0.,-1.,0.));
#7420=DIRECTION('center_axis',(-1.,0.,0.));
#7421=DIRECTION('ref_axis',(0.,0.,-1.));
#7422=DIRECTION('',(0.,0.,1.));
#7423=DIRECTION('',(0.,0.,-1.));
#7424=DIRECTION('',(0.,-1.,0.));
#7425=DIRECTION('center_axis',(0.,0.,1.));
#7426=DIRECTION('ref_axis',(-1.,0.,0.));
#7427=DIRECTION('',(1.,0.,0.));
#7428=DIRECTION('',(-1.,0.,0.));
#7429=DIRECTION('',(0.,-1.,0.));
#7430=DIRECTION('center_axis',(1.,0.,0.));
#7431=DIRECTION('ref_axis',(0.,0.,1.));
#7432=DIRECTION('',(0.,0.,-1.));
#7433=DIRECTION('',(0.,0.,1.));
#7434=DIRECTION('center_axis',(0.,0.,-1.));
#7435=DIRECTION('ref_axis',(1.,0.,0.));
#7436=DIRECTION('',(-1.,0.,0.));
#7437=DIRECTION('',(0.,-1.,0.));
#7438=DIRECTION('',(1.,0.,0.));
#7439=DIRECTION('',(0.,-1.,0.));
#7440=DIRECTION('center_axis',(-1.,0.,0.));
#7441=DIRECTION('ref_axis',(0.,0.,-1.));
#7442=DIRECTION('',(0.,0.,1.));
#7443=DIRECTION('',(0.,0.,-1.));
#7444=DIRECTION('',(0.,-1.,0.));
#7445=DIRECTION('center_axis',(0.,0.,1.));
#7446=DIRECTION('ref_axis',(-1.,0.,0.));
#7447=DIRECTION('',(1.,0.,0.));
#7448=DIRECTION('',(-1.,0.,0.));
#7449=DIRECTION('',(0.,-1.,0.));
#7450=DIRECTION('center_axis',(1.,0.,0.));
#7451=DIRECTION('ref_axis',(0.,0.,1.));
#7452=DIRECTION('',(0.,0.,-1.));
#7453=DIRECTION('',(0.,0.,1.));
#7454=DIRECTION('center_axis',(0.,0.,-1.));
#7455=DIRECTION('ref_axis',(1.,0.,0.));
#7456=DIRECTION('',(-1.,0.,0.));
#7457=DIRECTION('',(0.,-1.,0.));
#7458=DIRECTION('',(1.,0.,0.));
#7459=DIRECTION('',(0.,-1.,0.));
#7460=DIRECTION('center_axis',(-1.,0.,0.));
#7461=DIRECTION('ref_axis',(0.,0.,-1.));
#7462=DIRECTION('',(0.,0.,1.));
#7463=DIRECTION('',(0.,0.,-1.));
#7464=DIRECTION('',(0.,-1.,0.));
#7465=DIRECTION('center_axis',(0.,0.,1.));
#7466=DIRECTION('ref_axis',(-1.,0.,0.));
#7467=DIRECTION('',(1.,0.,0.));
#7468=DIRECTION('',(-1.,0.,0.));
#7469=DIRECTION('',(0.,-1.,0.));
#7470=DIRECTION('center_axis',(1.,0.,0.));
#7471=DIRECTION('ref_axis',(0.,0.,1.));
#7472=DIRECTION('',(0.,0.,-1.));
#7473=DIRECTION('',(0.,0.,1.));
#7474=DIRECTION('center_axis',(0.,0.,-1.));
#7475=DIRECTION('ref_axis',(1.,0.,0.));
#7476=DIRECTION('',(-1.,0.,0.));
#7477=DIRECTION('',(0.,-1.,0.));
#7478=DIRECTION('',(1.,0.,0.));
#7479=DIRECTION('',(0.,-1.,0.));
#7480=DIRECTION('center_axis',(-1.,0.,0.));
#7481=DIRECTION('ref_axis',(0.,0.,-1.));
#7482=DIRECTION('',(0.,0.,1.));
#7483=DIRECTION('',(0.,0.,-1.));
#7484=DIRECTION('',(0.,-1.,0.));
#7485=DIRECTION('center_axis',(0.,0.,1.));
#7486=DIRECTION('ref_axis',(-1.,0.,0.));
#7487=DIRECTION('',(1.,0.,0.));
#7488=DIRECTION('',(-1.,0.,0.));
#7489=DIRECTION('',(0.,-1.,0.));
#7490=DIRECTION('center_axis',(1.,0.,0.));
#7491=DIRECTION('ref_axis',(0.,0.,1.));
#7492=DIRECTION('',(0.,0.,-1.));
#7493=DIRECTION('',(0.,0.,1.));
#7494=DIRECTION('center_axis',(0.,0.,-1.));
#7495=DIRECTION('ref_axis',(1.,0.,0.));
#7496=DIRECTION('',(-1.,0.,0.));
#7497=DIRECTION('',(0.,-1.,0.));
#7498=DIRECTION('',(1.,0.,0.));
#7499=DIRECTION('',(0.,-1.,0.));
#7500=DIRECTION('center_axis',(-1.,0.,0.));
#7501=DIRECTION('ref_axis',(0.,0.,-1.));
#7502=DIRECTION('',(0.,0.,1.));
#7503=DIRECTION('',(0.,0.,-1.));
#7504=DIRECTION('',(0.,-1.,0.));
#7505=DIRECTION('center_axis',(0.,0.,1.));
#7506=DIRECTION('ref_axis',(-1.,0.,0.));
#7507=DIRECTION('',(1.,0.,0.));
#7508=DIRECTION('',(-1.,0.,0.));
#7509=DIRECTION('',(0.,-1.,0.));
#7510=DIRECTION('center_axis',(1.,0.,0.));
#7511=DIRECTION('ref_axis',(0.,0.,1.));
#7512=DIRECTION('',(0.,0.,-1.));
#7513=DIRECTION('',(0.,0.,1.));
#7514=DIRECTION('center_axis',(0.,0.,-1.));
#7515=DIRECTION('ref_axis',(1.,0.,0.));
#7516=DIRECTION('',(-1.,0.,0.));
#7517=DIRECTION('',(0.,-1.,0.));
#7518=DIRECTION('',(1.,0.,0.));
#7519=DIRECTION('',(0.,-1.,0.));
#7520=DIRECTION('center_axis',(-1.,0.,0.));
#7521=DIRECTION('ref_axis',(0.,0.,-1.));
#7522=DIRECTION('',(0.,0.,1.));
#7523=DIRECTION('',(0.,0.,-1.));
#7524=DIRECTION('',(0.,-1.,0.));
#7525=DIRECTION('center_axis',(0.,0.,1.));
#7526=DIRECTION('ref_axis',(-1.,0.,0.));
#7527=DIRECTION('',(1.,0.,0.));
#7528=DIRECTION('',(-1.,0.,0.));
#7529=DIRECTION('',(0.,-1.,0.));
#7530=DIRECTION('center_axis',(1.,0.,0.));
#7531=DIRECTION('ref_axis',(0.,0.,1.));
#7532=DIRECTION('',(0.,0.,-1.));
#7533=DIRECTION('',(0.,0.,1.));
#7534=DIRECTION('center_axis',(0.,0.,-1.));
#7535=DIRECTION('ref_axis',(1.,0.,0.));
#7536=DIRECTION('',(-1.,0.,0.));
#7537=DIRECTION('',(0.,-1.,0.));
#7538=DIRECTION('',(1.,0.,0.));
#7539=DIRECTION('',(0.,-1.,0.));
#7540=DIRECTION('center_axis',(-1.,0.,0.));
#7541=DIRECTION('ref_axis',(0.,0.,-1.));
#7542=DIRECTION('',(0.,0.,1.));
#7543=DIRECTION('',(0.,0.,-1.));
#7544=DIRECTION('',(0.,-1.,0.));
#7545=DIRECTION('center_axis',(0.,0.,1.));
#7546=DIRECTION('ref_axis',(-1.,0.,0.));
#7547=DIRECTION('',(1.,0.,0.));
#7548=DIRECTION('',(-1.,0.,0.));
#7549=DIRECTION('',(0.,-1.,0.));
#7550=DIRECTION('center_axis',(1.,0.,0.));
#7551=DIRECTION('ref_axis',(0.,0.,1.));
#7552=DIRECTION('',(0.,0.,-1.));
#7553=DIRECTION('',(0.,0.,1.));
#7554=DIRECTION('center_axis',(0.,0.,-1.));
#7555=DIRECTION('ref_axis',(1.,0.,0.));
#7556=DIRECTION('',(-1.,0.,0.));
#7557=DIRECTION('',(0.,-1.,0.));
#7558=DIRECTION('',(1.,0.,0.));
#7559=DIRECTION('',(0.,-1.,0.));
#7560=DIRECTION('center_axis',(-1.,0.,0.));
#7561=DIRECTION('ref_axis',(0.,0.,-1.));
#7562=DIRECTION('',(0.,0.,1.));
#7563=DIRECTION('',(0.,0.,-1.));
#7564=DIRECTION('',(0.,-1.,0.));
#7565=DIRECTION('center_axis',(0.,0.,1.));
#7566=DIRECTION('ref_axis',(-1.,0.,0.));
#7567=DIRECTION('',(1.,0.,0.));
#7568=DIRECTION('',(-1.,0.,0.));
#7569=DIRECTION('',(0.,-1.,0.));
#7570=DIRECTION('center_axis',(1.,0.,0.));
#7571=DIRECTION('ref_axis',(0.,0.,1.));
#7572=DIRECTION('',(0.,0.,-1.));
#7573=DIRECTION('',(0.,0.,1.));
#7574=DIRECTION('center_axis',(0.,0.,-1.));
#7575=DIRECTION('ref_axis',(1.,0.,0.));
#7576=DIRECTION('',(-1.,0.,0.));
#7577=DIRECTION('',(0.,-1.,0.));
#7578=DIRECTION('',(1.,0.,0.));
#7579=DIRECTION('',(0.,-1.,0.));
#7580=DIRECTION('center_axis',(-1.,0.,0.));
#7581=DIRECTION('ref_axis',(0.,0.,-1.));
#7582=DIRECTION('',(0.,0.,1.));
#7583=DIRECTION('',(0.,0.,-1.));
#7584=DIRECTION('',(0.,-1.,0.));
#7585=DIRECTION('center_axis',(0.,0.,1.));
#7586=DIRECTION('ref_axis',(-1.,0.,0.));
#7587=DIRECTION('',(1.,0.,0.));
#7588=DIRECTION('',(-1.,0.,0.));
#7589=DIRECTION('',(0.,-1.,0.));
#7590=DIRECTION('center_axis',(1.,0.,0.));
#7591=DIRECTION('ref_axis',(0.,0.,1.));
#7592=DIRECTION('',(0.,0.,-1.));
#7593=DIRECTION('',(0.,0.,1.));
#7594=DIRECTION('center_axis',(0.,0.,-1.));
#7595=DIRECTION('ref_axis',(1.,0.,0.));
#7596=DIRECTION('',(-1.,0.,0.));
#7597=DIRECTION('',(0.,-1.,0.));
#7598=DIRECTION('',(1.,0.,0.));
#7599=DIRECTION('',(0.,-1.,0.));
#7600=DIRECTION('center_axis',(-1.,0.,0.));
#7601=DIRECTION('ref_axis',(0.,0.,-1.));
#7602=DIRECTION('',(0.,0.,1.));
#7603=DIRECTION('',(0.,0.,-1.));
#7604=DIRECTION('',(0.,-1.,0.));
#7605=DIRECTION('center_axis',(0.,0.,1.));
#7606=DIRECTION('ref_axis',(-1.,0.,0.));
#7607=DIRECTION('',(1.,0.,0.));
#7608=DIRECTION('',(-1.,0.,0.));
#7609=DIRECTION('',(0.,-1.,0.));
#7610=DIRECTION('center_axis',(1.,0.,0.));
#7611=DIRECTION('ref_axis',(0.,0.,1.));
#7612=DIRECTION('',(0.,0.,-1.));
#7613=DIRECTION('',(0.,0.,1.));
#7614=DIRECTION('center_axis',(0.,0.,-1.));
#7615=DIRECTION('ref_axis',(1.,0.,0.));
#7616=DIRECTION('',(-1.,0.,0.));
#7617=DIRECTION('',(0.,-1.,0.));
#7618=DIRECTION('',(1.,0.,0.));
#7619=DIRECTION('',(0.,-1.,0.));
#7620=DIRECTION('center_axis',(-1.,0.,0.));
#7621=DIRECTION('ref_axis',(0.,0.,-1.));
#7622=DIRECTION('',(0.,0.,1.));
#7623=DIRECTION('',(0.,0.,-1.));
#7624=DIRECTION('',(0.,-1.,0.));
#7625=DIRECTION('center_axis',(0.,0.,1.));
#7626=DIRECTION('ref_axis',(-1.,0.,0.));
#7627=DIRECTION('',(1.,0.,0.));
#7628=DIRECTION('',(-1.,0.,0.));
#7629=DIRECTION('',(0.,-1.,0.));
#7630=DIRECTION('center_axis',(1.,0.,0.));
#7631=DIRECTION('ref_axis',(0.,0.,1.));
#7632=DIRECTION('',(0.,0.,-1.));
#7633=DIRECTION('',(0.,0.,1.));
#7634=DIRECTION('center_axis',(0.,0.,-1.));
#7635=DIRECTION('ref_axis',(1.,0.,0.));
#7636=DIRECTION('',(-1.,0.,0.));
#7637=DIRECTION('',(0.,-1.,0.));
#7638=DIRECTION('',(1.,0.,0.));
#7639=DIRECTION('',(0.,-1.,0.));
#7640=DIRECTION('center_axis',(-1.,0.,0.));
#7641=DIRECTION('ref_axis',(0.,0.,-1.));
#7642=DIRECTION('',(0.,0.,1.));
#7643=DIRECTION('',(0.,0.,-1.));
#7644=DIRECTION('',(0.,-1.,0.));
#7645=DIRECTION('center_axis',(0.,0.,1.));
#7646=DIRECTION('ref_axis',(-1.,0.,0.));
#7647=DIRECTION('',(1.,0.,0.));
#7648=DIRECTION('',(-1.,0.,0.));
#7649=DIRECTION('',(0.,-1.,0.));
#7650=DIRECTION('center_axis',(1.,0.,0.));
#7651=DIRECTION('ref_axis',(0.,0.,1.));
#7652=DIRECTION('',(0.,0.,-1.));
#7653=DIRECTION('',(0.,0.,1.));
#7654=DIRECTION('center_axis',(0.,0.,-1.));
#7655=DIRECTION('ref_axis',(1.,0.,0.));
#7656=DIRECTION('',(-1.,0.,0.));
#7657=DIRECTION('',(0.,-1.,0.));
#7658=DIRECTION('',(1.,0.,0.));
#7659=DIRECTION('',(0.,-1.,0.));
#7660=DIRECTION('center_axis',(-1.,0.,0.));
#7661=DIRECTION('ref_axis',(0.,0.,-1.));
#7662=DIRECTION('',(0.,0.,1.));
#7663=DIRECTION('',(0.,0.,-1.));
#7664=DIRECTION('',(0.,-1.,0.));
#7665=DIRECTION('center_axis',(0.,0.,1.));
#7666=DIRECTION('ref_axis',(-1.,0.,0.));
#7667=DIRECTION('',(1.,0.,0.));
#7668=DIRECTION('',(-1.,0.,0.));
#7669=DIRECTION('',(0.,-1.,0.));
#7670=DIRECTION('center_axis',(1.,0.,0.));
#7671=DIRECTION('ref_axis',(0.,0.,1.));
#7672=DIRECTION('',(0.,0.,-1.));
#7673=DIRECTION('',(0.,0.,1.));
#7674=DIRECTION('center_axis',(0.,0.,-1.));
#7675=DIRECTION('ref_axis',(1.,0.,0.));
#7676=DIRECTION('',(-1.,0.,0.));
#7677=DIRECTION('',(0.,-1.,0.));
#7678=DIRECTION('',(1.,0.,0.));
#7679=DIRECTION('',(0.,-1.,0.));
#7680=DIRECTION('center_axis',(-1.,0.,0.));
#7681=DIRECTION('ref_axis',(0.,0.,-1.));
#7682=DIRECTION('',(0.,0.,1.));
#7683=DIRECTION('',(0.,0.,-1.));
#7684=DIRECTION('',(0.,-1.,0.));
#7685=DIRECTION('center_axis',(0.,0.,1.));
#7686=DIRECTION('ref_axis',(-1.,0.,0.));
#7687=DIRECTION('',(1.,0.,0.));
#7688=DIRECTION('',(-1.,0.,0.));
#7689=DIRECTION('',(0.,-1.,0.));
#7690=DIRECTION('center_axis',(1.,0.,0.));
#7691=DIRECTION('ref_axis',(0.,0.,1.));
#7692=DIRECTION('',(0.,0.,-1.));
#7693=DIRECTION('',(0.,0.,1.));
#7694=DIRECTION('center_axis',(0.,0.,-1.));
#7695=DIRECTION('ref_axis',(1.,0.,0.));
#7696=DIRECTION('',(-1.,0.,0.));
#7697=DIRECTION('',(0.,-1.,0.));
#7698=DIRECTION('',(1.,0.,0.));
#7699=DIRECTION('',(0.,-1.,0.));
#7700=DIRECTION('center_axis',(-1.,0.,0.));
#7701=DIRECTION('ref_axis',(0.,0.,-1.));
#7702=DIRECTION('',(0.,0.,1.));
#7703=DIRECTION('',(0.,0.,-1.));
#7704=DIRECTION('',(0.,-1.,0.));
#7705=DIRECTION('center_axis',(0.,0.,1.));
#7706=DIRECTION('ref_axis',(-1.,0.,0.));
#7707=DIRECTION('',(1.,0.,0.));
#7708=DIRECTION('',(-1.,0.,0.));
#7709=DIRECTION('',(0.,-1.,0.));
#7710=DIRECTION('center_axis',(1.,0.,0.));
#7711=DIRECTION('ref_axis',(0.,0.,1.));
#7712=DIRECTION('',(0.,0.,-1.));
#7713=DIRECTION('',(0.,0.,1.));
#7714=DIRECTION('center_axis',(0.,0.,-1.));
#7715=DIRECTION('ref_axis',(1.,0.,0.));
#7716=DIRECTION('',(-1.,0.,0.));
#7717=DIRECTION('',(0.,-1.,0.));
#7718=DIRECTION('',(1.,0.,0.));
#7719=DIRECTION('',(0.,-1.,0.));
#7720=DIRECTION('center_axis',(-1.,0.,0.));
#7721=DIRECTION('ref_axis',(0.,0.,-1.));
#7722=DIRECTION('',(0.,0.,1.));
#7723=DIRECTION('',(0.,0.,-1.));
#7724=DIRECTION('',(0.,-1.,0.));
#7725=DIRECTION('center_axis',(0.,0.,1.));
#7726=DIRECTION('ref_axis',(-1.,0.,0.));
#7727=DIRECTION('',(1.,0.,0.));
#7728=DIRECTION('',(-1.,0.,0.));
#7729=DIRECTION('',(0.,-1.,0.));
#7730=DIRECTION('center_axis',(1.,0.,0.));
#7731=DIRECTION('ref_axis',(0.,0.,1.));
#7732=DIRECTION('',(0.,0.,-1.));
#7733=DIRECTION('',(0.,0.,1.));
#7734=DIRECTION('center_axis',(0.,0.,-1.));
#7735=DIRECTION('ref_axis',(1.,0.,0.));
#7736=DIRECTION('',(-1.,0.,0.));
#7737=DIRECTION('',(0.,-1.,0.));
#7738=DIRECTION('',(1.,0.,0.));
#7739=DIRECTION('',(0.,-1.,0.));
#7740=DIRECTION('center_axis',(-1.,0.,0.));
#7741=DIRECTION('ref_axis',(0.,0.,-1.));
#7742=DIRECTION('',(0.,0.,1.));
#7743=DIRECTION('',(0.,0.,-1.));
#7744=DIRECTION('',(0.,-1.,0.));
#7745=DIRECTION('center_axis',(0.,0.,1.));
#7746=DIRECTION('ref_axis',(-1.,0.,0.));
#7747=DIRECTION('',(1.,0.,0.));
#7748=DIRECTION('',(-1.,0.,0.));
#7749=DIRECTION('',(0.,-1.,0.));
#7750=DIRECTION('center_axis',(1.,0.,0.));
#7751=DIRECTION('ref_axis',(0.,0.,1.));
#7752=DIRECTION('',(0.,0.,-1.));
#7753=DIRECTION('',(0.,0.,1.));
#7754=DIRECTION('center_axis',(0.,0.,-1.));
#7755=DIRECTION('ref_axis',(1.,0.,0.));
#7756=DIRECTION('',(-1.,0.,0.));
#7757=DIRECTION('',(0.,-1.,0.));
#7758=DIRECTION('',(1.,0.,0.));
#7759=DIRECTION('',(0.,-1.,0.));
#7760=DIRECTION('center_axis',(-1.,0.,0.));
#7761=DIRECTION('ref_axis',(0.,0.,-1.));
#7762=DIRECTION('',(0.,0.,1.));
#7763=DIRECTION('',(0.,0.,-1.));
#7764=DIRECTION('',(0.,-1.,0.));
#7765=DIRECTION('center_axis',(0.,0.,1.));
#7766=DIRECTION('ref_axis',(-1.,0.,0.));
#7767=DIRECTION('',(1.,0.,0.));
#7768=DIRECTION('',(-1.,0.,0.));
#7769=DIRECTION('',(0.,-1.,0.));
#7770=DIRECTION('center_axis',(1.,0.,0.));
#7771=DIRECTION('ref_axis',(0.,0.,1.));
#7772=DIRECTION('',(0.,0.,-1.));
#7773=DIRECTION('',(0.,0.,1.));
#7774=DIRECTION('center_axis',(0.,0.,-1.));
#7775=DIRECTION('ref_axis',(1.,0.,0.));
#7776=DIRECTION('',(-1.,0.,0.));
#7777=DIRECTION('',(0.,-1.,0.));
#7778=DIRECTION('',(1.,0.,0.));
#7779=DIRECTION('',(0.,-1.,0.));
#7780=DIRECTION('center_axis',(-1.,0.,0.));
#7781=DIRECTION('ref_axis',(0.,0.,-1.));
#7782=DIRECTION('',(0.,0.,1.));
#7783=DIRECTION('',(0.,0.,-1.));
#7784=DIRECTION('',(0.,-1.,0.));
#7785=DIRECTION('center_axis',(0.,0.,1.));
#7786=DIRECTION('ref_axis',(-1.,0.,0.));
#7787=DIRECTION('',(1.,0.,0.));
#7788=DIRECTION('',(-1.,0.,0.));
#7789=DIRECTION('',(0.,-1.,0.));
#7790=DIRECTION('center_axis',(1.,0.,0.));
#7791=DIRECTION('ref_axis',(0.,0.,1.));
#7792=DIRECTION('',(0.,0.,-1.));
#7793=DIRECTION('',(0.,0.,1.));
#7794=DIRECTION('center_axis',(0.,0.,-1.));
#7795=DIRECTION('ref_axis',(1.,0.,0.));
#7796=DIRECTION('',(-1.,0.,0.));
#7797=DIRECTION('',(0.,-1.,0.));
#7798=DIRECTION('',(1.,0.,0.));
#7799=DIRECTION('',(0.,-1.,0.));
#7800=DIRECTION('center_axis',(-1.,0.,0.));
#7801=DIRECTION('ref_axis',(0.,0.,-1.));
#7802=DIRECTION('',(0.,0.,1.));
#7803=DIRECTION('',(0.,0.,-1.));
#7804=DIRECTION('',(0.,-1.,0.));
#7805=DIRECTION('center_axis',(0.,0.,1.));
#7806=DIRECTION('ref_axis',(-1.,0.,0.));
#7807=DIRECTION('',(1.,0.,0.));
#7808=DIRECTION('',(-1.,0.,0.));
#7809=DIRECTION('',(0.,-1.,0.));
#7810=DIRECTION('center_axis',(1.,0.,0.));
#7811=DIRECTION('ref_axis',(0.,0.,1.));
#7812=DIRECTION('',(0.,0.,-1.));
#7813=DIRECTION('',(0.,0.,1.));
#7814=DIRECTION('center_axis',(0.,0.,-1.));
#7815=DIRECTION('ref_axis',(1.,0.,0.));
#7816=DIRECTION('',(-1.,0.,0.));
#7817=DIRECTION('',(0.,-1.,0.));
#7818=DIRECTION('',(1.,0.,0.));
#7819=DIRECTION('',(0.,-1.,0.));
#7820=DIRECTION('center_axis',(-1.,0.,0.));
#7821=DIRECTION('ref_axis',(0.,0.,-1.));
#7822=DIRECTION('',(0.,0.,1.));
#7823=DIRECTION('',(0.,0.,-1.));
#7824=DIRECTION('',(0.,-1.,0.));
#7825=DIRECTION('center_axis',(0.,0.,1.));
#7826=DIRECTION('ref_axis',(-1.,0.,0.));
#7827=DIRECTION('',(1.,0.,0.));
#7828=DIRECTION('',(-1.,0.,0.));
#7829=DIRECTION('',(0.,-1.,0.));
#7830=DIRECTION('center_axis',(1.,0.,0.));
#7831=DIRECTION('ref_axis',(0.,0.,1.));
#7832=DIRECTION('',(0.,0.,-1.));
#7833=DIRECTION('',(0.,0.,1.));
#7834=DIRECTION('center_axis',(0.,0.,-1.));
#7835=DIRECTION('ref_axis',(1.,0.,0.));
#7836=DIRECTION('',(-1.,0.,0.));
#7837=DIRECTION('',(0.,-1.,0.));
#7838=DIRECTION('',(1.,0.,0.));
#7839=DIRECTION('',(0.,-1.,0.));
#7840=DIRECTION('center_axis',(-1.,0.,0.));
#7841=DIRECTION('ref_axis',(0.,0.,-1.));
#7842=DIRECTION('',(0.,0.,1.));
#7843=DIRECTION('',(0.,0.,-1.));
#7844=DIRECTION('',(0.,-1.,0.));
#7845=DIRECTION('center_axis',(0.,0.,1.));
#7846=DIRECTION('ref_axis',(-1.,0.,0.));
#7847=DIRECTION('',(1.,0.,0.));
#7848=DIRECTION('',(-1.,0.,0.));
#7849=DIRECTION('',(0.,-1.,0.));
#7850=DIRECTION('center_axis',(1.,0.,0.));
#7851=DIRECTION('ref_axis',(0.,0.,1.));
#7852=DIRECTION('',(0.,0.,-1.));
#7853=DIRECTION('',(0.,0.,1.));
#7854=DIRECTION('center_axis',(0.,0.,-1.));
#7855=DIRECTION('ref_axis',(1.,0.,0.));
#7856=DIRECTION('',(-1.,0.,0.));
#7857=DIRECTION('',(0.,-1.,0.));
#7858=DIRECTION('',(1.,0.,0.));
#7859=DIRECTION('',(0.,-1.,0.));
#7860=DIRECTION('center_axis',(-1.,0.,0.));
#7861=DIRECTION('ref_axis',(0.,0.,-1.));
#7862=DIRECTION('',(0.,0.,1.));
#7863=DIRECTION('',(0.,0.,-1.));
#7864=DIRECTION('',(0.,-1.,0.));
#7865=DIRECTION('center_axis',(0.,0.,1.));
#7866=DIRECTION('ref_axis',(-1.,0.,0.));
#7867=DIRECTION('',(1.,0.,0.));
#7868=DIRECTION('',(-1.,0.,0.));
#7869=DIRECTION('',(0.,-1.,0.));
#7870=DIRECTION('center_axis',(1.,0.,0.));
#7871=DIRECTION('ref_axis',(0.,0.,1.));
#7872=DIRECTION('',(0.,0.,-1.));
#7873=DIRECTION('',(0.,0.,1.));
#7874=DIRECTION('center_axis',(0.,0.,-1.));
#7875=DIRECTION('ref_axis',(1.,0.,0.));
#7876=DIRECTION('',(-1.,0.,0.));
#7877=DIRECTION('',(0.,-1.,0.));
#7878=DIRECTION('',(1.,0.,0.));
#7879=DIRECTION('',(0.,-1.,0.));
#7880=DIRECTION('center_axis',(-1.,0.,0.));
#7881=DIRECTION('ref_axis',(0.,0.,-1.));
#7882=DIRECTION('',(0.,0.,1.));
#7883=DIRECTION('',(0.,0.,-1.));
#7884=DIRECTION('',(0.,-1.,0.));
#7885=DIRECTION('center_axis',(0.,0.,1.));
#7886=DIRECTION('ref_axis',(-1.,0.,0.));
#7887=DIRECTION('',(1.,0.,0.));
#7888=DIRECTION('',(-1.,0.,0.));
#7889=DIRECTION('',(0.,-1.,0.));
#7890=DIRECTION('center_axis',(1.,0.,0.));
#7891=DIRECTION('ref_axis',(0.,0.,1.));
#7892=DIRECTION('',(0.,0.,-1.));
#7893=DIRECTION('',(0.,0.,1.));
#7894=DIRECTION('center_axis',(0.,0.,-1.));
#7895=DIRECTION('ref_axis',(1.,0.,0.));
#7896=DIRECTION('',(-1.,0.,0.));
#7897=DIRECTION('',(0.,-1.,0.));
#7898=DIRECTION('',(1.,0.,0.));
#7899=DIRECTION('',(0.,-1.,0.));
#7900=DIRECTION('center_axis',(-1.,0.,0.));
#7901=DIRECTION('ref_axis',(0.,0.,-1.));
#7902=DIRECTION('',(0.,0.,1.));
#7903=DIRECTION('',(0.,0.,-1.));
#7904=DIRECTION('',(0.,-1.,0.));
#7905=DIRECTION('center_axis',(0.,0.,1.));
#7906=DIRECTION('ref_axis',(-1.,0.,0.));
#7907=DIRECTION('',(1.,0.,0.));
#7908=DIRECTION('',(-1.,0.,0.));
#7909=DIRECTION('',(0.,-1.,0.));
#7910=DIRECTION('center_axis',(1.,0.,0.));
#7911=DIRECTION('ref_axis',(0.,0.,1.));
#7912=DIRECTION('',(0.,0.,-1.));
#7913=DIRECTION('',(0.,0.,1.));
#7914=DIRECTION('center_axis',(0.,0.,-1.));
#7915=DIRECTION('ref_axis',(1.,0.,0.));
#7916=DIRECTION('',(-1.,0.,0.));
#7917=DIRECTION('',(0.,-1.,0.));
#7918=DIRECTION('',(1.,0.,0.));
#7919=DIRECTION('',(0.,-1.,0.));
#7920=DIRECTION('center_axis',(-1.,0.,0.));
#7921=DIRECTION('ref_axis',(0.,0.,-1.));
#7922=DIRECTION('',(0.,0.,1.));
#7923=DIRECTION('',(0.,0.,-1.));
#7924=DIRECTION('',(0.,-1.,0.));
#7925=DIRECTION('center_axis',(0.,0.,1.));
#7926=DIRECTION('ref_axis',(-1.,0.,0.));
#7927=DIRECTION('',(1.,0.,0.));
#7928=DIRECTION('',(-1.,0.,0.));
#7929=DIRECTION('',(0.,-1.,0.));
#7930=DIRECTION('center_axis',(1.,0.,0.));
#7931=DIRECTION('ref_axis',(0.,0.,1.));
#7932=DIRECTION('',(0.,0.,-1.));
#7933=DIRECTION('',(0.,0.,1.));
#7934=DIRECTION('center_axis',(0.,0.,-1.));
#7935=DIRECTION('ref_axis',(1.,0.,0.));
#7936=DIRECTION('',(-1.,0.,0.));
#7937=DIRECTION('',(0.,-1.,0.));
#7938=DIRECTION('',(1.,0.,0.));
#7939=DIRECTION('',(0.,-1.,0.));
#7940=DIRECTION('center_axis',(-1.,0.,0.));
#7941=DIRECTION('ref_axis',(0.,0.,-1.));
#7942=DIRECTION('',(0.,0.,1.));
#7943=DIRECTION('',(0.,0.,-1.));
#7944=DIRECTION('',(0.,-1.,0.));
#7945=DIRECTION('center_axis',(0.,0.,1.));
#7946=DIRECTION('ref_axis',(-1.,0.,0.));
#7947=DIRECTION('',(1.,0.,0.));
#7948=DIRECTION('',(-1.,0.,0.));
#7949=DIRECTION('',(0.,-1.,0.));
#7950=DIRECTION('center_axis',(1.,0.,0.));
#7951=DIRECTION('ref_axis',(0.,0.,1.));
#7952=DIRECTION('',(0.,0.,-1.));
#7953=DIRECTION('',(0.,0.,1.));
#7954=DIRECTION('center_axis',(0.,0.,-1.));
#7955=DIRECTION('ref_axis',(1.,0.,0.));
#7956=DIRECTION('',(-1.,0.,0.));
#7957=DIRECTION('',(0.,-1.,0.));
#7958=DIRECTION('',(1.,0.,0.));
#7959=DIRECTION('',(0.,-1.,0.));
#7960=DIRECTION('center_axis',(-1.,0.,0.));
#7961=DIRECTION('ref_axis',(0.,0.,-1.));
#7962=DIRECTION('',(0.,0.,1.));
#7963=DIRECTION('',(0.,0.,-1.));
#7964=DIRECTION('',(0.,-1.,0.));
#7965=DIRECTION('center_axis',(0.,0.,1.));
#7966=DIRECTION('ref_axis',(-1.,0.,0.));
#7967=DIRECTION('',(1.,0.,0.));
#7968=DIRECTION('',(-1.,0.,0.));
#7969=DIRECTION('',(0.,-1.,0.));
#7970=DIRECTION('center_axis',(1.,0.,0.));
#7971=DIRECTION('ref_axis',(0.,0.,1.));
#7972=DIRECTION('',(0.,0.,-1.));
#7973=DIRECTION('',(0.,0.,1.));
#7974=DIRECTION('center_axis',(0.,-1.,0.));
#7975=DIRECTION('ref_axis',(-1.,0.,0.));
#7976=DIRECTION('center_axis',(0.,-1.,0.));
#7977=DIRECTION('ref_axis',(-1.,0.,0.));
#7978=DIRECTION('',(0.,-1.,0.));
#7979=DIRECTION('center_axis',(0.,1.,0.));
#7980=DIRECTION('ref_axis',(-1.,0.,0.));
#7981=DIRECTION('center_axis',(0.,-1.,0.));
#7982=DIRECTION('ref_axis',(-1.,0.,0.));
#7983=DIRECTION('center_axis',(0.,-1.,0.));
#7984=DIRECTION('ref_axis',(-1.,0.,0.));
#7985=DIRECTION('',(0.,-1.,0.));
#7986=DIRECTION('center_axis',(0.,1.,0.));
#7987=DIRECTION('ref_axis',(-1.,0.,0.));
#7988=DIRECTION('center_axis',(0.,-1.,0.));
#7989=DIRECTION('ref_axis',(0.,0.,1.));
#7990=DIRECTION('center_axis',(0.,-1.,0.));
#7991=DIRECTION('ref_axis',(0.,0.,1.));
#7992=DIRECTION('',(0.,-1.,0.));
#7993=DIRECTION('center_axis',(0.,1.,0.));
#7994=DIRECTION('ref_axis',(0.,0.,1.));
#7995=DIRECTION('center_axis',(0.,-1.,0.));
#7996=DIRECTION('ref_axis',(0.,0.,1.));
#7997=DIRECTION('center_axis',(0.,-1.,0.));
#7998=DIRECTION('ref_axis',(0.,0.,1.));
#7999=DIRECTION('',(0.,-1.,0.));
#8000=DIRECTION('center_axis',(0.,1.,0.));
#8001=DIRECTION('ref_axis',(0.,0.,1.));
#8002=DIRECTION('center_axis',(0.,-1.,0.));
#8003=DIRECTION('ref_axis',(0.,0.,1.));
#8004=DIRECTION('center_axis',(0.,-1.,0.));
#8005=DIRECTION('ref_axis',(0.,0.,1.));
#8006=DIRECTION('',(0.,-1.,0.));
#8007=DIRECTION('center_axis',(0.,1.,0.));
#8008=DIRECTION('ref_axis',(0.,0.,1.));
#8009=DIRECTION('center_axis',(0.,-1.,0.));
#8010=DIRECTION('ref_axis',(0.,0.,1.));
#8011=DIRECTION('center_axis',(0.,-1.,0.));
#8012=DIRECTION('ref_axis',(0.,0.,1.));
#8013=DIRECTION('',(0.,-1.,0.));
#8014=DIRECTION('center_axis',(0.,1.,0.));
#8015=DIRECTION('ref_axis',(0.,0.,1.));
#8016=DIRECTION('center_axis',(0.,-1.,0.));
#8017=DIRECTION('ref_axis',(0.,0.,1.));
#8018=DIRECTION('center_axis',(0.,-1.,0.));
#8019=DIRECTION('ref_axis',(0.,0.,1.));
#8020=DIRECTION('',(0.,-1.,0.));
#8021=DIRECTION('center_axis',(0.,1.,0.));
#8022=DIRECTION('ref_axis',(0.,0.,1.));
#8023=DIRECTION('center_axis',(0.,-1.,0.));
#8024=DIRECTION('ref_axis',(0.,0.,1.));
#8025=DIRECTION('center_axis',(0.,-1.,0.));
#8026=DIRECTION('ref_axis',(0.,0.,1.));
#8027=DIRECTION('',(0.,-1.,0.));
#8028=DIRECTION('center_axis',(0.,1.,0.));
#8029=DIRECTION('ref_axis',(0.,0.,1.));
#8030=DIRECTION('center_axis',(0.,-1.,0.));
#8031=DIRECTION('ref_axis',(0.,0.,1.));
#8032=DIRECTION('center_axis',(0.,-1.,0.));
#8033=DIRECTION('ref_axis',(0.,0.,1.));
#8034=DIRECTION('',(0.,-1.,0.));
#8035=DIRECTION('center_axis',(0.,1.,0.));
#8036=DIRECTION('ref_axis',(0.,0.,1.));
#8037=DIRECTION('center_axis',(0.,-1.,0.));
#8038=DIRECTION('ref_axis',(-1.,0.,0.));
#8039=DIRECTION('center_axis',(0.,-1.,0.));
#8040=DIRECTION('ref_axis',(-1.,0.,0.));
#8041=DIRECTION('',(0.,-1.,0.));
#8042=DIRECTION('center_axis',(0.,1.,0.));
#8043=DIRECTION('ref_axis',(-1.,0.,0.));
#8044=DIRECTION('center_axis',(0.,-1.,0.));
#8045=DIRECTION('ref_axis',(-1.,0.,0.));
#8046=DIRECTION('center_axis',(0.,-1.,0.));
#8047=DIRECTION('ref_axis',(-1.,0.,0.));
#8048=DIRECTION('',(0.,-1.,0.));
#8049=DIRECTION('center_axis',(0.,1.,0.));
#8050=DIRECTION('ref_axis',(-1.,0.,0.));
#8051=DIRECTION('center_axis',(0.,-1.,0.));
#8052=DIRECTION('ref_axis',(-1.,0.,0.));
#8053=DIRECTION('center_axis',(0.,-1.,0.));
#8054=DIRECTION('ref_axis',(-1.,0.,0.));
#8055=DIRECTION('',(0.,-1.,0.));
#8056=DIRECTION('center_axis',(0.,1.,0.));
#8057=DIRECTION('ref_axis',(-1.,0.,0.));
#8058=DIRECTION('center_axis',(0.,0.,-1.));
#8059=DIRECTION('ref_axis',(1.,0.,0.));
#8060=DIRECTION('',(-1.,0.,0.));
#8061=DIRECTION('',(0.,-1.,0.));
#8062=DIRECTION('',(1.,0.,0.));
#8063=DIRECTION('',(0.,-1.,0.));
#8064=DIRECTION('center_axis',(-1.,0.,0.));
#8065=DIRECTION('ref_axis',(0.,0.,-1.));
#8066=DIRECTION('',(0.,0.,1.));
#8067=DIRECTION('',(0.,0.,-1.));
#8068=DIRECTION('',(0.,-1.,0.));
#8069=DIRECTION('center_axis',(0.,0.,1.));
#8070=DIRECTION('ref_axis',(-1.,0.,0.));
#8071=DIRECTION('',(1.,0.,0.));
#8072=DIRECTION('',(-1.,0.,0.));
#8073=DIRECTION('',(0.,-1.,0.));
#8074=DIRECTION('center_axis',(1.,0.,0.));
#8075=DIRECTION('ref_axis',(0.,0.,1.));
#8076=DIRECTION('',(0.,0.,-1.));
#8077=DIRECTION('',(0.,0.,1.));
#8078=DIRECTION('center_axis',(0.,-1.,0.));
#8079=DIRECTION('ref_axis',(-1.,0.,0.));
#8080=DIRECTION('center_axis',(0.,-1.,0.));
#8081=DIRECTION('ref_axis',(-1.,0.,0.));
#8082=DIRECTION('',(0.,-1.,0.));
#8083=DIRECTION('center_axis',(0.,1.,0.));
#8084=DIRECTION('ref_axis',(-1.,0.,0.));
#8085=DIRECTION('center_axis',(0.,1.,0.));
#8086=DIRECTION('ref_axis',(0.,0.,1.));
#8087=DIRECTION('',(1.,0.,0.));
#8088=DIRECTION('',(0.,0.,-1.));
#8089=DIRECTION('',(-1.,0.,0.));
#8090=DIRECTION('',(0.,0.,1.));
#8091=DIRECTION('center_axis',(0.,1.,0.));
#8092=DIRECTION('ref_axis',(0.,0.,1.));
#8093=DIRECTION('',(-1.,0.,0.));
#8094=DIRECTION('',(0.,0.,-1.));
#8095=DIRECTION('',(1.,0.,0.));
#8096=DIRECTION('',(0.,0.,1.));
#8097=DIRECTION('center_axis',(1.,0.,0.));
#8098=DIRECTION('ref_axis',(0.,1.,0.));
#8099=DIRECTION('',(0.,-1.,0.));
#8100=DIRECTION('',(0.,-1.,0.));
#8101=DIRECTION('center_axis',(0.,0.,1.));
#8102=DIRECTION('ref_axis',(0.,-1.,0.));
#8103=DIRECTION('',(0.,-1.,0.));
#8104=DIRECTION('center_axis',(-1.,0.,0.));
#8105=DIRECTION('ref_axis',(0.,-1.,0.));
#8106=DIRECTION('',(0.,-1.,0.));
#8107=DIRECTION('center_axis',(0.,0.,-1.));
#8108=DIRECTION('ref_axis',(0.,1.,0.));
#8109=CARTESIAN_POINT('',(0.,0.,0.));
#8110=CARTESIAN_POINT('Origin',(1.08597310477551,0.2,12.6658342053247));
#8111=CARTESIAN_POINT('',(1.17874254876431,0.2,12.6658342053247));
#8112=CARTESIAN_POINT('',(1.08597310477551,0.2,12.6658342053247));
#8113=CARTESIAN_POINT('',(0.292986552387753,0.2,12.6658342053247));
#8114=CARTESIAN_POINT('',(1.17874254876431,0.3,12.6658342053247));
#8115=CARTESIAN_POINT('',(1.17874254876431,0.2,12.6658342053247));
#8116=CARTESIAN_POINT('',(1.08597310477551,0.3,12.6658342053247));
#8117=CARTESIAN_POINT('',(1.17874254876431,0.3,12.6658342053247));
#8118=CARTESIAN_POINT('',(1.08597310477551,0.2,12.6658342053247));
#8119=CARTESIAN_POINT('Ctrl Pts',(0.898984721243935,0.2,12.6826486756158));
#8120=CARTESIAN_POINT('Ctrl Pts',(0.898984721243935,0.3,12.6826486756158));
#8121=CARTESIAN_POINT('Ctrl Pts',(0.922181442929867,0.2,12.6778126386236));
#8122=CARTESIAN_POINT('Ctrl Pts',(0.922181442929867,0.3,12.6778126386236));
#8123=CARTESIAN_POINT('Ctrl Pts',(0.983732389783772,0.2,12.6649805384707));
#8124=CARTESIAN_POINT('Ctrl Pts',(0.983732389783772,0.3,12.6649805384707));
#8125=CARTESIAN_POINT('Ctrl Pts',(1.0467222499422,0.2,12.6655064772394));
#8126=CARTESIAN_POINT('Ctrl Pts',(1.0467222499422,0.3,12.6655064772394));
#8127=CARTESIAN_POINT('Ctrl Pts',(1.08597310477551,0.2,12.6658342053247));
#8128=CARTESIAN_POINT('Ctrl Pts',(1.08597310477551,0.3,12.6658342053247));
#8129=CARTESIAN_POINT('',(0.898984721243935,0.2,12.6826486756158));
#8130=CARTESIAN_POINT('Ctrl Pts',(1.08597310477551,0.2,12.6658342053247));
#8131=CARTESIAN_POINT('Ctrl Pts',(1.0467222499422,0.2,12.6655064772394));
#8132=CARTESIAN_POINT('Ctrl Pts',(0.983732389783772,0.2,12.6649805384707));
#8133=CARTESIAN_POINT('Ctrl Pts',(0.922181442929867,0.2,12.6778126386236));
#8134=CARTESIAN_POINT('Ctrl Pts',(0.898984721243935,0.2,12.6826486756158));
#8135=CARTESIAN_POINT('',(0.898984721243935,0.3,12.6826486756158));
#8136=CARTESIAN_POINT('Ctrl Pts',(0.898984721243935,0.3,12.6826486756158));
#8137=CARTESIAN_POINT('Ctrl Pts',(0.922181442929867,0.3,12.6778126386236));
#8138=CARTESIAN_POINT('Ctrl Pts',(0.983732389783772,0.3,12.6649805384707));
#8139=CARTESIAN_POINT('Ctrl Pts',(1.0467222499422,0.3,12.6655064772394));
#8140=CARTESIAN_POINT('Ctrl Pts',(1.08597310477551,0.3,12.6658342053247));
#8141=CARTESIAN_POINT('',(0.898984721243935,0.2,12.6826486756158));
#8142=CARTESIAN_POINT('Ctrl Pts',(0.826798489630776,0.2,12.7354112436128));
#8143=CARTESIAN_POINT('Ctrl Pts',(0.826798489630776,0.3,12.7354112436128));
#8144=CARTESIAN_POINT('Ctrl Pts',(0.836523691926276,0.2,12.7241563057574));
#8145=CARTESIAN_POINT('Ctrl Pts',(0.836523691926276,0.3,12.7241563057574));
#8146=CARTESIAN_POINT('Ctrl Pts',(0.856504633944252,0.2,12.7010324411969));
#8147=CARTESIAN_POINT('Ctrl Pts',(0.856504633944252,0.3,12.7010324411969));
#8148=CARTESIAN_POINT('Ctrl Pts',(0.884576238114956,0.2,12.6888841189273));
#8149=CARTESIAN_POINT('Ctrl Pts',(0.884576238114956,0.3,12.6888841189273));
#8150=CARTESIAN_POINT('Ctrl Pts',(0.898984721243935,0.2,12.6826486756158));
#8151=CARTESIAN_POINT('Ctrl Pts',(0.898984721243935,0.3,12.6826486756158));
#8152=CARTESIAN_POINT('',(0.826798489630776,0.2,12.7354112436128));
#8153=CARTESIAN_POINT('Ctrl Pts',(0.898984721243935,0.2,12.6826486756158));
#8154=CARTESIAN_POINT('Ctrl Pts',(0.884576238114956,0.2,12.6888841189273));
#8155=CARTESIAN_POINT('Ctrl Pts',(0.856504633944252,0.2,12.7010324411969));
#8156=CARTESIAN_POINT('Ctrl Pts',(0.836523691926276,0.2,12.7241563057574));
#8157=CARTESIAN_POINT('Ctrl Pts',(0.826798489630776,0.2,12.7354112436128));
#8158=CARTESIAN_POINT('',(0.826798489630776,0.3,12.7354112436128));
#8159=CARTESIAN_POINT('Ctrl Pts',(0.826798489630776,0.3,12.7354112436128));
#8160=CARTESIAN_POINT('Ctrl Pts',(0.836523691926276,0.3,12.7241563057574));
#8161=CARTESIAN_POINT('Ctrl Pts',(0.856504633944252,0.3,12.7010324411969));
#8162=CARTESIAN_POINT('Ctrl Pts',(0.884576238114956,0.3,12.6888841189273));
#8163=CARTESIAN_POINT('Ctrl Pts',(0.898984721243935,0.3,12.6826486756158));
#8164=CARTESIAN_POINT('',(0.826798489630776,0.2,12.7354112436128));
#8165=CARTESIAN_POINT('Ctrl Pts',(0.800707092822152,0.2,12.8107864429308));
#8166=CARTESIAN_POINT('Ctrl Pts',(0.800707092822152,0.3,12.8107864429308));
#8167=CARTESIAN_POINT('Ctrl Pts',(0.801927146712333,0.2,12.7976092116653));
#8168=CARTESIAN_POINT('Ctrl Pts',(0.801927146712333,0.3,12.7976092116653));
#8169=CARTESIAN_POINT('Ctrl Pts',(0.804448056766579,0.2,12.7703820415774));
#8170=CARTESIAN_POINT('Ctrl Pts',(0.804448056766579,0.3,12.7703820415774));
#8171=CARTESIAN_POINT('Ctrl Pts',(0.819190829533306,0.2,12.7473146347403));
#8172=CARTESIAN_POINT('Ctrl Pts',(0.819190829533306,0.3,12.7473146347403));
#8173=CARTESIAN_POINT('Ctrl Pts',(0.826798489630776,0.2,12.7354112436128));
#8174=CARTESIAN_POINT('Ctrl Pts',(0.826798489630776,0.3,12.7354112436128));
#8175=CARTESIAN_POINT('',(0.800707092822152,0.2,12.8107864429308));
#8176=CARTESIAN_POINT('Ctrl Pts',(0.826798489630776,0.2,12.7354112436128));
#8177=CARTESIAN_POINT('Ctrl Pts',(0.819190829533306,0.2,12.7473146347403));
#8178=CARTESIAN_POINT('Ctrl Pts',(0.804448056766579,0.2,12.7703820415774));
#8179=CARTESIAN_POINT('Ctrl Pts',(0.801927146712333,0.2,12.7976092116653));
#8180=CARTESIAN_POINT('Ctrl Pts',(0.800707092822152,0.2,12.8107864429308));
#8181=CARTESIAN_POINT('',(0.800707092822152,0.3,12.8107864429308));
#8182=CARTESIAN_POINT('Ctrl Pts',(0.800707092822152,0.3,12.8107864429308));
#8183=CARTESIAN_POINT('Ctrl Pts',(0.801927146712333,0.3,12.7976092116653));
#8184=CARTESIAN_POINT('Ctrl Pts',(0.804448056766579,0.3,12.7703820415774));
#8185=CARTESIAN_POINT('Ctrl Pts',(0.819190829533306,0.3,12.7473146347403));
#8186=CARTESIAN_POINT('Ctrl Pts',(0.826798489630776,0.3,12.7354112436128));
#8187=CARTESIAN_POINT('',(0.800707092822152,0.2,12.8107864429308));
#8188=CARTESIAN_POINT('Ctrl Pts',(0.838394692481118,0.2,12.8803635408235));
#8189=CARTESIAN_POINT('Ctrl Pts',(0.838394692481118,0.3,12.8803635408235));
#8190=CARTESIAN_POINT('Ctrl Pts',(0.827403103447637,0.2,12.8715584403297));
#8191=CARTESIAN_POINT('Ctrl Pts',(0.827403103447637,0.3,12.8715584403297));
#8192=CARTESIAN_POINT('Ctrl Pts',(0.805100557835956,0.2,12.8536924015994));
#8193=CARTESIAN_POINT('Ctrl Pts',(0.805100557835956,0.3,12.8536924015994));
#8194=CARTESIAN_POINT('Ctrl Pts',(0.802185495510401,0.2,12.8252243147332));
#8195=CARTESIAN_POINT('Ctrl Pts',(0.802185495510401,0.3,12.8252243147332));
#8196=CARTESIAN_POINT('Ctrl Pts',(0.800707092822152,0.2,12.8107864429308));
#8197=CARTESIAN_POINT('Ctrl Pts',(0.800707092822152,0.3,12.8107864429308));
#8198=CARTESIAN_POINT('',(0.838394692481118,0.2,12.8803635408235));
#8199=CARTESIAN_POINT('Ctrl Pts',(0.800707092822152,0.2,12.8107864429308));
#8200=CARTESIAN_POINT('Ctrl Pts',(0.802185495510401,0.2,12.8252243147332));
#8201=CARTESIAN_POINT('Ctrl Pts',(0.805100557835956,0.2,12.8536924015994));
#8202=CARTESIAN_POINT('Ctrl Pts',(0.827403103447637,0.2,12.8715584403297));
#8203=CARTESIAN_POINT('Ctrl Pts',(0.838394692481118,0.2,12.8803635408235));
#8204=CARTESIAN_POINT('',(0.838394692481118,0.3,12.8803635408235));
#8205=CARTESIAN_POINT('Ctrl Pts',(0.838394692481118,0.3,12.8803635408235));
#8206=CARTESIAN_POINT('Ctrl Pts',(0.827403103447637,0.3,12.8715584403297));
#8207=CARTESIAN_POINT('Ctrl Pts',(0.805100557835956,0.3,12.8536924015994));
#8208=CARTESIAN_POINT('Ctrl Pts',(0.802185495510401,0.3,12.8252243147332));
#8209=CARTESIAN_POINT('Ctrl Pts',(0.800707092822152,0.3,12.8107864429308));
#8210=CARTESIAN_POINT('',(0.838394692481118,0.2,12.8803635408235));
#8211=CARTESIAN_POINT('Ctrl Pts',(0.938701620638924,0.2,12.8942789007974));
#8212=CARTESIAN_POINT('Ctrl Pts',(0.938701620638924,0.3,12.8942789007974));
#8213=CARTESIAN_POINT('Ctrl Pts',(0.917246394352192,0.2,12.8945755135179));
#8214=CARTESIAN_POINT('Ctrl Pts',(0.917246394352192,0.3,12.8945755135179));
#8215=CARTESIAN_POINT('Ctrl Pts',(0.88295453198366,0.2,12.8950495892723));
#8216=CARTESIAN_POINT('Ctrl Pts',(0.88295453198366,0.3,12.8950495892723));
#8217=CARTESIAN_POINT('Ctrl Pts',(0.850531689465232,0.2,12.8843636567961));
#8218=CARTESIAN_POINT('Ctrl Pts',(0.850531689465232,0.3,12.8843636567961));
#8219=CARTESIAN_POINT('Ctrl Pts',(0.838394692481118,0.2,12.8803635408235));
#8220=CARTESIAN_POINT('Ctrl Pts',(0.838394692481118,0.3,12.8803635408235));
#8221=CARTESIAN_POINT('',(0.938701620638924,0.2,12.8942789007974));
#8222=CARTESIAN_POINT('Ctrl Pts',(0.838394692481118,0.2,12.8803635408235));
#8223=CARTESIAN_POINT('Ctrl Pts',(0.850531689465232,0.2,12.8843636567961));
#8224=CARTESIAN_POINT('Ctrl Pts',(0.88295453198366,0.2,12.8950495892723));
#8225=CARTESIAN_POINT('Ctrl Pts',(0.917246394352192,0.2,12.8945755135179));
#8226=CARTESIAN_POINT('Ctrl Pts',(0.938701620638924,0.2,12.8942789007974));
#8227=CARTESIAN_POINT('',(0.938701620638924,0.3,12.8942789007974));
#8228=CARTESIAN_POINT('Ctrl Pts',(0.938701620638924,0.3,12.8942789007974));
#8229=CARTESIAN_POINT('Ctrl Pts',(0.917246394352192,0.3,12.8945755135179));
#8230=CARTESIAN_POINT('Ctrl Pts',(0.88295453198366,0.3,12.8950495892723));
#8231=CARTESIAN_POINT('Ctrl Pts',(0.850531689465232,0.3,12.8843636567961));
#8232=CARTESIAN_POINT('Ctrl Pts',(0.838394692481118,0.3,12.8803635408235));
#8233=CARTESIAN_POINT('',(0.938701620638924,0.2,12.8942789007974));
#8234=CARTESIAN_POINT('Origin',(1.1311982184058,0.2,12.8942789007974));
#8235=CARTESIAN_POINT('',(1.1311982184058,0.2,12.8942789007974));
#8236=CARTESIAN_POINT('',(0.3155991092029,0.2,12.8942789007974));
#8237=CARTESIAN_POINT('',(1.1311982184058,0.3,12.8942789007974));
#8238=CARTESIAN_POINT('',(0.938701620638924,0.3,12.8942789007974));
#8239=CARTESIAN_POINT('',(1.1311982184058,0.2,12.8942789007974));
#8240=CARTESIAN_POINT('Origin',(1.17874254876431,0.2,12.6658342053247));
#8241=CARTESIAN_POINT('',(1.16043526794367,0.2,12.7537984517547));
#8242=CARTESIAN_POINT('',(1.1311982184058,0.3,12.8942789007974));
#8243=CARTESIAN_POINT('Origin',(1.45415184119399,0.2,12.1863321234537));
#8244=CARTESIAN_POINT('',(1.2790495216256,0.2,12.1863321234537));
#8245=CARTESIAN_POINT('',(1.45415184119399,0.2,12.1863321234537));
#8246=CARTESIAN_POINT('',(0.477075920596995,0.2,12.1863321234537));
#8247=CARTESIAN_POINT('',(1.2790495216256,0.3,12.1863321234537));
#8248=CARTESIAN_POINT('',(1.2790495216256,0.2,12.1863321234537));
#8249=CARTESIAN_POINT('',(1.45415184119399,0.3,12.1863321234537));
#8250=CARTESIAN_POINT('',(1.2790495216256,0.3,12.1863321234537));
#8251=CARTESIAN_POINT('',(1.45415184119399,0.2,12.1863321234537));
#8252=CARTESIAN_POINT('Origin',(1.27615047091301,0.2,13.0363321472955));
#8253=CARTESIAN_POINT('',(1.27615047091301,0.2,13.0363321472955));
#8254=CARTESIAN_POINT('',(1.29263931545191,0.2,12.9575938868593));
#8255=CARTESIAN_POINT('',(1.27615047091301,0.3,13.0363321472955));
#8256=CARTESIAN_POINT('',(1.45415184119399,0.3,12.1863321234537));
#8257=CARTESIAN_POINT('',(1.27615047091301,0.2,13.0363321472955));
#8258=CARTESIAN_POINT('Origin',(0.898694804251748,0.2,13.0363321472955));
#8259=CARTESIAN_POINT('',(0.898694804251748,0.2,13.0363321472955));
#8260=CARTESIAN_POINT('',(0.199347402125874,0.2,13.0363321472955));
#8261=CARTESIAN_POINT('',(0.898694804251748,0.3,13.0363321472955));
#8262=CARTESIAN_POINT('',(1.27615047091301,0.3,13.0363321472955));
#8263=CARTESIAN_POINT('',(0.898694804251748,0.2,13.0363321472955));
#8264=CARTESIAN_POINT('Ctrl Pts',(0.74707477384861,0.2,13.0163287092996));
#8265=CARTESIAN_POINT('Ctrl Pts',(0.74707477384861,0.3,13.0163287092996));
#8266=CARTESIAN_POINT('Ctrl Pts',(0.768629375122276,0.2,13.0221379213149));
#8267=CARTESIAN_POINT('Ctrl Pts',(0.768629375122276,0.3,13.0221379213149));
#8268=CARTESIAN_POINT('Ctrl Pts',(0.818210641438486,0.2,13.0355006406879));
#8269=CARTESIAN_POINT('Ctrl Pts',(0.818210641438486,0.3,13.0355006406879));
#8270=CARTESIAN_POINT('Ctrl Pts',(0.869629441563886,0.2,13.0360318641059));
#8271=CARTESIAN_POINT('Ctrl Pts',(0.869629441563886,0.3,13.0360318641059));
#8272=CARTESIAN_POINT('Ctrl Pts',(0.898694804251748,0.2,13.0363321472955));
#8273=CARTESIAN_POINT('Ctrl Pts',(0.898694804251748,0.3,13.0363321472955));
#8274=CARTESIAN_POINT('',(0.74707477384861,0.2,13.0163287092996));
#8275=CARTESIAN_POINT('Ctrl Pts',(0.898694804251748,0.2,13.0363321472955));
#8276=CARTESIAN_POINT('Ctrl Pts',(0.869629441563886,0.2,13.0360318641059));
#8277=CARTESIAN_POINT('Ctrl Pts',(0.818210641438486,0.2,13.0355006406879));
#8278=CARTESIAN_POINT('Ctrl Pts',(0.768629375122276,0.2,13.0221379213149));
#8279=CARTESIAN_POINT('Ctrl Pts',(0.74707477384861,0.2,13.0163287092996));
#8280=CARTESIAN_POINT('',(0.74707477384861,0.3,13.0163287092996));
#8281=CARTESIAN_POINT('Ctrl Pts',(0.74707477384861,0.3,13.0163287092996));
#8282=CARTESIAN_POINT('Ctrl Pts',(0.768629375122276,0.3,13.0221379213149));
#8283=CARTESIAN_POINT('Ctrl Pts',(0.818210641438486,0.3,13.0355006406879));
#8284=CARTESIAN_POINT('Ctrl Pts',(0.869629441563886,0.3,13.0360318641059));
#8285=CARTESIAN_POINT('Ctrl Pts',(0.898694804251748,0.3,13.0363321472955));
#8286=CARTESIAN_POINT('',(0.74707477384861,0.2,13.0163287092996));
#8287=CARTESIAN_POINT('Ctrl Pts',(0.659523597300606,0.2,12.9429828693224));
#8288=CARTESIAN_POINT('Ctrl Pts',(0.659523597300606,0.3,12.9429828693224));
#8289=CARTESIAN_POINT('Ctrl Pts',(0.671289550264891,0.2,12.9592927341869));
#8290=CARTESIAN_POINT('Ctrl Pts',(0.671289550264891,0.3,12.9592927341869));
#8291=CARTESIAN_POINT('Ctrl Pts',(0.694292149888943,0.2,12.9911787439764));
#8292=CARTESIAN_POINT('Ctrl Pts',(0.694292149888943,0.3,12.9911787439764));
#8293=CARTESIAN_POINT('Ctrl Pts',(0.729752555646324,0.2,13.0080749857363));
#8294=CARTESIAN_POINT('Ctrl Pts',(0.729752555646324,0.3,13.0080749857363));
#8295=CARTESIAN_POINT('Ctrl Pts',(0.74707477384861,0.2,13.0163287092996));
#8296=CARTESIAN_POINT('Ctrl Pts',(0.74707477384861,0.3,13.0163287092996));
#8297=CARTESIAN_POINT('',(0.659523597300606,0.2,12.9429828693224));
#8298=CARTESIAN_POINT('Ctrl Pts',(0.74707477384861,0.2,13.0163287092996));
#8299=CARTESIAN_POINT('Ctrl Pts',(0.729752555646324,0.2,13.0080749857363));
#8300=CARTESIAN_POINT('Ctrl Pts',(0.694292149888943,0.2,12.9911787439764));
#8301=CARTESIAN_POINT('Ctrl Pts',(0.671289550264891,0.2,12.9592927341869));
#8302=CARTESIAN_POINT('Ctrl Pts',(0.659523597300606,0.2,12.9429828693224));
#8303=CARTESIAN_POINT('',(0.659523597300606,0.3,12.9429828693224));
#8304=CARTESIAN_POINT('Ctrl Pts',(0.659523597300606,0.3,12.9429828693224));
#8305=CARTESIAN_POINT('Ctrl Pts',(0.671289550264891,0.3,12.9592927341869));
#8306=CARTESIAN_POINT('Ctrl Pts',(0.694292149888943,0.3,12.9911787439764));
#8307=CARTESIAN_POINT('Ctrl Pts',(0.729752555646324,0.3,13.0080749857363));
#8308=CARTESIAN_POINT('Ctrl Pts',(0.74707477384861,0.3,13.0163287092996));
#8309=CARTESIAN_POINT('',(0.659523597300606,0.2,12.9429828693224));
#8310=CARTESIAN_POINT('Ctrl Pts',(0.626184573710518,0.2,12.8136854936433));
#8311=CARTESIAN_POINT('Ctrl Pts',(0.626184573710518,0.3,12.8136854936433));
#8312=CARTESIAN_POINT('Ctrl Pts',(0.627275135279089,0.2,12.8375673944531));
#8313=CARTESIAN_POINT('Ctrl Pts',(0.627275135279089,0.3,12.8375673944531));
#8314=CARTESIAN_POINT('Ctrl Pts',(0.629352761513685,0.2,12.8830647465369));
#8315=CARTESIAN_POINT('Ctrl Pts',(0.629352761513685,0.3,12.8830647465369));
#8316=CARTESIAN_POINT('Ctrl Pts',(0.649806282597288,0.2,12.9236846549921));
#8317=CARTESIAN_POINT('Ctrl Pts',(0.649806282597288,0.3,12.9236846549921));
#8318=CARTESIAN_POINT('Ctrl Pts',(0.659523597300606,0.2,12.9429828693224));
#8319=CARTESIAN_POINT('Ctrl Pts',(0.659523597300606,0.3,12.9429828693224));
#8320=CARTESIAN_POINT('',(0.626184573710518,0.2,12.8136854936433));
#8321=CARTESIAN_POINT('Ctrl Pts',(0.659523597300606,0.2,12.9429828693224));
#8322=CARTESIAN_POINT('Ctrl Pts',(0.649806282597288,0.2,12.9236846549921));
#8323=CARTESIAN_POINT('Ctrl Pts',(0.629352761513685,0.2,12.8830647465369));
#8324=CARTESIAN_POINT('Ctrl Pts',(0.627275135279089,0.2,12.8375673944531));
#8325=CARTESIAN_POINT('Ctrl Pts',(0.626184573710518,0.2,12.8136854936433));
#8326=CARTESIAN_POINT('',(0.626184573710518,0.3,12.8136854936433));
#8327=CARTESIAN_POINT('Ctrl Pts',(0.626184573710518,0.3,12.8136854936433));
#8328=CARTESIAN_POINT('Ctrl Pts',(0.627275135279089,0.3,12.8375673944531));
#8329=CARTESIAN_POINT('Ctrl Pts',(0.629352761513685,0.3,12.8830647465369));
#8330=CARTESIAN_POINT('Ctrl Pts',(0.649806282597288,0.3,12.9236846549921));
#8331=CARTESIAN_POINT('Ctrl Pts',(0.659523597300606,0.3,12.9429828693224));
#8332=CARTESIAN_POINT('',(0.626184573710518,0.2,12.8136854936433));
#8333=CARTESIAN_POINT('Ctrl Pts',(0.691123178542214,0.2,12.6348143984628));
#8334=CARTESIAN_POINT('Ctrl Pts',(0.691123178542214,0.3,12.6348143984628));
#8335=CARTESIAN_POINT('Ctrl Pts',(0.672188890488044,0.2,12.6604609214006));
#8336=CARTESIAN_POINT('Ctrl Pts',(0.672188890488044,0.3,12.6604609214006));
#8337=CARTESIAN_POINT('Ctrl Pts',(0.632976422549444,0.2,12.713574270873));
#8338=CARTESIAN_POINT('Ctrl Pts',(0.632976422549444,0.3,12.713574270873));
#8339=CARTESIAN_POINT('Ctrl Pts',(0.62849966587279,0.2,12.7795612496138));
#8340=CARTESIAN_POINT('Ctrl Pts',(0.62849966587279,0.3,12.7795612496138));
#8341=CARTESIAN_POINT('Ctrl Pts',(0.626184573710518,0.2,12.8136854936433));
#8342=CARTESIAN_POINT('Ctrl Pts',(0.626184573710518,0.3,12.8136854936433));
#8343=CARTESIAN_POINT('',(0.691123178542214,0.2,12.6348143984628));
#8344=CARTESIAN_POINT('Ctrl Pts',(0.626184573710518,0.2,12.8136854936433));
#8345=CARTESIAN_POINT('Ctrl Pts',(0.62849966587279,0.2,12.7795612496138));
#8346=CARTESIAN_POINT('Ctrl Pts',(0.632976422549444,0.2,12.713574270873));
#8347=CARTESIAN_POINT('Ctrl Pts',(0.672188890488044,0.2,12.6604609214006));
#8348=CARTESIAN_POINT('Ctrl Pts',(0.691123178542214,0.2,12.6348143984628));
#8349=CARTESIAN_POINT('',(0.691123178542214,0.3,12.6348143984628));
#8350=CARTESIAN_POINT('Ctrl Pts',(0.691123178542214,0.3,12.6348143984628));
#8351=CARTESIAN_POINT('Ctrl Pts',(0.672188890488044,0.3,12.6604609214006));
#8352=CARTESIAN_POINT('Ctrl Pts',(0.632976422549444,0.3,12.713574270873));
#8353=CARTESIAN_POINT('Ctrl Pts',(0.62849966587279,0.3,12.7795612496138));
#8354=CARTESIAN_POINT('Ctrl Pts',(0.626184573710518,0.3,12.8136854936433));
#8355=CARTESIAN_POINT('',(0.691123178542214,0.2,12.6348143984628));
#8356=CARTESIAN_POINT('Ctrl Pts',(0.887678435385781,0.2,12.547553138907));
#8357=CARTESIAN_POINT('Ctrl Pts',(0.887678435385781,0.3,12.547553138907));
#8358=CARTESIAN_POINT('Ctrl Pts',(0.847772929787036,0.2,12.5541931584001));
#8359=CARTESIAN_POINT('Ctrl Pts',(0.847772929787036,0.3,12.5541931584001));
#8360=CARTESIAN_POINT('Ctrl Pts',(0.774438025364733,0.2,12.5663956148679));
#8361=CARTESIAN_POINT('Ctrl Pts',(0.774438025364733,0.3,12.5663956148679));
#8362=CARTESIAN_POINT('Ctrl Pts',(0.717210224096568,0.2,12.6133915189583));
#8363=CARTESIAN_POINT('Ctrl Pts',(0.717210224096568,0.3,12.6133915189583));
#8364=CARTESIAN_POINT('Ctrl Pts',(0.691123178542214,0.2,12.6348143984628));
#8365=CARTESIAN_POINT('Ctrl Pts',(0.691123178542214,0.3,12.6348143984628));
#8366=CARTESIAN_POINT('',(0.887678435385781,0.2,12.547553138907));
#8367=CARTESIAN_POINT('Ctrl Pts',(0.691123178542214,0.2,12.6348143984628));
#8368=CARTESIAN_POINT('Ctrl Pts',(0.717210224096568,0.2,12.6133915189583));
#8369=CARTESIAN_POINT('Ctrl Pts',(0.774438025364733,0.2,12.5663956148679));
#8370=CARTESIAN_POINT('Ctrl Pts',(0.847772929787036,0.2,12.5541931584001));
#8371=CARTESIAN_POINT('Ctrl Pts',(0.887678435385781,0.2,12.547553138907));
#8372=CARTESIAN_POINT('',(0.887678435385781,0.3,12.547553138907));
#8373=CARTESIAN_POINT('Ctrl Pts',(0.887678435385781,0.3,12.547553138907));
#8374=CARTESIAN_POINT('Ctrl Pts',(0.847772929787036,0.3,12.5541931584001));
#8375=CARTESIAN_POINT('Ctrl Pts',(0.774438025364733,0.3,12.5663956148679));
#8376=CARTESIAN_POINT('Ctrl Pts',(0.717210224096568,0.3,12.6133915189583));
#8377=CARTESIAN_POINT('Ctrl Pts',(0.691123178542214,0.3,12.6348143984628));
#8378=CARTESIAN_POINT('',(0.887678435385781,0.2,12.547553138907));
#8379=CARTESIAN_POINT('Ctrl Pts',(0.824479272902565,0.2,12.4681192805124));
#8380=CARTESIAN_POINT('Ctrl Pts',(0.824479272902565,0.3,12.4681192805124));
#8381=CARTESIAN_POINT('Ctrl Pts',(0.83412039937816,0.2,12.4833975140307));
#8382=CARTESIAN_POINT('Ctrl Pts',(0.83412039937816,0.3,12.4833975140307));
#8383=CARTESIAN_POINT('Ctrl Pts',(0.852294621054867,0.2,12.5121980907571));
#8384=CARTESIAN_POINT('Ctrl Pts',(0.852294621054867,0.3,12.5121980907571));
#8385=CARTESIAN_POINT('Ctrl Pts',(0.876373164337945,0.2,12.5362570587697));
#8386=CARTESIAN_POINT('Ctrl Pts',(0.876373164337945,0.3,12.5362570587697));
#8387=CARTESIAN_POINT('Ctrl Pts',(0.887678435385781,0.2,12.547553138907));
#8388=CARTESIAN_POINT('Ctrl Pts',(0.887678435385781,0.3,12.547553138907));
#8389=CARTESIAN_POINT('',(0.824479272902565,0.2,12.4681192805124));
#8390=CARTESIAN_POINT('Ctrl Pts',(0.887678435385781,0.2,12.547553138907));
#8391=CARTESIAN_POINT('Ctrl Pts',(0.876373164337945,0.2,12.5362570587697));
#8392=CARTESIAN_POINT('Ctrl Pts',(0.852294621054867,0.2,12.5121980907571));
#8393=CARTESIAN_POINT('Ctrl Pts',(0.83412039937816,0.2,12.4833975140307));
#8394=CARTESIAN_POINT('Ctrl Pts',(0.824479272902565,0.2,12.4681192805124));
#8395=CARTESIAN_POINT('',(0.824479272902565,0.3,12.4681192805124));
#8396=CARTESIAN_POINT('Ctrl Pts',(0.824479272902565,0.3,12.4681192805124));
#8397=CARTESIAN_POINT('Ctrl Pts',(0.83412039937816,0.3,12.4833975140307));
#8398=CARTESIAN_POINT('Ctrl Pts',(0.852294621054867,0.3,12.5121980907571));
#8399=CARTESIAN_POINT('Ctrl Pts',(0.876373164337945,0.3,12.5362570587697));
#8400=CARTESIAN_POINT('Ctrl Pts',(0.887678435385781,0.3,12.547553138907));
#8401=CARTESIAN_POINT('',(0.824479272902565,0.2,12.4681192805124));
#8402=CARTESIAN_POINT('Ctrl Pts',(0.694022229254799,0.2,12.1863321234537));
#8403=CARTESIAN_POINT('Ctrl Pts',(0.694022229254799,0.3,12.1863321234537));
#8404=CARTESIAN_POINT('Ctrl Pts',(0.715776283898253,0.2,12.2406733913606));
#8405=CARTESIAN_POINT('Ctrl Pts',(0.715776283898253,0.3,12.2406733913606));
#8406=CARTESIAN_POINT('Ctrl Pts',(0.754307879446426,0.2,12.3369246783451));
#8407=CARTESIAN_POINT('Ctrl Pts',(0.754307879446426,0.3,12.3369246783451));
#8408=CARTESIAN_POINT('Ctrl Pts',(0.803193396832989,0.2,12.4283225498906));
#8409=CARTESIAN_POINT('Ctrl Pts',(0.803193396832989,0.3,12.4283225498906));
#8410=CARTESIAN_POINT('Ctrl Pts',(0.824479272902565,0.2,12.4681192805124));
#8411=CARTESIAN_POINT('Ctrl Pts',(0.824479272902565,0.3,12.4681192805124));
#8412=CARTESIAN_POINT('',(0.694022229254799,0.2,12.1863321234537));
#8413=CARTESIAN_POINT('Ctrl Pts',(0.824479272902565,0.2,12.4681192805124));
#8414=CARTESIAN_POINT('Ctrl Pts',(0.803193396832989,0.2,12.4283225498906));
#8415=CARTESIAN_POINT('Ctrl Pts',(0.754307879446426,0.2,12.3369246783451));
#8416=CARTESIAN_POINT('Ctrl Pts',(0.715776283898253,0.2,12.2406733913606));
#8417=CARTESIAN_POINT('Ctrl Pts',(0.694022229254799,0.2,12.1863321234537));
#8418=CARTESIAN_POINT('',(0.694022229254799,0.3,12.1863321234537));
#8419=CARTESIAN_POINT('Ctrl Pts',(0.694022229254799,0.3,12.1863321234537));
#8420=CARTESIAN_POINT('Ctrl Pts',(0.715776283898253,0.3,12.2406733913606));
#8421=CARTESIAN_POINT('Ctrl Pts',(0.754307879446426,0.3,12.3369246783451));
#8422=CARTESIAN_POINT('Ctrl Pts',(0.803193396832989,0.3,12.4283225498906));
#8423=CARTESIAN_POINT('Ctrl Pts',(0.824479272902565,0.3,12.4681192805124));
#8424=CARTESIAN_POINT('',(0.694022229254799,0.2,12.1863321234537));
#8425=CARTESIAN_POINT('Origin',(0.88188033396061,0.2,12.1863321234537));
#8426=CARTESIAN_POINT('',(0.88188033396061,0.2,12.1863321234537));
#8427=CARTESIAN_POINT('',(0.190940166980305,0.2,12.1863321234537));
#8428=CARTESIAN_POINT('',(0.88188033396061,0.3,12.1863321234537));
#8429=CARTESIAN_POINT('',(0.694022229254799,0.3,12.1863321234537));
#8430=CARTESIAN_POINT('',(0.88188033396061,0.2,12.1863321234537));
#8431=CARTESIAN_POINT('Ctrl Pts',(0.970591118872719,0.2,12.4107182194544));
#8432=CARTESIAN_POINT('Ctrl Pts',(0.970591118872719,0.3,12.4107182194544));
#8433=CARTESIAN_POINT('Ctrl Pts',(0.951567910425819,0.2,12.3668441756969));
#8434=CARTESIAN_POINT('Ctrl Pts',(0.951567910425819,0.3,12.3668441756969));
#8435=CARTESIAN_POINT('Ctrl Pts',(0.919551570751849,0.2,12.293003514605));
#8436=CARTESIAN_POINT('Ctrl Pts',(0.919551570751849,0.3,12.293003514605));
#8437=CARTESIAN_POINT('Ctrl Pts',(0.892755096834201,0.2,12.2171255399426));
#8438=CARTESIAN_POINT('Ctrl Pts',(0.892755096834201,0.3,12.2171255399426));
#8439=CARTESIAN_POINT('Ctrl Pts',(0.88188033396061,0.2,12.1863321234537));
#8440=CARTESIAN_POINT('Ctrl Pts',(0.88188033396061,0.3,12.1863321234537));
#8441=CARTESIAN_POINT('',(0.970591118872719,0.2,12.4107182194544));
#8442=CARTESIAN_POINT('Ctrl Pts',(0.88188033396061,0.2,12.1863321234537));
#8443=CARTESIAN_POINT('Ctrl Pts',(0.892755096834201,0.2,12.2171255399426));
#8444=CARTESIAN_POINT('Ctrl Pts',(0.919551570751849,0.2,12.293003514605));
#8445=CARTESIAN_POINT('Ctrl Pts',(0.951567910425819,0.2,12.3668441756969));
#8446=CARTESIAN_POINT('Ctrl Pts',(0.970591118872719,0.2,12.4107182194544));
#8447=CARTESIAN_POINT('',(0.970591118872719,0.3,12.4107182194544));
#8448=CARTESIAN_POINT('Ctrl Pts',(0.970591118872719,0.3,12.4107182194544));
#8449=CARTESIAN_POINT('Ctrl Pts',(0.951567910425819,0.3,12.3668441756969));
#8450=CARTESIAN_POINT('Ctrl Pts',(0.919551570751849,0.3,12.293003514605));
#8451=CARTESIAN_POINT('Ctrl Pts',(0.892755096834201,0.3,12.2171255399426));
#8452=CARTESIAN_POINT('Ctrl Pts',(0.88188033396061,0.3,12.1863321234537));
#8453=CARTESIAN_POINT('',(0.970591118872719,0.2,12.4107182194544));
#8454=CARTESIAN_POINT('Ctrl Pts',(1.04712589675243,0.2,12.5214617420984));
#8455=CARTESIAN_POINT('Ctrl Pts',(1.04712589675243,0.3,12.5214617420984));
#8456=CARTESIAN_POINT('Ctrl Pts',(1.03312647616116,0.2,12.5081159987114));
#8457=CARTESIAN_POINT('Ctrl Pts',(1.03312647616116,0.3,12.5081159987114));
#8458=CARTESIAN_POINT('Ctrl Pts',(1.00009308895326,0.2,12.4766250447818));
#8459=CARTESIAN_POINT('Ctrl Pts',(1.00009308895326,0.3,12.4766250447818));
#8460=CARTESIAN_POINT('Ctrl Pts',(0.981375986402766,0.2,12.4348114030127));
#8461=CARTESIAN_POINT('Ctrl Pts',(0.981375986402766,0.3,12.4348114030127));
#8462=CARTESIAN_POINT('Ctrl Pts',(0.970591118872719,0.2,12.4107182194544));
#8463=CARTESIAN_POINT('Ctrl Pts',(0.970591118872719,0.3,12.4107182194544));
#8464=CARTESIAN_POINT('',(1.04712589675243,0.2,12.5214617420984));
#8465=CARTESIAN_POINT('Ctrl Pts',(0.970591118872719,0.2,12.4107182194544));
#8466=CARTESIAN_POINT('Ctrl Pts',(0.981375986402766,0.2,12.4348114030127));
#8467=CARTESIAN_POINT('Ctrl Pts',(1.00009308895326,0.2,12.4766250447818));
#8468=CARTESIAN_POINT('Ctrl Pts',(1.03312647616116,0.2,12.5081159987114));
#8469=CARTESIAN_POINT('Ctrl Pts',(1.04712589675243,0.2,12.5214617420984));
#8470=CARTESIAN_POINT('',(1.04712589675243,0.3,12.5214617420984));
#8471=CARTESIAN_POINT('Ctrl Pts',(1.04712589675243,0.3,12.5214617420984));
#8472=CARTESIAN_POINT('Ctrl Pts',(1.03312647616116,0.3,12.5081159987114));
#8473=CARTESIAN_POINT('Ctrl Pts',(1.00009308895326,0.3,12.4766250447818));
#8474=CARTESIAN_POINT('Ctrl Pts',(0.981375986402766,0.3,12.4348114030127));
#8475=CARTESIAN_POINT('Ctrl Pts',(0.970591118872719,0.3,12.4107182194544));
#8476=CARTESIAN_POINT('',(1.04712589675243,0.2,12.5214617420984));
#8477=CARTESIAN_POINT('Ctrl Pts',(1.13409726911839,0.2,12.5382762123895));
#8478=CARTESIAN_POINT('Ctrl Pts',(1.13409726911839,0.3,12.5382762123895));
#8479=CARTESIAN_POINT('Ctrl Pts',(1.11620380676131,0.2,12.5382668970141));
#8480=CARTESIAN_POINT('Ctrl Pts',(1.11620380676131,0.3,12.5382668970141));
#8481=CARTESIAN_POINT('Ctrl Pts',(1.08598495563689,0.2,12.5382511650143));
#8482=CARTESIAN_POINT('Ctrl Pts',(1.08598495563689,0.3,12.5382511650143));
#8483=CARTESIAN_POINT('Ctrl Pts',(1.05838366064956,0.2,12.5263257651752));
#8484=CARTESIAN_POINT('Ctrl Pts',(1.05838366064956,0.3,12.5263257651752));
#8485=CARTESIAN_POINT('Ctrl Pts',(1.04712589675243,0.2,12.5214617420984));
#8486=CARTESIAN_POINT('Ctrl Pts',(1.04712589675243,0.3,12.5214617420984));
#8487=CARTESIAN_POINT('',(1.13409726911839,0.2,12.5382762123895));
#8488=CARTESIAN_POINT('Ctrl Pts',(1.04712589675243,0.2,12.5214617420984));
#8489=CARTESIAN_POINT('Ctrl Pts',(1.05838366064956,0.2,12.5263257651752));
#8490=CARTESIAN_POINT('Ctrl Pts',(1.08598495563689,0.2,12.5382511650143));
#8491=CARTESIAN_POINT('Ctrl Pts',(1.11620380676131,0.2,12.5382668970141));
#8492=CARTESIAN_POINT('Ctrl Pts',(1.13409726911839,0.2,12.5382762123895));
#8493=CARTESIAN_POINT('',(1.13409726911839,0.3,12.5382762123895));
#8494=CARTESIAN_POINT('Ctrl Pts',(1.13409726911839,0.3,12.5382762123895));
#8495=CARTESIAN_POINT('Ctrl Pts',(1.11620380676131,0.3,12.5382668970141));
#8496=CARTESIAN_POINT('Ctrl Pts',(1.08598495563689,0.3,12.5382511650143));
#8497=CARTESIAN_POINT('Ctrl Pts',(1.05838366064956,0.3,12.5263257651752));
#8498=CARTESIAN_POINT('Ctrl Pts',(1.04712589675243,0.3,12.5214617420984));
#8499=CARTESIAN_POINT('',(1.13409726911839,0.2,12.5382762123895));
#8500=CARTESIAN_POINT('Origin',(1.2054137795573,0.2,12.5382762123895));
#8501=CARTESIAN_POINT('',(1.2054137795573,0.2,12.5382762123895));
#8502=CARTESIAN_POINT('',(0.352706889778652,0.2,12.5382762123895));
#8503=CARTESIAN_POINT('',(1.2054137795573,0.3,12.5382762123895));
#8504=CARTESIAN_POINT('',(1.13409726911839,0.3,12.5382762123895));
#8505=CARTESIAN_POINT('',(1.2054137795573,0.2,12.5382762123895));
#8506=CARTESIAN_POINT('Origin',(1.2790495216256,0.2,12.1863321234537));
#8507=CARTESIAN_POINT('',(1.21030582592645,0.2,12.5148945399291));
#8508=CARTESIAN_POINT('',(1.2054137795573,0.3,12.5382762123895));
#8509=CARTESIAN_POINT('Origin',(-1.37734552068953,0.3,12.6110421885801));
#8510=CARTESIAN_POINT('Origin',(-0.5,0.2,12.5));
#8511=CARTESIAN_POINT('Origin',(-0.126407632290763,0.2,12.802089290793));
#8512=CARTESIAN_POINT('',(-0.100896009861869,0.2,12.6785899569345));
#8513=CARTESIAN_POINT('',(-0.126407632290763,0.2,12.802089290793));
#8514=CARTESIAN_POINT('',(-0.104127671402439,0.2,12.6942341225939));
#8515=CARTESIAN_POINT('',(-0.100896009861869,0.3,12.6785899569345));
#8516=CARTESIAN_POINT('',(-0.100896009861869,0.2,12.6785899569345));
#8517=CARTESIAN_POINT('',(-0.126407632290763,0.3,12.802089290793));
#8518=CARTESIAN_POINT('',(-0.100896009861869,0.3,12.6785899569345));
#8519=CARTESIAN_POINT('',(-0.126407632290763,0.2,12.802089290793));
#8520=CARTESIAN_POINT('Origin',(-0.207580813824577,0.2,12.802089290793));
#8521=CARTESIAN_POINT('',(-0.207580813824577,0.2,12.802089290793));
#8522=CARTESIAN_POINT('',(-0.353790406912288,0.2,12.802089290793));
#8523=CARTESIAN_POINT('',(-0.207580813824577,0.3,12.802089290793));
#8524=CARTESIAN_POINT('',(-0.126407632290763,0.3,12.802089290793));
#8525=CARTESIAN_POINT('',(-0.207580813824577,0.2,12.802089290793));
#8526=CARTESIAN_POINT('Origin',(-0.227874168812675,0.2,12.9006567766023));
#8527=CARTESIAN_POINT('',(-0.227874168812675,0.2,12.9006567766023));
#8528=CARTESIAN_POINT('',(-0.193840020633121,0.2,12.7353484567268));
#8529=CARTESIAN_POINT('',(-0.227874168812675,0.3,12.9006567766023));
#8530=CARTESIAN_POINT('',(-0.207580813824577,0.3,12.802089290793));
#8531=CARTESIAN_POINT('',(-0.227874168812675,0.2,12.9006567766023));
#8532=CARTESIAN_POINT('Origin',(-0.418631324231071,0.2,13.0154589583231));
#8533=CARTESIAN_POINT('',(-0.418631324231071,0.2,13.0154589583231));
#8534=CARTESIAN_POINT('',(-0.334631862816271,0.2,12.9649060896108));
#8535=CARTESIAN_POINT('',(-0.418631324231071,0.3,13.0154589583231));
#8536=CARTESIAN_POINT('',(-0.227874168812675,0.3,12.9006567766023));
#8537=CARTESIAN_POINT('',(-0.418631324231071,0.2,13.0154589583231));
#8538=CARTESIAN_POINT('Origin',(-0.373986014782829,0.2,12.802089290793));
#8539=CARTESIAN_POINT('',(-0.373986014782829,0.2,12.802089290793));
#8540=CARTESIAN_POINT('',(-0.346349993887379,0.2,12.6700107216624));
#8541=CARTESIAN_POINT('',(-0.373986014782829,0.3,12.802089290793));
#8542=CARTESIAN_POINT('',(-0.418631324231071,0.3,13.0154589583231));
#8543=CARTESIAN_POINT('',(-0.373986014782829,0.2,12.802089290793));
#8544=CARTESIAN_POINT('Origin',(-0.47545267051403,0.2,12.802089290793));
#8545=CARTESIAN_POINT('',(-0.47545267051403,0.2,12.802089290793));
#8546=CARTESIAN_POINT('',(-0.487726335257015,0.2,12.802089290793));
#8547=CARTESIAN_POINT('',(-0.47545267051403,0.3,12.802089290793));
#8548=CARTESIAN_POINT('',(-0.373986014782829,0.3,12.802089290793));
#8549=CARTESIAN_POINT('',(-0.47545267051403,0.2,12.802089290793));
#8550=CARTESIAN_POINT('Origin',(-0.449941048085136,0.2,12.6785899569345));
#8551=CARTESIAN_POINT('',(-0.449941048085136,0.2,12.6785899569345));
#8552=CARTESIAN_POINT('',(-0.43327439381493,0.2,12.5979082713319));
#8553=CARTESIAN_POINT('',(-0.449941048085136,0.3,12.6785899569345));
#8554=CARTESIAN_POINT('',(-0.47545267051403,0.3,12.802089290793));
#8555=CARTESIAN_POINT('',(-0.449941048085136,0.2,12.6785899569345));
#8556=CARTESIAN_POINT('Origin',(-0.347894677578849,0.2,12.6785899569345));
#8557=CARTESIAN_POINT('',(-0.347894677578849,0.2,12.6785899569345));
#8558=CARTESIAN_POINT('',(-0.423947338789425,0.2,12.6785899569345));
#8559=CARTESIAN_POINT('',(-0.347894677578849,0.3,12.6785899569345));
#8560=CARTESIAN_POINT('',(-0.449941048085136,0.3,12.6785899569345));
#8561=CARTESIAN_POINT('',(-0.347894677578849,0.2,12.6785899569345));
#8562=CARTESIAN_POINT('Origin',(-0.293972382008476,0.2,12.4205749799562));
#8563=CARTESIAN_POINT('',(-0.293972382008476,0.2,12.4205749799562));
#8564=CARTESIAN_POINT('',(-0.306235523480261,0.2,12.4792533824807));
#8565=CARTESIAN_POINT('',(-0.293972382008476,0.3,12.4205749799562));
#8566=CARTESIAN_POINT('',(-0.347894677578849,0.3,12.6785899569345));
#8567=CARTESIAN_POINT('',(-0.293972382008476,0.2,12.4205749799562));
#8568=CARTESIAN_POINT('Ctrl Pts',(-0.279477247654838,0.2,12.3405612875772));
#8569=CARTESIAN_POINT('Ctrl Pts',(-0.279477247654838,0.3,12.3405612875772));
#8570=CARTESIAN_POINT('Ctrl Pts',(-0.280620435593994,0.2,12.3488829934179));
#8571=CARTESIAN_POINT('Ctrl Pts',(-0.280620435593994,0.3,12.3488829934179));
#8572=CARTESIAN_POINT('Ctrl Pts',(-0.284311215506761,0.2,12.3757496036268));
#8573=CARTESIAN_POINT('Ctrl Pts',(-0.284311215506761,0.3,12.3757496036268));
#8574=CARTESIAN_POINT('Ctrl Pts',(-0.290027008009655,0.2,12.4022694394994));
#8575=CARTESIAN_POINT('Ctrl Pts',(-0.290027008009655,0.3,12.4022694394994));
#8576=CARTESIAN_POINT('Ctrl Pts',(-0.293972382008476,0.2,12.4205749799562));
#8577=CARTESIAN_POINT('Ctrl Pts',(-0.293972382008476,0.3,12.4205749799562));
#8578=CARTESIAN_POINT('',(-0.279477247654838,0.2,12.3405612875772));
#8579=CARTESIAN_POINT('Ctrl Pts',(-0.293972382008476,0.2,12.4205749799562));
#8580=CARTESIAN_POINT('Ctrl Pts',(-0.290027008009655,0.2,12.4022694394994));
#8581=CARTESIAN_POINT('Ctrl Pts',(-0.284311215506761,0.2,12.3757496036268));
#8582=CARTESIAN_POINT('Ctrl Pts',(-0.280620435593994,0.2,12.3488829934179));
#8583=CARTESIAN_POINT('Ctrl Pts',(-0.279477247654838,0.2,12.3405612875772));
#8584=CARTESIAN_POINT('',(-0.279477247654838,0.3,12.3405612875772));
#8585=CARTESIAN_POINT('Ctrl Pts',(-0.279477247654838,0.3,12.3405612875772));
#8586=CARTESIAN_POINT('Ctrl Pts',(-0.280620435593994,0.3,12.3488829934179));
#8587=CARTESIAN_POINT('Ctrl Pts',(-0.284311215506761,0.3,12.3757496036268));
#8588=CARTESIAN_POINT('Ctrl Pts',(-0.290027008009655,0.3,12.4022694394994));
#8589=CARTESIAN_POINT('Ctrl Pts',(-0.293972382008476,0.3,12.4205749799562));
#8590=CARTESIAN_POINT('',(-0.279477247654838,0.2,12.3405612875772));
#8591=CARTESIAN_POINT('Ctrl Pts',(-0.291653165280266,0.2,12.3107011486841));
#8592=CARTESIAN_POINT('Ctrl Pts',(-0.291653165280266,0.3,12.3107011486841));
#8593=CARTESIAN_POINT('Ctrl Pts',(-0.288104016369637,0.2,12.3147649782786));
#8594=CARTESIAN_POINT('Ctrl Pts',(-0.288104016369637,0.3,12.3147649782786));
#8595=CARTESIAN_POINT('Ctrl Pts',(-0.280655191173896,0.2,12.3232939966537));
#8596=CARTESIAN_POINT('Ctrl Pts',(-0.280655191173896,0.3,12.3232939966537));
#8597=CARTESIAN_POINT('Ctrl Pts',(-0.279882023423183,0.2,12.3346277425152));
#8598=CARTESIAN_POINT('Ctrl Pts',(-0.279882023423183,0.3,12.3346277425152));
#8599=CARTESIAN_POINT('Ctrl Pts',(-0.279477247654838,0.2,12.3405612875772));
#8600=CARTESIAN_POINT('Ctrl Pts',(-0.279477247654838,0.3,12.3405612875772));
#8601=CARTESIAN_POINT('',(-0.291653165280266,0.2,12.3107011486841));
#8602=CARTESIAN_POINT('Ctrl Pts',(-0.279477247654838,0.2,12.3405612875772));
#8603=CARTESIAN_POINT('Ctrl Pts',(-0.279882023423183,0.2,12.3346277425152));
#8604=CARTESIAN_POINT('Ctrl Pts',(-0.280655191173896,0.2,12.3232939966537));
#8605=CARTESIAN_POINT('Ctrl Pts',(-0.288104016369637,0.2,12.3147649782786));
#8606=CARTESIAN_POINT('Ctrl Pts',(-0.291653165280266,0.2,12.3107011486841));
#8607=CARTESIAN_POINT('',(-0.291653165280266,0.3,12.3107011486841));
#8608=CARTESIAN_POINT('Ctrl Pts',(-0.291653165280266,0.3,12.3107011486841));
#8609=CARTESIAN_POINT('Ctrl Pts',(-0.288104016369637,0.3,12.3147649782786));
#8610=CARTESIAN_POINT('Ctrl Pts',(-0.280655191173896,0.3,12.3232939966537));
#8611=CARTESIAN_POINT('Ctrl Pts',(-0.279882023423183,0.3,12.3346277425152));
#8612=CARTESIAN_POINT('Ctrl Pts',(-0.279477247654838,0.3,12.3405612875772));
#8613=CARTESIAN_POINT('',(-0.291653165280266,0.2,12.3107011486841));
#8614=CARTESIAN_POINT('Ctrl Pts',(-0.335718640744133,0.2,12.2999746968103));
#8615=CARTESIAN_POINT('Ctrl Pts',(-0.335718640744133,0.3,12.2999746968103));
#8616=CARTESIAN_POINT('Ctrl Pts',(-0.326491723250756,0.2,12.2999997170699));
#8617=CARTESIAN_POINT('Ctrl Pts',(-0.326491723250756,0.3,12.2999997170699));
#8618=CARTESIAN_POINT('Ctrl Pts',(-0.310827774190365,0.2,12.300042192368));
#8619=CARTESIAN_POINT('Ctrl Pts',(-0.310827774190365,0.3,12.300042192368));
#8620=CARTESIAN_POINT('Ctrl Pts',(-0.297237875068501,0.2,12.3075966693203));
#8621=CARTESIAN_POINT('Ctrl Pts',(-0.297237875068501,0.3,12.3075966693203));
#8622=CARTESIAN_POINT('Ctrl Pts',(-0.291653165280266,0.2,12.3107011486841));
#8623=CARTESIAN_POINT('Ctrl Pts',(-0.291653165280266,0.3,12.3107011486841));
#8624=CARTESIAN_POINT('',(-0.335718640744133,0.2,12.2999746968103));
#8625=CARTESIAN_POINT('Ctrl Pts',(-0.291653165280266,0.2,12.3107011486841));
#8626=CARTESIAN_POINT('Ctrl Pts',(-0.297237875068501,0.2,12.3075966693203));
#8627=CARTESIAN_POINT('Ctrl Pts',(-0.310827774190365,0.2,12.300042192368));
#8628=CARTESIAN_POINT('Ctrl Pts',(-0.326491723250756,0.2,12.2999997170699));
#8629=CARTESIAN_POINT('Ctrl Pts',(-0.335718640744133,0.2,12.2999746968103));
#8630=CARTESIAN_POINT('',(-0.335718640744133,0.3,12.2999746968103));
#8631=CARTESIAN_POINT('Ctrl Pts',(-0.335718640744133,0.3,12.2999746968103));
#8632=CARTESIAN_POINT('Ctrl Pts',(-0.326491723250756,0.3,12.2999997170699));
#8633=CARTESIAN_POINT('Ctrl Pts',(-0.310827774190365,0.3,12.300042192368));
#8634=CARTESIAN_POINT('Ctrl Pts',(-0.297237875068501,0.3,12.3075966693203));
#8635=CARTESIAN_POINT('Ctrl Pts',(-0.291653165280266,0.3,12.3107011486841));
#8636=CARTESIAN_POINT('',(-0.335718640744133,0.2,12.2999746968103));
#8637=CARTESIAN_POINT('Ctrl Pts',(-0.390800485073967,0.2,12.304033355887));
#8638=CARTESIAN_POINT('Ctrl Pts',(-0.390800485073967,0.3,12.304033355887));
#8639=CARTESIAN_POINT('Ctrl Pts',(-0.378874705260327,0.2,12.3028934125416));
#8640=CARTESIAN_POINT('Ctrl Pts',(-0.378874705260327,0.3,12.3028934125416));
#8641=CARTESIAN_POINT('Ctrl Pts',(-0.360541580033824,0.2,12.3011410135849));
#8642=CARTESIAN_POINT('Ctrl Pts',(-0.360541580033824,0.3,12.3011410135849));
#8643=CARTESIAN_POINT('Ctrl Pts',(-0.34214734408248,0.2,12.3002767522782));
#8644=CARTESIAN_POINT('Ctrl Pts',(-0.34214734408248,0.3,12.3002767522782));
#8645=CARTESIAN_POINT('Ctrl Pts',(-0.335718640744133,0.2,12.2999746968103));
#8646=CARTESIAN_POINT('Ctrl Pts',(-0.335718640744133,0.3,12.2999746968103));
#8647=CARTESIAN_POINT('',(-0.390800485073967,0.2,12.304033355887));
#8648=CARTESIAN_POINT('Ctrl Pts',(-0.335718640744133,0.2,12.2999746968103));
#8649=CARTESIAN_POINT('Ctrl Pts',(-0.34214734408248,0.2,12.3002767522782));
#8650=CARTESIAN_POINT('Ctrl Pts',(-0.360541580033824,0.2,12.3011410135849));
#8651=CARTESIAN_POINT('Ctrl Pts',(-0.378874705260327,0.2,12.3028934125416));
#8652=CARTESIAN_POINT('Ctrl Pts',(-0.390800485073967,0.2,12.304033355887));
#8653=CARTESIAN_POINT('',(-0.390800485073967,0.3,12.304033355887));
#8654=CARTESIAN_POINT('Ctrl Pts',(-0.390800485073967,0.3,12.304033355887));
#8655=CARTESIAN_POINT('Ctrl Pts',(-0.378874705260327,0.3,12.3028934125416));
#8656=CARTESIAN_POINT('Ctrl Pts',(-0.360541580033824,0.3,12.3011410135849));
#8657=CARTESIAN_POINT('Ctrl Pts',(-0.34214734408248,0.3,12.3002767522782));
#8658=CARTESIAN_POINT('Ctrl Pts',(-0.335718640744133,0.3,12.2999746968103));
#8659=CARTESIAN_POINT('',(-0.390800485073967,0.2,12.304033355887));
#8660=CARTESIAN_POINT('Origin',(-0.364709147869987,0.2,12.1805340220285));
#8661=CARTESIAN_POINT('',(-0.364709147869987,0.2,12.1805340220285));
#8662=CARTESIAN_POINT('',(-0.399903859025706,0.2,12.3471227771043));
#8663=CARTESIAN_POINT('',(-0.364709147869987,0.3,12.1805340220285));
#8664=CARTESIAN_POINT('',(-0.390800485073967,0.3,12.304033355887));
#8665=CARTESIAN_POINT('',(-0.364709147869987,0.2,12.1805340220285));
#8666=CARTESIAN_POINT('Ctrl Pts',(-0.276578077732963,0.2,12.1718368698908));
#8667=CARTESIAN_POINT('Ctrl Pts',(-0.276578077732963,0.3,12.1718368698908));
#8668=CARTESIAN_POINT('Ctrl Pts',(-0.291496950283005,0.2,12.1721872217385));
#8669=CARTESIAN_POINT('Ctrl Pts',(-0.291496950283005,0.3,12.1721872217385));
#8670=CARTESIAN_POINT('Ctrl Pts',(-0.321092391427539,0.2,12.1728822352159));
#8671=CARTESIAN_POINT('Ctrl Pts',(-0.321092391427539,0.3,12.1728822352159));
#8672=CARTESIAN_POINT('Ctrl Pts',(-0.350249801624575,0.2,12.1779973860211));
#8673=CARTESIAN_POINT('Ctrl Pts',(-0.350249801624575,0.3,12.1779973860211));
#8674=CARTESIAN_POINT('Ctrl Pts',(-0.364709147869987,0.2,12.1805340220285));
#8675=CARTESIAN_POINT('Ctrl Pts',(-0.364709147869987,0.3,12.1805340220285));
#8676=CARTESIAN_POINT('',(-0.276578077732963,0.2,12.1718368698908));
#8677=CARTESIAN_POINT('Ctrl Pts',(-0.364709147869987,0.2,12.1805340220285));
#8678=CARTESIAN_POINT('Ctrl Pts',(-0.350249801624575,0.2,12.1779973860211));
#8679=CARTESIAN_POINT('Ctrl Pts',(-0.321092391427539,0.2,12.1728822352159));
#8680=CARTESIAN_POINT('Ctrl Pts',(-0.291496950283005,0.2,12.1721872217385));
#8681=CARTESIAN_POINT('Ctrl Pts',(-0.276578077732963,0.2,12.1718368698908));
#8682=CARTESIAN_POINT('',(-0.276578077732963,0.3,12.1718368698908));
#8683=CARTESIAN_POINT('Ctrl Pts',(-0.276578077732963,0.3,12.1718368698908));
#8684=CARTESIAN_POINT('Ctrl Pts',(-0.291496950283005,0.3,12.1721872217385));
#8685=CARTESIAN_POINT('Ctrl Pts',(-0.321092391427539,0.3,12.1728822352159));
#8686=CARTESIAN_POINT('Ctrl Pts',(-0.350249801624575,0.3,12.1779973860211));
#8687=CARTESIAN_POINT('Ctrl Pts',(-0.364709147869987,0.3,12.1805340220285));
#8688=CARTESIAN_POINT('',(-0.276578077732963,0.2,12.1718368698908));
#8689=CARTESIAN_POINT('Ctrl Pts',(-0.148440370022697,0.2,12.2057557274652));
#8690=CARTESIAN_POINT('Ctrl Pts',(-0.148440370022697,0.3,12.2057557274652));
#8691=CARTESIAN_POINT('Ctrl Pts',(-0.165389449421025,0.2,12.1959104491122));
#8692=CARTESIAN_POINT('Ctrl Pts',(-0.165389449421025,0.3,12.1959104491122));
#8693=CARTESIAN_POINT('Ctrl Pts',(-0.204744190589049,0.2,12.1730503059621));
#8694=CARTESIAN_POINT('Ctrl Pts',(-0.204744190589049,0.3,12.1730503059621));
#8695=CARTESIAN_POINT('Ctrl Pts',(-0.25051792102427,0.2,12.172277084606));
#8696=CARTESIAN_POINT('Ctrl Pts',(-0.25051792102427,0.3,12.172277084606));
#8697=CARTESIAN_POINT('Ctrl Pts',(-0.276578077732963,0.2,12.1718368698908));
#8698=CARTESIAN_POINT('Ctrl Pts',(-0.276578077732963,0.3,12.1718368698908));
#8699=CARTESIAN_POINT('',(-0.148440370022697,0.2,12.2057557274652));
#8700=CARTESIAN_POINT('Ctrl Pts',(-0.276578077732963,0.2,12.1718368698908));
#8701=CARTESIAN_POINT('Ctrl Pts',(-0.25051792102427,0.2,12.172277084606));
#8702=CARTESIAN_POINT('Ctrl Pts',(-0.204744190589049,0.2,12.1730503059621));
#8703=CARTESIAN_POINT('Ctrl Pts',(-0.165389449421025,0.2,12.1959104491122));
#8704=CARTESIAN_POINT('Ctrl Pts',(-0.148440370022697,0.2,12.2057557274652));
#8705=CARTESIAN_POINT('',(-0.148440370022697,0.3,12.2057557274652));
#8706=CARTESIAN_POINT('Ctrl Pts',(-0.148440370022697,0.3,12.2057557274652));
#8707=CARTESIAN_POINT('Ctrl Pts',(-0.165389449421025,0.3,12.1959104491122));
#8708=CARTESIAN_POINT('Ctrl Pts',(-0.204744190589049,0.3,12.1730503059621));
#8709=CARTESIAN_POINT('Ctrl Pts',(-0.25051792102427,0.3,12.172277084606));
#8710=CARTESIAN_POINT('Ctrl Pts',(-0.276578077732963,0.3,12.1718368698908));
#8711=CARTESIAN_POINT('',(-0.148440370022697,0.2,12.2057557274652));
#8712=CARTESIAN_POINT('Ctrl Pts',(-0.108433494030876,0.2,12.2999746968103));
#8713=CARTESIAN_POINT('Ctrl Pts',(-0.108433494030876,0.3,12.2999746968103));
#8714=CARTESIAN_POINT('Ctrl Pts',(-0.109816250623155,0.2,12.2812232519379));
#8715=CARTESIAN_POINT('Ctrl Pts',(-0.109816250623155,0.3,12.2812232519379));
#8716=CARTESIAN_POINT('Ctrl Pts',(-0.112475131402065,0.2,12.2451663952021));
#8717=CARTESIAN_POINT('Ctrl Pts',(-0.112475131402065,0.3,12.2451663952021));
#8718=CARTESIAN_POINT('Ctrl Pts',(-0.136776824160955,0.2,12.2185366278073));
#8719=CARTESIAN_POINT('Ctrl Pts',(-0.136776824160955,0.3,12.2185366278073));
#8720=CARTESIAN_POINT('Ctrl Pts',(-0.148440370022697,0.2,12.2057557274652));
#8721=CARTESIAN_POINT('Ctrl Pts',(-0.148440370022697,0.3,12.2057557274652));
#8722=CARTESIAN_POINT('',(-0.108433494030876,0.2,12.2999746968103));
#8723=CARTESIAN_POINT('Ctrl Pts',(-0.148440370022697,0.2,12.2057557274652));
#8724=CARTESIAN_POINT('Ctrl Pts',(-0.136776824160955,0.2,12.2185366278073));
#8725=CARTESIAN_POINT('Ctrl Pts',(-0.112475131402065,0.2,12.2451663952021));
#8726=CARTESIAN_POINT('Ctrl Pts',(-0.109816250623155,0.2,12.2812232519379));
#8727=CARTESIAN_POINT('Ctrl Pts',(-0.108433494030876,0.2,12.2999746968103));
#8728=CARTESIAN_POINT('',(-0.108433494030876,0.3,12.2999746968103));
#8729=CARTESIAN_POINT('Ctrl Pts',(-0.108433494030876,0.3,12.2999746968103));
#8730=CARTESIAN_POINT('Ctrl Pts',(-0.109816250623155,0.3,12.2812232519379));
#8731=CARTESIAN_POINT('Ctrl Pts',(-0.112475131402065,0.3,12.2451663952021));
#8732=CARTESIAN_POINT('Ctrl Pts',(-0.136776824160955,0.3,12.2185366278073));
#8733=CARTESIAN_POINT('Ctrl Pts',(-0.148440370022697,0.3,12.2057557274652));
#8734=CARTESIAN_POINT('',(-0.108433494030876,0.2,12.2999746968103));
#8735=CARTESIAN_POINT('Ctrl Pts',(-0.129886516987724,0.2,12.4310115148378));
#8736=CARTESIAN_POINT('Ctrl Pts',(-0.129886516987724,0.3,12.4310115148378));
#8737=CARTESIAN_POINT('Ctrl Pts',(-0.123838522053543,0.2,12.4030918910334));
#8738=CARTESIAN_POINT('Ctrl Pts',(-0.123838522053543,0.3,12.4030918910334));
#8739=CARTESIAN_POINT('Ctrl Pts',(-0.114450645427484,0.2,12.3597542251501));
#8740=CARTESIAN_POINT('Ctrl Pts',(-0.114450645427484,0.3,12.3597542251501));
#8741=CARTESIAN_POINT('Ctrl Pts',(-0.110012450299905,0.2,12.3156613988409));
#8742=CARTESIAN_POINT('Ctrl Pts',(-0.110012450299905,0.3,12.3156613988409));
#8743=CARTESIAN_POINT('Ctrl Pts',(-0.108433494030876,0.2,12.2999746968103));
#8744=CARTESIAN_POINT('Ctrl Pts',(-0.108433494030876,0.3,12.2999746968103));
#8745=CARTESIAN_POINT('',(-0.129886516987724,0.2,12.4310115148378));
#8746=CARTESIAN_POINT('Ctrl Pts',(-0.108433494030876,0.2,12.2999746968103));
#8747=CARTESIAN_POINT('Ctrl Pts',(-0.110012450299905,0.2,12.3156613988409));
#8748=CARTESIAN_POINT('Ctrl Pts',(-0.114450645427484,0.2,12.3597542251501));
#8749=CARTESIAN_POINT('Ctrl Pts',(-0.123838522053543,0.2,12.4030918910334));
#8750=CARTESIAN_POINT('Ctrl Pts',(-0.129886516987724,0.2,12.4310115148378));
#8751=CARTESIAN_POINT('',(-0.129886516987724,0.3,12.4310115148378));
#8752=CARTESIAN_POINT('Ctrl Pts',(-0.129886516987724,0.3,12.4310115148378));
#8753=CARTESIAN_POINT('Ctrl Pts',(-0.123838522053543,0.3,12.4030918910334));
#8754=CARTESIAN_POINT('Ctrl Pts',(-0.114450645427484,0.3,12.3597542251501));
#8755=CARTESIAN_POINT('Ctrl Pts',(-0.110012450299905,0.3,12.3156613988409));
#8756=CARTESIAN_POINT('Ctrl Pts',(-0.108433494030876,0.3,12.2999746968103));
#8757=CARTESIAN_POINT('',(-0.129886516987724,0.2,12.4310115148378));
#8758=CARTESIAN_POINT('Origin',(-0.181489476620598,0.2,12.6785899569345));
#8759=CARTESIAN_POINT('',(-0.181489476620598,0.2,12.6785899569345));
#8760=CARTESIAN_POINT('',(-0.170283087207625,0.2,12.6248244277453));
#8761=CARTESIAN_POINT('',(-0.181489476620598,0.3,12.6785899569345));
#8762=CARTESIAN_POINT('',(-0.129886516987724,0.3,12.4310115148378));
#8763=CARTESIAN_POINT('',(-0.181489476620598,0.2,12.6785899569345));
#8764=CARTESIAN_POINT('Origin',(-0.100896009861869,0.2,12.6785899569345));
#8765=CARTESIAN_POINT('',(-0.300448004930935,0.2,12.6785899569345));
#8766=CARTESIAN_POINT('',(-0.181489476620597,0.3,12.6785899569345));
#8767=CARTESIAN_POINT('Origin',(-1.37734552068953,0.3,12.6110421885801));
#8768=CARTESIAN_POINT('Origin',(-3.50495446628277,0.2,12.802089290793));
#8769=CARTESIAN_POINT('',(-3.34840596622173,0.2,12.802089290793));
#8770=CARTESIAN_POINT('',(-3.50495446628277,0.2,12.802089290793));
#8771=CARTESIAN_POINT('',(-2.00247723314138,0.2,12.802089290793));
#8772=CARTESIAN_POINT('',(-3.34840596622173,0.3,12.802089290793));
#8773=CARTESIAN_POINT('',(-3.34840596622173,0.2,12.802089290793));
#8774=CARTESIAN_POINT('',(-3.50495446628277,0.3,12.802089290793));
#8775=CARTESIAN_POINT('',(-3.34840596622173,0.3,12.802089290793));
#8776=CARTESIAN_POINT('',(-3.50495446628277,0.2,12.802089290793));
#8777=CARTESIAN_POINT('Origin',(-3.48929990237896,0.2,12.7272939254594));
#8778=CARTESIAN_POINT('',(-3.48929990237896,0.2,12.7272939254594));
#8779=CARTESIAN_POINT('',(-3.40378531637802,0.2,12.3187169289625));
#8780=CARTESIAN_POINT('',(-3.48929990237896,0.3,12.7272939254594));
#8781=CARTESIAN_POINT('',(-3.50495446628277,0.3,12.802089290793));
#8782=CARTESIAN_POINT('',(-3.48929990237896,0.2,12.7272939254594));
#8783=CARTESIAN_POINT('Ctrl Pts',(-3.68179620212261,0.2,12.8165845443559));
#8784=CARTESIAN_POINT('Ctrl Pts',(-3.68179620212261,0.3,12.8165845443559));
#8785=CARTESIAN_POINT('Ctrl Pts',(-3.64767352082547,0.2,12.8119725571822));
#8786=CARTESIAN_POINT('Ctrl Pts',(-3.64767352082547,0.3,12.8119725571822));
#8787=CARTESIAN_POINT('Ctrl Pts',(-3.57460205789447,0.2,12.8020962919828));
#8788=CARTESIAN_POINT('Ctrl Pts',(-3.57460205789447,0.3,12.8020962919828));
#8789=CARTESIAN_POINT('Ctrl Pts',(-3.51895896124798,0.2,12.7533022693149));
#8790=CARTESIAN_POINT('Ctrl Pts',(-3.51895896124798,0.3,12.7533022693149));
#8791=CARTESIAN_POINT('Ctrl Pts',(-3.48929990237896,0.2,12.7272939254594));
#8792=CARTESIAN_POINT('Ctrl Pts',(-3.48929990237896,0.3,12.7272939254594));
#8793=CARTESIAN_POINT('',(-3.68179620212261,0.2,12.8165845443559));
#8794=CARTESIAN_POINT('Ctrl Pts',(-3.48929990237896,0.2,12.7272939254594));
#8795=CARTESIAN_POINT('Ctrl Pts',(-3.51895896124798,0.2,12.7533022693149));
#8796=CARTESIAN_POINT('Ctrl Pts',(-3.57460205789447,0.2,12.8020962919828));
#8797=CARTESIAN_POINT('Ctrl Pts',(-3.64767352082547,0.2,12.8119725571822));
#8798=CARTESIAN_POINT('Ctrl Pts',(-3.68179620212261,0.2,12.8165845443559));
#8799=CARTESIAN_POINT('',(-3.68179620212261,0.3,12.8165845443559));
#8800=CARTESIAN_POINT('Ctrl Pts',(-3.68179620212261,0.3,12.8165845443559));
#8801=CARTESIAN_POINT('Ctrl Pts',(-3.64767352082547,0.3,12.8119725571822));
#8802=CARTESIAN_POINT('Ctrl Pts',(-3.57460205789447,0.3,12.8020962919828));
#8803=CARTESIAN_POINT('Ctrl Pts',(-3.51895896124798,0.3,12.7533022693149));
#8804=CARTESIAN_POINT('Ctrl Pts',(-3.48929990237896,0.3,12.7272939254594));
#8805=CARTESIAN_POINT('',(-3.68179620212261,0.2,12.8165845443559));
#8806=CARTESIAN_POINT('Ctrl Pts',(-3.78906119769756,0.2,12.7875940968347));
#8807=CARTESIAN_POINT('Ctrl Pts',(-3.78906119769756,0.3,12.7875940968347));
#8808=CARTESIAN_POINT('Ctrl Pts',(-3.77418299100286,0.2,12.7960269495326));
#8809=CARTESIAN_POINT('Ctrl Pts',(-3.77418299100286,0.3,12.7960269495326));
#8810=CARTESIAN_POINT('Ctrl Pts',(-3.74105591890793,0.2,12.8148031182619));
#8811=CARTESIAN_POINT('Ctrl Pts',(-3.74105591890793,0.3,12.8148031182619));
#8812=CARTESIAN_POINT('Ctrl Pts',(-3.70284540624415,0.2,12.8159517772164));
#8813=CARTESIAN_POINT('Ctrl Pts',(-3.70284540624415,0.3,12.8159517772164));
#8814=CARTESIAN_POINT('Ctrl Pts',(-3.68179620212261,0.2,12.8165845443559));
#8815=CARTESIAN_POINT('Ctrl Pts',(-3.68179620212261,0.3,12.8165845443559));
#8816=CARTESIAN_POINT('',(-3.78906119769756,0.2,12.7875940968347));
#8817=CARTESIAN_POINT('Ctrl Pts',(-3.68179620212261,0.2,12.8165845443559));
#8818=CARTESIAN_POINT('Ctrl Pts',(-3.70284540624415,0.2,12.8159517772164));
#8819=CARTESIAN_POINT('Ctrl Pts',(-3.74105591890793,0.2,12.8148031182619));
#8820=CARTESIAN_POINT('Ctrl Pts',(-3.77418299100286,0.2,12.7960269495326));
#8821=CARTESIAN_POINT('Ctrl Pts',(-3.78906119769756,0.2,12.7875940968347));
#8822=CARTESIAN_POINT('',(-3.78906119769756,0.3,12.7875940968347));
#8823=CARTESIAN_POINT('Ctrl Pts',(-3.78906119769756,0.3,12.7875940968347));
#8824=CARTESIAN_POINT('Ctrl Pts',(-3.77418299100286,0.3,12.7960269495326));
#8825=CARTESIAN_POINT('Ctrl Pts',(-3.74105591890793,0.3,12.8148031182619));
#8826=CARTESIAN_POINT('Ctrl Pts',(-3.70284540624415,0.3,12.8159517772164));
#8827=CARTESIAN_POINT('Ctrl Pts',(-3.68179620212261,0.3,12.8165845443559));
#8828=CARTESIAN_POINT('',(-3.78906119769756,0.2,12.7875940968347));
#8829=CARTESIAN_POINT('Ctrl Pts',(-3.8371850342149,0.2,12.7075804044557));
#8830=CARTESIAN_POINT('Ctrl Pts',(-3.8371850342149,0.3,12.7075804044557));
#8831=CARTESIAN_POINT('Ctrl Pts',(-3.83273462631735,0.2,12.7235418047481));
#8832=CARTESIAN_POINT('Ctrl Pts',(-3.83273462631735,0.3,12.7235418047481));
#8833=CARTESIAN_POINT('Ctrl Pts',(-3.82405114905108,0.2,12.7546851200952));
#8834=CARTESIAN_POINT('Ctrl Pts',(-3.82405114905108,0.3,12.7546851200952));
#8835=CARTESIAN_POINT('Ctrl Pts',(-3.80052826358392,0.2,12.7768090174069));
#8836=CARTESIAN_POINT('Ctrl Pts',(-3.80052826358392,0.3,12.7768090174069));
#8837=CARTESIAN_POINT('Ctrl Pts',(-3.78906119769756,0.2,12.7875940968347));
#8838=CARTESIAN_POINT('Ctrl Pts',(-3.78906119769756,0.3,12.7875940968347));
#8839=CARTESIAN_POINT('',(-3.8371850342149,0.2,12.7075804044557));
#8840=CARTESIAN_POINT('Ctrl Pts',(-3.78906119769756,0.2,12.7875940968347));
#8841=CARTESIAN_POINT('Ctrl Pts',(-3.80052826358392,0.2,12.7768090174069));
#8842=CARTESIAN_POINT('Ctrl Pts',(-3.82405114905108,0.2,12.7546851200952));
#8843=CARTESIAN_POINT('Ctrl Pts',(-3.83273462631735,0.2,12.7235418047481));
#8844=CARTESIAN_POINT('Ctrl Pts',(-3.8371850342149,0.2,12.7075804044557));
#8845=CARTESIAN_POINT('',(-3.8371850342149,0.3,12.7075804044557));
#8846=CARTESIAN_POINT('Ctrl Pts',(-3.8371850342149,0.3,12.7075804044557));
#8847=CARTESIAN_POINT('Ctrl Pts',(-3.83273462631735,0.3,12.7235418047481));
#8848=CARTESIAN_POINT('Ctrl Pts',(-3.82405114905108,0.3,12.7546851200952));
#8849=CARTESIAN_POINT('Ctrl Pts',(-3.80052826358392,0.3,12.7768090174069));
#8850=CARTESIAN_POINT('Ctrl Pts',(-3.78906119769756,0.3,12.7875940968347));
#8851=CARTESIAN_POINT('',(-3.8371850342149,0.2,12.7075804044557));
#8852=CARTESIAN_POINT('Ctrl Pts',(-3.92879498904888,0.2,12.7852748205019));
#8853=CARTESIAN_POINT('Ctrl Pts',(-3.92879498904888,0.3,12.7852748205019));
#8854=CARTESIAN_POINT('Ctrl Pts',(-3.91032783943738,0.2,12.7746069364195));
#8855=CARTESIAN_POINT('Ctrl Pts',(-3.91032783943738,0.3,12.7746069364195));
#8856=CARTESIAN_POINT('Ctrl Pts',(-3.87505339957304,0.2,12.7542300161334));
#8857=CARTESIAN_POINT('Ctrl Pts',(-3.87505339957304,0.3,12.7542300161334));
#8858=CARTESIAN_POINT('Ctrl Pts',(-3.84940553085629,0.2,12.7226346962752));
#8859=CARTESIAN_POINT('Ctrl Pts',(-3.84940553085629,0.3,12.7226346962752));
#8860=CARTESIAN_POINT('Ctrl Pts',(-3.8371850342149,0.2,12.7075804044557));
#8861=CARTESIAN_POINT('Ctrl Pts',(-3.8371850342149,0.3,12.7075804044557));
#8862=CARTESIAN_POINT('',(-3.92879498904888,0.2,12.7852748205019));
#8863=CARTESIAN_POINT('Ctrl Pts',(-3.8371850342149,0.2,12.7075804044557));
#8864=CARTESIAN_POINT('Ctrl Pts',(-3.84940553085629,0.2,12.7226346962752));
#8865=CARTESIAN_POINT('Ctrl Pts',(-3.87505339957304,0.2,12.7542300161334));
#8866=CARTESIAN_POINT('Ctrl Pts',(-3.91032783943738,0.2,12.7746069364195));
#8867=CARTESIAN_POINT('Ctrl Pts',(-3.92879498904888,0.2,12.7852748205019));
#8868=CARTESIAN_POINT('',(-3.92879498904888,0.3,12.7852748205019));
#8869=CARTESIAN_POINT('Ctrl Pts',(-3.92879498904888,0.3,12.7852748205019));
#8870=CARTESIAN_POINT('Ctrl Pts',(-3.91032783943738,0.3,12.7746069364195));
#8871=CARTESIAN_POINT('Ctrl Pts',(-3.87505339957304,0.3,12.7542300161334));
#8872=CARTESIAN_POINT('Ctrl Pts',(-3.84940553085629,0.3,12.7226346962752));
#8873=CARTESIAN_POINT('Ctrl Pts',(-3.8371850342149,0.3,12.7075804044557));
#8874=CARTESIAN_POINT('',(-3.92879498904888,0.2,12.7852748205019));
#8875=CARTESIAN_POINT('Ctrl Pts',(-4.05287421649639,0.2,12.8165845443559));
#8876=CARTESIAN_POINT('Ctrl Pts',(-4.05287421649639,0.3,12.8165845443559));
#8877=CARTESIAN_POINT('Ctrl Pts',(-4.03149640260908,0.2,12.8152175626795));
#8878=CARTESIAN_POINT('Ctrl Pts',(-4.03149640260908,0.3,12.8152175626795));
#8879=CARTESIAN_POINT('Ctrl Pts',(-3.98821373324598,0.2,12.8124498982103));
#8880=CARTESIAN_POINT('Ctrl Pts',(-3.98821373324598,0.3,12.8124498982103));
#8881=CARTESIAN_POINT('Ctrl Pts',(-3.94876137076697,0.2,12.794406416635));
#8882=CARTESIAN_POINT('Ctrl Pts',(-3.94876137076697,0.3,12.794406416635));
#8883=CARTESIAN_POINT('Ctrl Pts',(-3.92879498904888,0.2,12.7852748205019));
#8884=CARTESIAN_POINT('Ctrl Pts',(-3.92879498904888,0.3,12.7852748205019));
#8885=CARTESIAN_POINT('',(-4.05287421649639,0.2,12.8165845443559));
#8886=CARTESIAN_POINT('Ctrl Pts',(-3.92879498904888,0.2,12.7852748205019));
#8887=CARTESIAN_POINT('Ctrl Pts',(-3.94876137076697,0.2,12.794406416635));
#8888=CARTESIAN_POINT('Ctrl Pts',(-3.98821373324598,0.2,12.8124498982103));
#8889=CARTESIAN_POINT('Ctrl Pts',(-4.03149640260908,0.2,12.8152175626795));
#8890=CARTESIAN_POINT('Ctrl Pts',(-4.05287421649639,0.2,12.8165845443559));
#8891=CARTESIAN_POINT('',(-4.05287421649639,0.3,12.8165845443559));
#8892=CARTESIAN_POINT('Ctrl Pts',(-4.05287421649639,0.3,12.8165845443559));
#8893=CARTESIAN_POINT('Ctrl Pts',(-4.03149640260908,0.3,12.8152175626795));
#8894=CARTESIAN_POINT('Ctrl Pts',(-3.98821373324598,0.3,12.8124498982103));
#8895=CARTESIAN_POINT('Ctrl Pts',(-3.94876137076697,0.3,12.794406416635));
#8896=CARTESIAN_POINT('Ctrl Pts',(-3.92879498904888,0.3,12.7852748205019));
#8897=CARTESIAN_POINT('',(-4.05287421649639,0.2,12.8165845443559));
#8898=CARTESIAN_POINT('Ctrl Pts',(-4.1676761001939,0.2,12.7771575023485));
#8899=CARTESIAN_POINT('Ctrl Pts',(-4.1676761001939,0.3,12.7771575023485));
#8900=CARTESIAN_POINT('Ctrl Pts',(-4.15183285228156,0.2,12.78864160244));
#8901=CARTESIAN_POINT('Ctrl Pts',(-4.15183285228156,0.3,12.78864160244));
#8902=CARTESIAN_POINT('Ctrl Pts',(-4.11772561973346,0.2,12.8133644922536));
#8903=CARTESIAN_POINT('Ctrl Pts',(-4.11772561973346,0.3,12.8133644922536));
#8904=CARTESIAN_POINT('Ctrl Pts',(-4.07549055226287,0.2,12.8154615805356));
#8905=CARTESIAN_POINT('Ctrl Pts',(-4.07549055226287,0.3,12.8154615805356));
#8906=CARTESIAN_POINT('Ctrl Pts',(-4.05287421649639,0.2,12.8165845443559));
#8907=CARTESIAN_POINT('Ctrl Pts',(-4.05287421649639,0.3,12.8165845443559));
#8908=CARTESIAN_POINT('',(-4.1676761001939,0.2,12.7771575023485));
#8909=CARTESIAN_POINT('Ctrl Pts',(-4.05287421649639,0.2,12.8165845443559));
#8910=CARTESIAN_POINT('Ctrl Pts',(-4.07549055226287,0.2,12.8154615805356));
#8911=CARTESIAN_POINT('Ctrl Pts',(-4.11772561973346,0.2,12.8133644922536));
#8912=CARTESIAN_POINT('Ctrl Pts',(-4.15183285228156,0.2,12.78864160244));
#8913=CARTESIAN_POINT('Ctrl Pts',(-4.1676761001939,0.2,12.7771575023485));
#8914=CARTESIAN_POINT('',(-4.1676761001939,0.3,12.7771575023485));
#8915=CARTESIAN_POINT('Ctrl Pts',(-4.1676761001939,0.3,12.7771575023485));
#8916=CARTESIAN_POINT('Ctrl Pts',(-4.15183285228156,0.3,12.78864160244));
#8917=CARTESIAN_POINT('Ctrl Pts',(-4.11772561973346,0.3,12.8133644922536));
#8918=CARTESIAN_POINT('Ctrl Pts',(-4.07549055226287,0.3,12.8154615805356));
#8919=CARTESIAN_POINT('Ctrl Pts',(-4.05287421649639,0.3,12.8165845443559));
#8920=CARTESIAN_POINT('',(-4.1676761001939,0.2,12.7771575023485));
#8921=CARTESIAN_POINT('Ctrl Pts',(-4.20884288257305,0.2,12.6727918555093));
#8922=CARTESIAN_POINT('Ctrl Pts',(-4.20884288257305,0.3,12.6727918555093));
#8923=CARTESIAN_POINT('Ctrl Pts',(-4.2073944952106,0.2,12.6931119238425));
#8924=CARTESIAN_POINT('Ctrl Pts',(-4.2073944952106,0.3,12.6931119238425));
#8925=CARTESIAN_POINT('Ctrl Pts',(-4.20460049400334,0.2,12.7323102052736));
#8926=CARTESIAN_POINT('Ctrl Pts',(-4.20460049400334,0.3,12.7323102052736));
#8927=CARTESIAN_POINT('Ctrl Pts',(-4.17967865958562,0.2,12.7625795420581));
#8928=CARTESIAN_POINT('Ctrl Pts',(-4.17967865958562,0.3,12.7625795420581));
#8929=CARTESIAN_POINT('Ctrl Pts',(-4.1676761001939,0.2,12.7771575023485));
#8930=CARTESIAN_POINT('Ctrl Pts',(-4.1676761001939,0.3,12.7771575023485));
#8931=CARTESIAN_POINT('',(-4.20884288257305,0.2,12.6727918555093));
#8932=CARTESIAN_POINT('Ctrl Pts',(-4.1676761001939,0.2,12.7771575023485));
#8933=CARTESIAN_POINT('Ctrl Pts',(-4.17967865958562,0.2,12.7625795420581));
#8934=CARTESIAN_POINT('Ctrl Pts',(-4.20460049400334,0.2,12.7323102052736));
#8935=CARTESIAN_POINT('Ctrl Pts',(-4.2073944952106,0.2,12.6931119238425));
#8936=CARTESIAN_POINT('Ctrl Pts',(-4.20884288257305,0.2,12.6727918555093));
#8937=CARTESIAN_POINT('',(-4.20884288257305,0.3,12.6727918555093));
#8938=CARTESIAN_POINT('Ctrl Pts',(-4.20884288257305,0.3,12.6727918555093));
#8939=CARTESIAN_POINT('Ctrl Pts',(-4.2073944952106,0.3,12.6931119238425));
#8940=CARTESIAN_POINT('Ctrl Pts',(-4.20460049400334,0.3,12.7323102052736));
#8941=CARTESIAN_POINT('Ctrl Pts',(-4.17967865958562,0.3,12.7625795420581));
#8942=CARTESIAN_POINT('Ctrl Pts',(-4.1676761001939,0.3,12.7771575023485));
#8943=CARTESIAN_POINT('',(-4.20884288257305,0.2,12.6727918555093));
#8944=CARTESIAN_POINT('Ctrl Pts',(-4.19260800784771,0.2,12.5626281668497));
#8945=CARTESIAN_POINT('Ctrl Pts',(-4.19260800784771,0.3,12.5626281668497));
#8946=CARTESIAN_POINT('Ctrl Pts',(-4.19726235617886,0.2,12.5847721564232));
#8947=CARTESIAN_POINT('Ctrl Pts',(-4.19726235617886,0.3,12.5847721564232));
#8948=CARTESIAN_POINT('Ctrl Pts',(-4.20491574644312,0.2,12.6211846855586));
#8949=CARTESIAN_POINT('Ctrl Pts',(-4.20491574644312,0.3,12.6211846855586));
#8950=CARTESIAN_POINT('Ctrl Pts',(-4.20773725282461,0.2,12.6582625852109));
#8951=CARTESIAN_POINT('Ctrl Pts',(-4.20773725282461,0.3,12.6582625852109));
#8952=CARTESIAN_POINT('Ctrl Pts',(-4.20884288257305,0.2,12.6727918555093));
#8953=CARTESIAN_POINT('Ctrl Pts',(-4.20884288257305,0.3,12.6727918555093));
#8954=CARTESIAN_POINT('',(-4.19260800784771,0.2,12.5626281668497));
#8955=CARTESIAN_POINT('Ctrl Pts',(-4.20884288257305,0.2,12.6727918555093));
#8956=CARTESIAN_POINT('Ctrl Pts',(-4.20773725282461,0.2,12.6582625852109));
#8957=CARTESIAN_POINT('Ctrl Pts',(-4.20491574644312,0.2,12.6211846855586));
#8958=CARTESIAN_POINT('Ctrl Pts',(-4.19726235617886,0.2,12.5847721564232));
#8959=CARTESIAN_POINT('Ctrl Pts',(-4.19260800784771,0.2,12.5626281668497));
#8960=CARTESIAN_POINT('',(-4.19260800784771,0.3,12.5626281668497));
#8961=CARTESIAN_POINT('Ctrl Pts',(-4.19260800784771,0.3,12.5626281668497));
#8962=CARTESIAN_POINT('Ctrl Pts',(-4.19726235617886,0.3,12.5847721564232));
#8963=CARTESIAN_POINT('Ctrl Pts',(-4.20491574644312,0.3,12.6211846855586));
#8964=CARTESIAN_POINT('Ctrl Pts',(-4.20773725282461,0.3,12.6582625852109));
#8965=CARTESIAN_POINT('Ctrl Pts',(-4.20884288257305,0.3,12.6727918555093));
#8966=CARTESIAN_POINT('',(-4.19260800784771,0.2,12.5626281668497));
#8967=CARTESIAN_POINT('Origin',(-4.11375392383282,0.2,12.1863321234537));
#8968=CARTESIAN_POINT('',(-4.11375392383282,0.2,12.1863321234537));
#8969=CARTESIAN_POINT('',(-4.06922952563375,0.2,11.9738592365233));
#8970=CARTESIAN_POINT('',(-4.11375392383282,0.3,12.1863321234537));
#8971=CARTESIAN_POINT('',(-4.19260800784771,0.3,12.5626281668497));
#8972=CARTESIAN_POINT('',(-4.11375392383282,0.2,12.1863321234537));
#8973=CARTESIAN_POINT('Origin',(-3.94734872287457,0.2,12.1863321234537));
#8974=CARTESIAN_POINT('',(-3.94734872287457,0.2,12.1863321234537));
#8975=CARTESIAN_POINT('',(-2.22367436143728,0.2,12.1863321234537));
#8976=CARTESIAN_POINT('',(-3.94734872287457,0.3,12.1863321234537));
#8977=CARTESIAN_POINT('',(-4.11375392383282,0.3,12.1863321234537));
#8978=CARTESIAN_POINT('',(-3.94734872287457,0.2,12.1863321234537));
#8979=CARTESIAN_POINT('Origin',(-4.02620280688946,0.2,12.5626281668497));
#8980=CARTESIAN_POINT('',(-4.02620280688946,0.2,12.5626281668497));
#8981=CARTESIAN_POINT('',(-3.94575131670229,0.2,12.1787092129877));
#8982=CARTESIAN_POINT('',(-4.02620280688946,0.3,12.5626281668497));
#8983=CARTESIAN_POINT('',(-3.94734872287457,0.3,12.1863321234537));
#8984=CARTESIAN_POINT('',(-4.02620280688946,0.2,12.5626281668497));
#8985=CARTESIAN_POINT('Ctrl Pts',(-4.04069817966167,0.2,12.642641799624));
#8986=CARTESIAN_POINT('Ctrl Pts',(-4.04069817966167,0.3,12.642641799624));
#8987=CARTESIAN_POINT('Ctrl Pts',(-4.03955013677539,0.2,12.6344175560482));
#8988=CARTESIAN_POINT('Ctrl Pts',(-4.03955013677539,0.3,12.6344175560482));
#8989=CARTESIAN_POINT('Ctrl Pts',(-4.03580109904088,0.2,12.6075605458511));
#8990=CARTESIAN_POINT('Ctrl Pts',(-4.03580109904088,0.3,12.6075605458511));
#8991=CARTESIAN_POINT('Ctrl Pts',(-4.0301342998562,0.2,12.5810326214376));
#8992=CARTESIAN_POINT('Ctrl Pts',(-4.0301342998562,0.3,12.5810326214376));
#8993=CARTESIAN_POINT('Ctrl Pts',(-4.02620280688946,0.2,12.5626281668497));
#8994=CARTESIAN_POINT('Ctrl Pts',(-4.02620280688946,0.3,12.5626281668497));
#8995=CARTESIAN_POINT('',(-4.04069817966167,0.2,12.642641799624));
#8996=CARTESIAN_POINT('Ctrl Pts',(-4.02620280688946,0.2,12.5626281668497));
#8997=CARTESIAN_POINT('Ctrl Pts',(-4.0301342998562,0.2,12.5810326214376));
#8998=CARTESIAN_POINT('Ctrl Pts',(-4.03580109904088,0.2,12.6075605458511));
#8999=CARTESIAN_POINT('Ctrl Pts',(-4.03955013677539,0.2,12.6344175560482));
#9000=CARTESIAN_POINT('Ctrl Pts',(-4.04069817966167,0.2,12.642641799624));
#9001=CARTESIAN_POINT('',(-4.04069817966167,0.3,12.642641799624));
#9002=CARTESIAN_POINT('Ctrl Pts',(-4.04069817966167,0.3,12.642641799624));
#9003=CARTESIAN_POINT('Ctrl Pts',(-4.03955013677539,0.3,12.6344175560482));
#9004=CARTESIAN_POINT('Ctrl Pts',(-4.03580109904088,0.3,12.6075605458511));
#9005=CARTESIAN_POINT('Ctrl Pts',(-4.0301342998562,0.3,12.5810326214376));
#9006=CARTESIAN_POINT('Ctrl Pts',(-4.02620280688946,0.3,12.5626281668497));
#9007=CARTESIAN_POINT('',(-4.04069817966167,0.2,12.642641799624));
#9008=CARTESIAN_POINT('Ctrl Pts',(-4.02533305591289,0.2,12.6829385330034));
#9009=CARTESIAN_POINT('Ctrl Pts',(-4.02533305591289,0.3,12.6829385330034));
#9010=CARTESIAN_POINT('Ctrl Pts',(-4.0298113857931,0.2,12.6773670301099));
#9011=CARTESIAN_POINT('Ctrl Pts',(-4.0298113857931,0.3,12.6773670301099));
#9012=CARTESIAN_POINT('Ctrl Pts',(-4.03924428267238,0.2,12.665631536374));
#9013=CARTESIAN_POINT('Ctrl Pts',(-4.03924428267238,0.3,12.665631536374));
#9014=CARTESIAN_POINT('Ctrl Pts',(-4.04019750559541,0.2,12.6505587050621));
#9015=CARTESIAN_POINT('Ctrl Pts',(-4.04019750559541,0.3,12.6505587050621));
#9016=CARTESIAN_POINT('Ctrl Pts',(-4.04069817966167,0.2,12.642641799624));
#9017=CARTESIAN_POINT('Ctrl Pts',(-4.04069817966167,0.3,12.642641799624));
#9018=CARTESIAN_POINT('',(-4.02533305591289,0.2,12.6829385330034));
#9019=CARTESIAN_POINT('Ctrl Pts',(-4.04069817966167,0.2,12.642641799624));
#9020=CARTESIAN_POINT('Ctrl Pts',(-4.04019750559541,0.2,12.6505587050621));
#9021=CARTESIAN_POINT('Ctrl Pts',(-4.03924428267238,0.2,12.665631536374));
#9022=CARTESIAN_POINT('Ctrl Pts',(-4.0298113857931,0.2,12.6773670301099));
#9023=CARTESIAN_POINT('Ctrl Pts',(-4.02533305591289,0.2,12.6829385330034));
#9024=CARTESIAN_POINT('',(-4.02533305591289,0.3,12.6829385330034));
#9025=CARTESIAN_POINT('Ctrl Pts',(-4.02533305591289,0.3,12.6829385330034));
#9026=CARTESIAN_POINT('Ctrl Pts',(-4.0298113857931,0.3,12.6773670301099));
#9027=CARTESIAN_POINT('Ctrl Pts',(-4.03924428267238,0.3,12.665631536374));
#9028=CARTESIAN_POINT('Ctrl Pts',(-4.04019750559541,0.3,12.6505587050621));
#9029=CARTESIAN_POINT('Ctrl Pts',(-4.04069817966167,0.3,12.642641799624));
#9030=CARTESIAN_POINT('',(-4.02533305591289,0.2,12.6829385330034));
#9031=CARTESIAN_POINT('Ctrl Pts',(-3.97923816150371,0.2,12.6977236439539));
#9032=CARTESIAN_POINT('Ctrl Pts',(-3.97923816150371,0.3,12.6977236439539));
#9033=CARTESIAN_POINT('Ctrl Pts',(-3.98851145243755,0.2,12.6973972590525));
#9034=CARTESIAN_POINT('Ctrl Pts',(-3.98851145243755,0.3,12.6973972590525));
#9035=CARTESIAN_POINT('Ctrl Pts',(-4.00536188799715,0.2,12.6968041872092));
#9036=CARTESIAN_POINT('Ctrl Pts',(-4.00536188799715,0.3,12.6968041872092));
#9037=CARTESIAN_POINT('Ctrl Pts',(-4.019138237331,0.2,12.687239493903));
#9038=CARTESIAN_POINT('Ctrl Pts',(-4.019138237331,0.3,12.687239493903));
#9039=CARTESIAN_POINT('Ctrl Pts',(-4.02533305591289,0.2,12.6829385330034));
#9040=CARTESIAN_POINT('Ctrl Pts',(-4.02533305591289,0.3,12.6829385330034));
#9041=CARTESIAN_POINT('',(-3.97923816150371,0.2,12.6977236439539));
#9042=CARTESIAN_POINT('Ctrl Pts',(-4.02533305591289,0.2,12.6829385330034));
#9043=CARTESIAN_POINT('Ctrl Pts',(-4.019138237331,0.2,12.687239493903));
#9044=CARTESIAN_POINT('Ctrl Pts',(-4.00536188799715,0.2,12.6968041872092));
#9045=CARTESIAN_POINT('Ctrl Pts',(-3.98851145243755,0.2,12.6973972590525));
#9046=CARTESIAN_POINT('Ctrl Pts',(-3.97923816150371,0.2,12.6977236439539));
#9047=CARTESIAN_POINT('',(-3.97923816150371,0.3,12.6977236439539));
#9048=CARTESIAN_POINT('Ctrl Pts',(-3.97923816150371,0.3,12.6977236439539));
#9049=CARTESIAN_POINT('Ctrl Pts',(-3.98851145243755,0.3,12.6973972590525));
#9050=CARTESIAN_POINT('Ctrl Pts',(-4.00536188799715,0.3,12.6968041872092));
#9051=CARTESIAN_POINT('Ctrl Pts',(-4.019138237331,0.3,12.687239493903));
#9052=CARTESIAN_POINT('Ctrl Pts',(-4.02533305591289,0.3,12.6829385330034));
#9053=CARTESIAN_POINT('',(-3.97923816150371,0.2,12.6977236439539));
#9054=CARTESIAN_POINT('Ctrl Pts',(-3.86849463885967,0.2,12.6322052647424));
#9055=CARTESIAN_POINT('Ctrl Pts',(-3.86849463885967,0.3,12.6322052647424));
#9056=CARTESIAN_POINT('Ctrl Pts',(-3.88431936922818,0.2,12.6512766371762));
#9057=CARTESIAN_POINT('Ctrl Pts',(-3.88431936922818,0.3,12.6512766371762));
#9058=CARTESIAN_POINT('Ctrl Pts',(-3.91361968980698,0.2,12.6865882862958));
#9059=CARTESIAN_POINT('Ctrl Pts',(-3.91361968980698,0.3,12.6865882862958));
#9060=CARTESIAN_POINT('Ctrl Pts',(-3.95856653538287,0.2,12.6942156995553));
#9061=CARTESIAN_POINT('Ctrl Pts',(-3.95856653538287,0.3,12.6942156995553));
#9062=CARTESIAN_POINT('Ctrl Pts',(-3.97923816150371,0.2,12.6977236439539));
#9063=CARTESIAN_POINT('Ctrl Pts',(-3.97923816150371,0.3,12.6977236439539));
#9064=CARTESIAN_POINT('',(-3.86849463885967,0.2,12.6322052647424));
#9065=CARTESIAN_POINT('Ctrl Pts',(-3.97923816150371,0.2,12.6977236439539));
#9066=CARTESIAN_POINT('Ctrl Pts',(-3.95856653538287,0.2,12.6942156995553));
#9067=CARTESIAN_POINT('Ctrl Pts',(-3.91361968980698,0.2,12.6865882862958));
#9068=CARTESIAN_POINT('Ctrl Pts',(-3.88431936922818,0.2,12.6512766371762));
#9069=CARTESIAN_POINT('Ctrl Pts',(-3.86849463885967,0.2,12.6322052647424));
#9070=CARTESIAN_POINT('',(-3.86849463885967,0.3,12.6322052647424));
#9071=CARTESIAN_POINT('Ctrl Pts',(-3.86849463885967,0.3,12.6322052647424));
#9072=CARTESIAN_POINT('Ctrl Pts',(-3.88431936922818,0.3,12.6512766371762));
#9073=CARTESIAN_POINT('Ctrl Pts',(-3.91361968980698,0.3,12.6865882862958));
#9074=CARTESIAN_POINT('Ctrl Pts',(-3.95856653538287,0.3,12.6942156995553));
#9075=CARTESIAN_POINT('Ctrl Pts',(-3.97923816150371,0.3,12.6977236439539));
#9076=CARTESIAN_POINT('',(-3.86849463885967,0.2,12.6322052647424));
#9077=CARTESIAN_POINT('Ctrl Pts',(-3.80819476550762,0.2,12.4658000637842));
#9078=CARTESIAN_POINT('Ctrl Pts',(-3.80819476550762,0.3,12.4658000637842));
#9079=CARTESIAN_POINT('Ctrl Pts',(-3.81544028958333,0.2,12.500315201151));
#9080=CARTESIAN_POINT('Ctrl Pts',(-3.81544028958333,0.3,12.500315201151));
#9081=CARTESIAN_POINT('Ctrl Pts',(-3.82771381158137,0.2,12.5587819584635));
#9082=CARTESIAN_POINT('Ctrl Pts',(-3.82771381158137,0.3,12.5587819584635));
#9083=CARTESIAN_POINT('Ctrl Pts',(-3.85664331505863,0.2,12.6108677040472));
#9084=CARTESIAN_POINT('Ctrl Pts',(-3.85664331505863,0.3,12.6108677040472));
#9085=CARTESIAN_POINT('Ctrl Pts',(-3.86849463885967,0.2,12.6322052647424));
#9086=CARTESIAN_POINT('Ctrl Pts',(-3.86849463885967,0.3,12.6322052647424));
#9087=CARTESIAN_POINT('',(-3.80819476550762,0.2,12.4658000637842));
#9088=CARTESIAN_POINT('Ctrl Pts',(-3.86849463885967,0.2,12.6322052647424));
#9089=CARTESIAN_POINT('Ctrl Pts',(-3.85664331505863,0.2,12.6108677040472));
#9090=CARTESIAN_POINT('Ctrl Pts',(-3.82771381158137,0.2,12.5587819584635));
#9091=CARTESIAN_POINT('Ctrl Pts',(-3.81544028958333,0.2,12.500315201151));
#9092=CARTESIAN_POINT('Ctrl Pts',(-3.80819476550762,0.2,12.4658000637842));
#9093=CARTESIAN_POINT('',(-3.80819476550762,0.3,12.4658000637842));
#9094=CARTESIAN_POINT('Ctrl Pts',(-3.80819476550762,0.3,12.4658000637842));
#9095=CARTESIAN_POINT('Ctrl Pts',(-3.81544028958333,0.3,12.500315201151));
#9096=CARTESIAN_POINT('Ctrl Pts',(-3.82771381158137,0.3,12.5587819584635));
#9097=CARTESIAN_POINT('Ctrl Pts',(-3.85664331505863,0.3,12.6108677040472));
#9098=CARTESIAN_POINT('Ctrl Pts',(-3.86849463885967,0.3,12.6322052647424));
#9099=CARTESIAN_POINT('',(-3.80819476550762,0.2,12.4658000637842));
#9100=CARTESIAN_POINT('Origin',(-3.74963391727154,0.2,12.1863321234537));
#9101=CARTESIAN_POINT('',(-3.74963391727154,0.2,12.1863321234537));
#9102=CARTESIAN_POINT('',(-3.71277245275531,0.2,12.0104194125519));
#9103=CARTESIAN_POINT('',(-3.74963391727154,0.3,12.1863321234537));
#9104=CARTESIAN_POINT('',(-3.80819476550762,0.3,12.4658000637842));
#9105=CARTESIAN_POINT('',(-3.74963391727154,0.2,12.1863321234537));
#9106=CARTESIAN_POINT('Origin',(-3.58322871631329,0.2,12.1863321234537));
#9107=CARTESIAN_POINT('',(-3.58322871631329,0.2,12.1863321234537));
#9108=CARTESIAN_POINT('',(-2.04161435815664,0.2,12.1863321234537));
#9109=CARTESIAN_POINT('',(-3.58322871631329,0.3,12.1863321234537));
#9110=CARTESIAN_POINT('',(-3.74963391727154,0.3,12.1863321234537));
#9111=CARTESIAN_POINT('',(-3.58322871631329,0.2,12.1863321234537));
#9112=CARTESIAN_POINT('Origin',(-3.66092313235943,0.2,12.558569507773));
#9113=CARTESIAN_POINT('',(-3.66092313235943,0.2,12.558569507773));
#9114=CARTESIAN_POINT('',(-3.58908717249179,0.2,12.214400246171));
#9115=CARTESIAN_POINT('',(-3.66092313235943,0.3,12.558569507773));
#9116=CARTESIAN_POINT('',(-3.58322871631329,0.3,12.1863321234537));
#9117=CARTESIAN_POINT('',(-3.66092313235943,0.2,12.558569507773));
#9118=CARTESIAN_POINT('Ctrl Pts',(-3.67425883716289,0.2,12.6420619656397));
#9119=CARTESIAN_POINT('Ctrl Pts',(-3.67425883716289,0.3,12.6420619656397));
#9120=CARTESIAN_POINT('Ctrl Pts',(-3.67328857870561,0.2,12.6318943139476));
#9121=CARTESIAN_POINT('Ctrl Pts',(-3.67328857870561,0.3,12.6318943139476));
#9122=CARTESIAN_POINT('Ctrl Pts',(-3.67060774137826,0.2,12.6038009538921));
#9123=CARTESIAN_POINT('Ctrl Pts',(-3.67060774137826,0.3,12.6038009538921));
#9124=CARTESIAN_POINT('Ctrl Pts',(-3.66469555720092,0.2,12.5761884153225));
#9125=CARTESIAN_POINT('Ctrl Pts',(-3.66469555720092,0.3,12.5761884153225));
#9126=CARTESIAN_POINT('Ctrl Pts',(-3.66092313235943,0.2,12.558569507773));
#9127=CARTESIAN_POINT('Ctrl Pts',(-3.66092313235943,0.3,12.558569507773));
#9128=CARTESIAN_POINT('',(-3.67425883716289,0.2,12.6420619656397));
#9129=CARTESIAN_POINT('Ctrl Pts',(-3.66092313235943,0.2,12.558569507773));
#9130=CARTESIAN_POINT('Ctrl Pts',(-3.66469555720092,0.2,12.5761884153225));
#9131=CARTESIAN_POINT('Ctrl Pts',(-3.67060774137826,0.2,12.6038009538921));
#9132=CARTESIAN_POINT('Ctrl Pts',(-3.67328857870561,0.2,12.6318943139476));
#9133=CARTESIAN_POINT('Ctrl Pts',(-3.67425883716289,0.2,12.6420619656397));
#9134=CARTESIAN_POINT('',(-3.67425883716289,0.3,12.6420619656397));
#9135=CARTESIAN_POINT('Ctrl Pts',(-3.67425883716289,0.3,12.6420619656397));
#9136=CARTESIAN_POINT('Ctrl Pts',(-3.67328857870561,0.3,12.6318943139476));
#9137=CARTESIAN_POINT('Ctrl Pts',(-3.67060774137826,0.3,12.6038009538921));
#9138=CARTESIAN_POINT('Ctrl Pts',(-3.66469555720092,0.3,12.5761884153225));
#9139=CARTESIAN_POINT('Ctrl Pts',(-3.66092313235943,0.3,12.558569507773));
#9140=CARTESIAN_POINT('',(-3.67425883716289,0.2,12.6420619656397));
#9141=CARTESIAN_POINT('Ctrl Pts',(-3.65773404544537,0.2,12.6820688416315));
#9142=CARTESIAN_POINT('Ctrl Pts',(-3.65773404544537,0.3,12.6820688416315));
#9143=CARTESIAN_POINT('Ctrl Pts',(-3.66255322448152,0.2,12.6764132788837));
#9144=CARTESIAN_POINT('Ctrl Pts',(-3.66255322448152,0.3,12.6764132788837));
#9145=CARTESIAN_POINT('Ctrl Pts',(-3.67237927345392,0.2,12.6648818881407));
#9146=CARTESIAN_POINT('Ctrl Pts',(-3.67237927345392,0.3,12.6648818881407));
#9147=CARTESIAN_POINT('Ctrl Pts',(-3.67362438813195,0.2,12.6497648584163));
#9148=CARTESIAN_POINT('Ctrl Pts',(-3.67362438813195,0.3,12.6497648584163));
#9149=CARTESIAN_POINT('Ctrl Pts',(-3.67425883716289,0.2,12.6420619656397));
#9150=CARTESIAN_POINT('Ctrl Pts',(-3.67425883716289,0.3,12.6420619656397));
#9151=CARTESIAN_POINT('',(-3.65773404544537,0.2,12.6820688416315));
#9152=CARTESIAN_POINT('Ctrl Pts',(-3.67425883716289,0.2,12.6420619656397));
#9153=CARTESIAN_POINT('Ctrl Pts',(-3.67362438813195,0.2,12.6497648584163));
#9154=CARTESIAN_POINT('Ctrl Pts',(-3.67237927345392,0.2,12.6648818881407));
#9155=CARTESIAN_POINT('Ctrl Pts',(-3.66255322448152,0.2,12.6764132788837));
#9156=CARTESIAN_POINT('Ctrl Pts',(-3.65773404544537,0.2,12.6820688416315));
#9157=CARTESIAN_POINT('',(-3.65773404544537,0.3,12.6820688416315));
#9158=CARTESIAN_POINT('Ctrl Pts',(-3.65773404544537,0.3,12.6820688416315));
#9159=CARTESIAN_POINT('Ctrl Pts',(-3.66255322448152,0.3,12.6764132788837));
#9160=CARTESIAN_POINT('Ctrl Pts',(-3.67237927345392,0.3,12.6648818881407));
#9161=CARTESIAN_POINT('Ctrl Pts',(-3.67362438813195,0.3,12.6497648584163));
#9162=CARTESIAN_POINT('Ctrl Pts',(-3.67425883716289,0.3,12.6420619656397));
#9163=CARTESIAN_POINT('',(-3.65773404544537,0.2,12.6820688416315));
#9164=CARTESIAN_POINT('Ctrl Pts',(-3.61221946185772,0.2,12.6977236439539));
#9165=CARTESIAN_POINT('Ctrl Pts',(-3.61221946185772,0.3,12.6977236439539));
#9166=CARTESIAN_POINT('Ctrl Pts',(-3.62114765647689,0.2,12.6972649853596));
#9167=CARTESIAN_POINT('Ctrl Pts',(-3.62114765647689,0.3,12.6972649853596));
#9168=CARTESIAN_POINT('Ctrl Pts',(-3.63788287692916,0.2,12.6964052647761));
#9169=CARTESIAN_POINT('Ctrl Pts',(-3.63788287692916,0.3,12.6964052647761));
#9170=CARTESIAN_POINT('Ctrl Pts',(-3.65141927769261,0.2,12.6866293380319));
#9171=CARTESIAN_POINT('Ctrl Pts',(-3.65141927769261,0.3,12.6866293380319));
#9172=CARTESIAN_POINT('Ctrl Pts',(-3.65773404544537,0.2,12.6820688416315));
#9173=CARTESIAN_POINT('Ctrl Pts',(-3.65773404544537,0.3,12.6820688416315));
#9174=CARTESIAN_POINT('',(-3.61221946185772,0.2,12.6977236439539));
#9175=CARTESIAN_POINT('Ctrl Pts',(-3.65773404544537,0.2,12.6820688416315));
#9176=CARTESIAN_POINT('Ctrl Pts',(-3.65141927769261,0.2,12.6866293380319));
#9177=CARTESIAN_POINT('Ctrl Pts',(-3.63788287692916,0.2,12.6964052647761));
#9178=CARTESIAN_POINT('Ctrl Pts',(-3.62114765647689,0.2,12.6972649853596));
#9179=CARTESIAN_POINT('Ctrl Pts',(-3.61221946185772,0.2,12.6977236439539));
#9180=CARTESIAN_POINT('',(-3.61221946185772,0.3,12.6977236439539));
#9181=CARTESIAN_POINT('Ctrl Pts',(-3.61221946185772,0.3,12.6977236439539));
#9182=CARTESIAN_POINT('Ctrl Pts',(-3.62114765647689,0.3,12.6972649853596));
#9183=CARTESIAN_POINT('Ctrl Pts',(-3.63788287692916,0.3,12.6964052647761));
#9184=CARTESIAN_POINT('Ctrl Pts',(-3.65141927769261,0.3,12.6866293380319));
#9185=CARTESIAN_POINT('Ctrl Pts',(-3.65773404544537,0.3,12.6820688416315));
#9186=CARTESIAN_POINT('',(-3.61221946185772,0.2,12.6977236439539));
#9187=CARTESIAN_POINT('Ctrl Pts',(-3.55597794955913,0.2,12.6814890076471));
#9188=CARTESIAN_POINT('Ctrl Pts',(-3.55597794955913,0.3,12.6814890076471));
#9189=CARTESIAN_POINT('Ctrl Pts',(-3.56530714252721,0.2,12.6862202726411));
#9190=CARTESIAN_POINT('Ctrl Pts',(-3.56530714252721,0.3,12.6862202726411));
#9191=CARTESIAN_POINT('Ctrl Pts',(-3.58304564322501,0.2,12.6952162863033));
#9192=CARTESIAN_POINT('Ctrl Pts',(-3.58304564322501,0.3,12.6952162863033));
#9193=CARTESIAN_POINT('Ctrl Pts',(-3.60283696927852,0.2,12.6969172611883));
#9194=CARTESIAN_POINT('Ctrl Pts',(-3.60283696927852,0.3,12.6969172611883));
#9195=CARTESIAN_POINT('Ctrl Pts',(-3.61221946185772,0.2,12.6977236439539));
#9196=CARTESIAN_POINT('Ctrl Pts',(-3.61221946185772,0.3,12.6977236439539));
#9197=CARTESIAN_POINT('',(-3.55597794955913,0.2,12.6814890076471));
#9198=CARTESIAN_POINT('Ctrl Pts',(-3.61221946185772,0.2,12.6977236439539));
#9199=CARTESIAN_POINT('Ctrl Pts',(-3.60283696927852,0.2,12.6969172611883));
#9200=CARTESIAN_POINT('Ctrl Pts',(-3.58304564322501,0.2,12.6952162863033));
#9201=CARTESIAN_POINT('Ctrl Pts',(-3.56530714252721,0.2,12.6862202726411));
#9202=CARTESIAN_POINT('Ctrl Pts',(-3.55597794955913,0.2,12.6814890076471));
#9203=CARTESIAN_POINT('',(-3.55597794955913,0.3,12.6814890076471));
#9204=CARTESIAN_POINT('Ctrl Pts',(-3.55597794955913,0.3,12.6814890076471));
#9205=CARTESIAN_POINT('Ctrl Pts',(-3.56530714252721,0.3,12.6862202726411));
#9206=CARTESIAN_POINT('Ctrl Pts',(-3.58304564322501,0.3,12.6952162863033));
#9207=CARTESIAN_POINT('Ctrl Pts',(-3.60283696927852,0.3,12.6969172611883));
#9208=CARTESIAN_POINT('Ctrl Pts',(-3.61221946185772,0.3,12.6977236439539));
#9209=CARTESIAN_POINT('',(-3.55597794955913,0.2,12.6814890076471));
#9210=CARTESIAN_POINT('Ctrl Pts',(-3.50524438327496,0.2,12.6368436981989));
#9211=CARTESIAN_POINT('Ctrl Pts',(-3.50524438327496,0.3,12.6368436981989));
#9212=CARTESIAN_POINT('Ctrl Pts',(-3.51269857031953,0.2,12.6457526542297));
#9213=CARTESIAN_POINT('Ctrl Pts',(-3.51269857031953,0.3,12.6457526542297));
#9214=CARTESIAN_POINT('Ctrl Pts',(-3.52732819499537,0.2,12.6632374157744));
#9215=CARTESIAN_POINT('Ctrl Pts',(-3.52732819499537,0.3,12.6632374157744));
#9216=CARTESIAN_POINT('Ctrl Pts',(-3.54655011467713,0.2,12.6754829179919));
#9217=CARTESIAN_POINT('Ctrl Pts',(-3.54655011467713,0.3,12.6754829179919));
#9218=CARTESIAN_POINT('Ctrl Pts',(-3.55597794955913,0.2,12.6814890076471));
#9219=CARTESIAN_POINT('Ctrl Pts',(-3.55597794955913,0.3,12.6814890076471));
#9220=CARTESIAN_POINT('',(-3.50524438327496,0.2,12.6368436981989));
#9221=CARTESIAN_POINT('Ctrl Pts',(-3.55597794955913,0.2,12.6814890076471));
#9222=CARTESIAN_POINT('Ctrl Pts',(-3.54655011467713,0.2,12.6754829179919));
#9223=CARTESIAN_POINT('Ctrl Pts',(-3.52732819499537,0.2,12.6632374157744));
#9224=CARTESIAN_POINT('Ctrl Pts',(-3.51269857031953,0.2,12.6457526542297));
#9225=CARTESIAN_POINT('Ctrl Pts',(-3.50524438327496,0.2,12.6368436981989));
#9226=CARTESIAN_POINT('',(-3.50524438327496,0.3,12.6368436981989));
#9227=CARTESIAN_POINT('Ctrl Pts',(-3.50524438327496,0.3,12.6368436981989));
#9228=CARTESIAN_POINT('Ctrl Pts',(-3.51269857031953,0.3,12.6457526542297));
#9229=CARTESIAN_POINT('Ctrl Pts',(-3.52732819499537,0.3,12.6632374157744));
#9230=CARTESIAN_POINT('Ctrl Pts',(-3.54655011467713,0.3,12.6754829179919));
#9231=CARTESIAN_POINT('Ctrl Pts',(-3.55597794955913,0.3,12.6814890076471));
#9232=CARTESIAN_POINT('',(-3.50524438327496,0.2,12.6368436981989));
#9233=CARTESIAN_POINT('Ctrl Pts',(-3.4678469986314,0.2,12.5637878348184));
#9234=CARTESIAN_POINT('Ctrl Pts',(-3.4678469986314,0.3,12.5637878348184));
#9235=CARTESIAN_POINT('Ctrl Pts',(-3.47302637822604,0.2,12.5776001156695));
#9236=CARTESIAN_POINT('Ctrl Pts',(-3.47302637822604,0.3,12.5776001156695));
#9237=CARTESIAN_POINT('Ctrl Pts',(-3.48270107722517,0.2,12.6034004373652));
#9238=CARTESIAN_POINT('Ctrl Pts',(-3.48270107722517,0.3,12.6034004373652));
#9239=CARTESIAN_POINT('Ctrl Pts',(-3.49809270864474,0.2,12.6262341044007));
#9240=CARTESIAN_POINT('Ctrl Pts',(-3.49809270864474,0.3,12.6262341044007));
#9241=CARTESIAN_POINT('Ctrl Pts',(-3.50524438327496,0.2,12.6368436981989));
#9242=CARTESIAN_POINT('Ctrl Pts',(-3.50524438327496,0.3,12.6368436981989));
#9243=CARTESIAN_POINT('',(-3.4678469986314,0.2,12.5637878348184));
#9244=CARTESIAN_POINT('Ctrl Pts',(-3.50524438327496,0.2,12.6368436981989));
#9245=CARTESIAN_POINT('Ctrl Pts',(-3.49809270864474,0.2,12.6262341044007));
#9246=CARTESIAN_POINT('Ctrl Pts',(-3.48270107722517,0.2,12.6034004373652));
#9247=CARTESIAN_POINT('Ctrl Pts',(-3.47302637822604,0.2,12.5776001156695));
#9248=CARTESIAN_POINT('Ctrl Pts',(-3.4678469986314,0.2,12.5637878348184));
#9249=CARTESIAN_POINT('',(-3.4678469986314,0.3,12.5637878348184));
#9250=CARTESIAN_POINT('Ctrl Pts',(-3.4678469986314,0.3,12.5637878348184));
#9251=CARTESIAN_POINT('Ctrl Pts',(-3.47302637822604,0.3,12.5776001156695));
#9252=CARTESIAN_POINT('Ctrl Pts',(-3.48270107722517,0.3,12.6034004373652));
#9253=CARTESIAN_POINT('Ctrl Pts',(-3.49809270864474,0.3,12.6262341044007));
#9254=CARTESIAN_POINT('Ctrl Pts',(-3.50524438327496,0.3,12.6368436981989));
#9255=CARTESIAN_POINT('',(-3.4678469986314,0.2,12.5637878348184));
#9256=CARTESIAN_POINT('Ctrl Pts',(-3.44523442691509,0.2,12.4692789484811));
#9257=CARTESIAN_POINT('Ctrl Pts',(-3.44523442691509,0.3,12.4692789484811));
#9258=CARTESIAN_POINT('Ctrl Pts',(-3.44945631909161,0.2,12.4894939425509));
#9259=CARTESIAN_POINT('Ctrl Pts',(-3.44945631909161,0.3,12.4894939425509));
#9260=CARTESIAN_POINT('Ctrl Pts',(-3.45608241755587,0.2,12.5212206033844));
#9261=CARTESIAN_POINT('Ctrl Pts',(-3.45608241755587,0.3,12.5212206033844));
#9262=CARTESIAN_POINT('Ctrl Pts',(-3.46471482529161,0.2,12.5524548390585));
#9263=CARTESIAN_POINT('Ctrl Pts',(-3.46471482529161,0.3,12.5524548390585));
#9264=CARTESIAN_POINT('Ctrl Pts',(-3.4678469986314,0.2,12.5637878348184));
#9265=CARTESIAN_POINT('Ctrl Pts',(-3.4678469986314,0.3,12.5637878348184));
#9266=CARTESIAN_POINT('',(-3.44523442691509,0.2,12.4692789484811));
#9267=CARTESIAN_POINT('Ctrl Pts',(-3.4678469986314,0.2,12.5637878348184));
#9268=CARTESIAN_POINT('Ctrl Pts',(-3.46471482529161,0.2,12.5524548390585));
#9269=CARTESIAN_POINT('Ctrl Pts',(-3.45608241755587,0.2,12.5212206033844));
#9270=CARTESIAN_POINT('Ctrl Pts',(-3.44945631909161,0.2,12.4894939425509));
#9271=CARTESIAN_POINT('Ctrl Pts',(-3.44523442691509,0.2,12.4692789484811));
#9272=CARTESIAN_POINT('',(-3.44523442691509,0.3,12.4692789484811));
#9273=CARTESIAN_POINT('Ctrl Pts',(-3.44523442691509,0.3,12.4692789484811));
#9274=CARTESIAN_POINT('Ctrl Pts',(-3.44945631909161,0.3,12.4894939425509));
#9275=CARTESIAN_POINT('Ctrl Pts',(-3.45608241755587,0.3,12.5212206033844));
#9276=CARTESIAN_POINT('Ctrl Pts',(-3.46471482529161,0.3,12.5524548390585));
#9277=CARTESIAN_POINT('Ctrl Pts',(-3.4678469986314,0.3,12.5637878348184));
#9278=CARTESIAN_POINT('',(-3.44523442691509,0.2,12.4692789484811));
#9279=CARTESIAN_POINT('Origin',(-3.38609374469463,0.2,12.1863321234537));
#9280=CARTESIAN_POINT('',(-3.38609374469463,0.2,12.1863321234537));
#9281=CARTESIAN_POINT('',(-3.35709753047856,0.2,12.0476055068132));
#9282=CARTESIAN_POINT('',(-3.38609374469463,0.3,12.1863321234537));
#9283=CARTESIAN_POINT('',(-3.44523442691509,0.3,12.4692789484811));
#9284=CARTESIAN_POINT('',(-3.38609374469463,0.2,12.1863321234537));
#9285=CARTESIAN_POINT('Origin',(-3.21968854373638,0.2,12.1863321234537));
#9286=CARTESIAN_POINT('',(-3.21968854373638,0.2,12.1863321234537));
#9287=CARTESIAN_POINT('',(-1.85984427186819,0.2,12.1863321234537));
#9288=CARTESIAN_POINT('',(-3.21968854373638,0.3,12.1863321234537));
#9289=CARTESIAN_POINT('',(-3.38609374469463,0.3,12.1863321234537));
#9290=CARTESIAN_POINT('',(-3.21968854373638,0.2,12.1863321234537));
#9291=CARTESIAN_POINT('Origin',(-3.34840596622173,0.2,12.802089290793));
#9292=CARTESIAN_POINT('',(-3.25852527426091,0.2,12.3721189013021));
#9293=CARTESIAN_POINT('',(-3.21968854373638,0.3,12.1863321234537));
#9294=CARTESIAN_POINT('Origin',(-1.37734552068953,0.3,12.6110421885801));
#9295=CARTESIAN_POINT('Origin',(-2.43520701831524,0.2,12.4658000637842));
#9296=CARTESIAN_POINT('',(-2.25894511645977,0.2,12.4924712945772));
#9297=CARTESIAN_POINT('',(-2.43520701831524,0.2,12.4658000637842));
#9298=CARTESIAN_POINT('',(-1.48673275829373,0.2,12.6093193134006));
#9299=CARTESIAN_POINT('',(-2.25894511645977,0.3,12.4924712945772));
#9300=CARTESIAN_POINT('',(-2.25894511645977,0.2,12.4924712945772));
#9301=CARTESIAN_POINT('',(-2.43520701831524,0.3,12.4658000637842));
#9302=CARTESIAN_POINT('',(-2.25894511645977,0.3,12.4924712945772));
#9303=CARTESIAN_POINT('',(-2.43520701831524,0.2,12.4658000637842));
#9304=CARTESIAN_POINT('Ctrl Pts',(-2.28039802020733,0.2,12.2469221522165));
#9305=CARTESIAN_POINT('Ctrl Pts',(-2.28039802020733,0.3,12.2469221522165));
#9306=CARTESIAN_POINT('Ctrl Pts',(-2.31300352755077,0.2,12.2759755117622));
#9307=CARTESIAN_POINT('Ctrl Pts',(-2.31300352755077,0.3,12.2759755117622));
#9308=CARTESIAN_POINT('Ctrl Pts',(-2.38137447197236,0.2,12.3368979077807));
#9309=CARTESIAN_POINT('Ctrl Pts',(-2.38137447197236,0.3,12.3368979077807));
#9310=CARTESIAN_POINT('Ctrl Pts',(-2.41671833528963,0.2,12.4215288697655));
#9311=CARTESIAN_POINT('Ctrl Pts',(-2.41671833528963,0.3,12.4215288697655));
#9312=CARTESIAN_POINT('Ctrl Pts',(-2.43520701831524,0.2,12.4658000637842));
#9313=CARTESIAN_POINT('Ctrl Pts',(-2.43520701831524,0.3,12.4658000637842));
#9314=CARTESIAN_POINT('',(-2.28039802020733,0.2,12.2469221522165));
#9315=CARTESIAN_POINT('Ctrl Pts',(-2.43520701831524,0.2,12.4658000637842));
#9316=CARTESIAN_POINT('Ctrl Pts',(-2.41671833528963,0.2,12.4215288697655));
#9317=CARTESIAN_POINT('Ctrl Pts',(-2.38137447197236,0.2,12.3368979077807));
#9318=CARTESIAN_POINT('Ctrl Pts',(-2.31300352755077,0.2,12.2759755117622));
#9319=CARTESIAN_POINT('Ctrl Pts',(-2.28039802020733,0.2,12.2469221522165));
#9320=CARTESIAN_POINT('',(-2.28039802020733,0.3,12.2469221522165));
#9321=CARTESIAN_POINT('Ctrl Pts',(-2.28039802020733,0.3,12.2469221522165));
#9322=CARTESIAN_POINT('Ctrl Pts',(-2.31300352755077,0.3,12.2759755117622));
#9323=CARTESIAN_POINT('Ctrl Pts',(-2.38137447197236,0.3,12.3368979077807));
#9324=CARTESIAN_POINT('Ctrl Pts',(-2.41671833528963,0.3,12.4215288697655));
#9325=CARTESIAN_POINT('Ctrl Pts',(-2.43520701831524,0.3,12.4658000637842));
#9326=CARTESIAN_POINT('',(-2.28039802020733,0.2,12.2469221522165));
#9327=CARTESIAN_POINT('Ctrl Pts',(-2.03861773914043,0.2,12.1712570359064));
#9328=CARTESIAN_POINT('Ctrl Pts',(-2.03861773914043,0.3,12.1712570359064));
#9329=CARTESIAN_POINT('Ctrl Pts',(-2.0829490550583,0.2,12.1741304296486));
#9330=CARTESIAN_POINT('Ctrl Pts',(-2.0829490550583,0.3,12.1741304296486));
#9331=CARTESIAN_POINT('Ctrl Pts',(-2.16975039628957,0.2,12.1797565750844));
#9332=CARTESIAN_POINT('Ctrl Pts',(-2.16975039628957,0.3,12.1797565750844));
#9333=CARTESIAN_POINT('Ctrl Pts',(-2.24404652556268,0.2,12.224855983681));
#9334=CARTESIAN_POINT('Ctrl Pts',(-2.24404652556268,0.3,12.224855983681));
#9335=CARTESIAN_POINT('Ctrl Pts',(-2.28039802020733,0.2,12.2469221522165));
#9336=CARTESIAN_POINT('Ctrl Pts',(-2.28039802020733,0.3,12.2469221522165));
#9337=CARTESIAN_POINT('',(-2.03861773914043,0.2,12.1712570359064));
#9338=CARTESIAN_POINT('Ctrl Pts',(-2.28039802020733,0.2,12.2469221522165));
#9339=CARTESIAN_POINT('Ctrl Pts',(-2.24404652556268,0.2,12.224855983681));
#9340=CARTESIAN_POINT('Ctrl Pts',(-2.16975039628957,0.2,12.1797565750844));
#9341=CARTESIAN_POINT('Ctrl Pts',(-2.0829490550583,0.2,12.1741304296486));
#9342=CARTESIAN_POINT('Ctrl Pts',(-2.03861773914043,0.2,12.1712570359064));
#9343=CARTESIAN_POINT('',(-2.03861773914043,0.3,12.1712570359064));
#9344=CARTESIAN_POINT('Ctrl Pts',(-2.03861773914043,0.3,12.1712570359064));
#9345=CARTESIAN_POINT('Ctrl Pts',(-2.0829490550583,0.3,12.1741304296486));
#9346=CARTESIAN_POINT('Ctrl Pts',(-2.16975039628957,0.3,12.1797565750844));
#9347=CARTESIAN_POINT('Ctrl Pts',(-2.24404652556268,0.3,12.224855983681));
#9348=CARTESIAN_POINT('Ctrl Pts',(-2.28039802020733,0.3,12.2469221522165));
#9349=CARTESIAN_POINT('',(-2.03861773914043,0.2,12.1712570359064));
#9350=CARTESIAN_POINT('Ctrl Pts',(-1.79480803912823,0.2,12.2651861478639));
#9351=CARTESIAN_POINT('Ctrl Pts',(-1.79480803912823,0.3,12.2651861478639));
#9352=CARTESIAN_POINT('Ctrl Pts',(-1.82821371669004,0.2,12.2378122416261));
#9353=CARTESIAN_POINT('Ctrl Pts',(-1.82821371669004,0.3,12.2378122416261));
#9354=CARTESIAN_POINT('Ctrl Pts',(-1.8988776322289,0.2,12.1799074919085));
#9355=CARTESIAN_POINT('Ctrl Pts',(-1.8988776322289,0.3,12.1799074919085));
#9356=CARTESIAN_POINT('Ctrl Pts',(-1.99037490864983,0.2,12.1742434547077));
#9357=CARTESIAN_POINT('Ctrl Pts',(-1.99037490864983,0.3,12.1742434547077));
#9358=CARTESIAN_POINT('Ctrl Pts',(-2.03861773914043,0.2,12.1712570359064));
#9359=CARTESIAN_POINT('Ctrl Pts',(-2.03861773914043,0.3,12.1712570359064));
#9360=CARTESIAN_POINT('',(-1.79480803912823,0.2,12.2651861478639));
#9361=CARTESIAN_POINT('Ctrl Pts',(-2.03861773914043,0.2,12.1712570359064));
#9362=CARTESIAN_POINT('Ctrl Pts',(-1.99037490864983,0.2,12.1742434547077));
#9363=CARTESIAN_POINT('Ctrl Pts',(-1.8988776322289,0.2,12.1799074919085));
#9364=CARTESIAN_POINT('Ctrl Pts',(-1.82821371669004,0.2,12.2378122416261));
#9365=CARTESIAN_POINT('Ctrl Pts',(-1.79480803912823,0.2,12.2651861478639));
#9366=CARTESIAN_POINT('',(-1.79480803912823,0.3,12.2651861478639));
#9367=CARTESIAN_POINT('Ctrl Pts',(-1.79480803912823,0.3,12.2651861478639));
#9368=CARTESIAN_POINT('Ctrl Pts',(-1.82821371669004,0.3,12.2378122416261));
#9369=CARTESIAN_POINT('Ctrl Pts',(-1.8988776322289,0.3,12.1799074919085));
#9370=CARTESIAN_POINT('Ctrl Pts',(-1.99037490864983,0.3,12.1742434547077));
#9371=CARTESIAN_POINT('Ctrl Pts',(-2.03861773914043,0.3,12.1712570359064));
#9372=CARTESIAN_POINT('',(-1.79480803912823,0.2,12.2651861478639));
#9373=CARTESIAN_POINT('Ctrl Pts',(-1.70696700519268,0.2,12.5376963784052));
#9374=CARTESIAN_POINT('Ctrl Pts',(-1.70696700519268,0.3,12.5376963784052));
#9375=CARTESIAN_POINT('Ctrl Pts',(-1.70910813563297,0.2,12.4834540861272));
#9376=CARTESIAN_POINT('Ctrl Pts',(-1.70910813563297,0.3,12.4834540861272));
#9377=CARTESIAN_POINT('Ctrl Pts',(-1.71303572226835,0.2,12.3839546356435));
#9378=CARTESIAN_POINT('Ctrl Pts',(-1.71303572226835,0.3,12.3839546356435));
#9379=CARTESIAN_POINT('Ctrl Pts',(-1.76924248661577,0.2,12.3023182987893));
#9380=CARTESIAN_POINT('Ctrl Pts',(-1.76924248661577,0.3,12.3023182987893));
#9381=CARTESIAN_POINT('Ctrl Pts',(-1.79480803912823,0.2,12.2651861478639));
#9382=CARTESIAN_POINT('Ctrl Pts',(-1.79480803912823,0.3,12.2651861478639));
#9383=CARTESIAN_POINT('',(-1.70696700519268,0.2,12.5376963784052));
#9384=CARTESIAN_POINT('Ctrl Pts',(-1.79480803912823,0.2,12.2651861478639));
#9385=CARTESIAN_POINT('Ctrl Pts',(-1.76924248661577,0.2,12.3023182987893));
#9386=CARTESIAN_POINT('Ctrl Pts',(-1.71303572226835,0.2,12.3839546356435));
#9387=CARTESIAN_POINT('Ctrl Pts',(-1.70910813563297,0.2,12.4834540861272));
#9388=CARTESIAN_POINT('Ctrl Pts',(-1.70696700519268,0.2,12.5376963784052));
#9389=CARTESIAN_POINT('',(-1.70696700519268,0.3,12.5376963784052));
#9390=CARTESIAN_POINT('Ctrl Pts',(-1.70696700519268,0.3,12.5376963784052));
#9391=CARTESIAN_POINT('Ctrl Pts',(-1.70910813563297,0.3,12.4834540861272));
#9392=CARTESIAN_POINT('Ctrl Pts',(-1.71303572226835,0.3,12.3839546356435));
#9393=CARTESIAN_POINT('Ctrl Pts',(-1.76924248661577,0.3,12.3023182987893));
#9394=CARTESIAN_POINT('Ctrl Pts',(-1.79480803912823,0.3,12.2651861478639));
#9395=CARTESIAN_POINT('',(-1.70696700519268,0.2,12.5376963784052));
#9396=CARTESIAN_POINT('Ctrl Pts',(-1.76581753200237,0.2,12.8029590417696));
#9397=CARTESIAN_POINT('Ctrl Pts',(-1.76581753200237,0.3,12.8029590417696));
#9398=CARTESIAN_POINT('Ctrl Pts',(-1.74865479278169,0.2,12.7613517641771));
#9399=CARTESIAN_POINT('Ctrl Pts',(-1.74865479278169,0.3,12.7613517641771));
#9400=CARTESIAN_POINT('Ctrl Pts',(-1.7136095266183,0.2,12.6763922423423));
#9401=CARTESIAN_POINT('Ctrl Pts',(-1.7136095266183,0.3,12.6763922423423));
#9402=CARTESIAN_POINT('Ctrl Pts',(-1.70921129049895,0.2,12.5845570611986));
#9403=CARTESIAN_POINT('Ctrl Pts',(-1.70921129049895,0.3,12.5845570611986));
#9404=CARTESIAN_POINT('Ctrl Pts',(-1.70696700519268,0.2,12.5376963784052));
#9405=CARTESIAN_POINT('Ctrl Pts',(-1.70696700519268,0.3,12.5376963784052));
#9406=CARTESIAN_POINT('',(-1.76581753200237,0.2,12.8029590417696));
#9407=CARTESIAN_POINT('Ctrl Pts',(-1.70696700519268,0.2,12.5376963784052));
#9408=CARTESIAN_POINT('Ctrl Pts',(-1.70921129049895,0.2,12.5845570611986));
#9409=CARTESIAN_POINT('Ctrl Pts',(-1.7136095266183,0.2,12.6763922423423));
#9410=CARTESIAN_POINT('Ctrl Pts',(-1.74865479278169,0.2,12.7613517641771));
#9411=CARTESIAN_POINT('Ctrl Pts',(-1.76581753200237,0.2,12.8029590417696));
#9412=CARTESIAN_POINT('',(-1.76581753200237,0.3,12.8029590417696));
#9413=CARTESIAN_POINT('Ctrl Pts',(-1.76581753200237,0.3,12.8029590417696));
#9414=CARTESIAN_POINT('Ctrl Pts',(-1.74865479278169,0.3,12.7613517641771));
#9415=CARTESIAN_POINT('Ctrl Pts',(-1.7136095266183,0.3,12.6763922423423));
#9416=CARTESIAN_POINT('Ctrl Pts',(-1.70921129049895,0.3,12.5845570611986));
#9417=CARTESIAN_POINT('Ctrl Pts',(-1.70696700519268,0.3,12.5376963784052));
#9418=CARTESIAN_POINT('',(-1.76581753200237,0.2,12.8029590417696));
#9419=CARTESIAN_POINT('Ctrl Pts',(-1.92903388446514,0.2,12.9870484043909));
#9420=CARTESIAN_POINT('Ctrl Pts',(-1.92903388446514,0.3,12.9870484043909));
#9421=CARTESIAN_POINT('Ctrl Pts',(-1.89591880634587,0.2,12.9629702629142));
#9422=CARTESIAN_POINT('Ctrl Pts',(-1.89591880634587,0.3,12.9629702629142));
#9423=CARTESIAN_POINT('Ctrl Pts',(-1.82805370769053,0.2,12.9136252050266));
#9424=CARTESIAN_POINT('Ctrl Pts',(-1.82805370769053,0.3,12.9136252050266));
#9425=CARTESIAN_POINT('Ctrl Pts',(-1.78689345531944,0.2,12.8404355021209));
#9426=CARTESIAN_POINT('Ctrl Pts',(-1.78689345531944,0.3,12.8404355021209));
#9427=CARTESIAN_POINT('Ctrl Pts',(-1.76581753200237,0.2,12.8029590417696));
#9428=CARTESIAN_POINT('Ctrl Pts',(-1.76581753200237,0.3,12.8029590417696));
#9429=CARTESIAN_POINT('',(-1.92903388446514,0.2,12.9870484043909));
#9430=CARTESIAN_POINT('Ctrl Pts',(-1.76581753200237,0.2,12.8029590417696));
#9431=CARTESIAN_POINT('Ctrl Pts',(-1.78689345531944,0.2,12.8404355021209));
#9432=CARTESIAN_POINT('Ctrl Pts',(-1.82805370769053,0.2,12.9136252050266));
#9433=CARTESIAN_POINT('Ctrl Pts',(-1.89591880634587,0.2,12.9629702629142));
#9434=CARTESIAN_POINT('Ctrl Pts',(-1.92903388446514,0.2,12.9870484043909));
#9435=CARTESIAN_POINT('',(-1.92903388446514,0.3,12.9870484043909));
#9436=CARTESIAN_POINT('Ctrl Pts',(-1.92903388446514,0.3,12.9870484043909));
#9437=CARTESIAN_POINT('Ctrl Pts',(-1.89591880634587,0.3,12.9629702629142));
#9438=CARTESIAN_POINT('Ctrl Pts',(-1.82805370769053,0.3,12.9136252050266));
#9439=CARTESIAN_POINT('Ctrl Pts',(-1.78689345531944,0.3,12.8404355021209));
#9440=CARTESIAN_POINT('Ctrl Pts',(-1.76581753200237,0.3,12.8029590417696));
#9441=CARTESIAN_POINT('',(-1.92903388446514,0.2,12.9870484043909));
#9442=CARTESIAN_POINT('Ctrl Pts',(-2.1563190311784,0.2,13.0508273412538));
#9443=CARTESIAN_POINT('Ctrl Pts',(-2.1563190311784,0.3,13.0508273412538));
#9444=CARTESIAN_POINT('Ctrl Pts',(-2.11614190135157,0.2,13.0481838600337));
#9445=CARTESIAN_POINT('Ctrl Pts',(-2.11614190135157,0.3,13.0481838600337));
#9446=CARTESIAN_POINT('Ctrl Pts',(-2.03589293340121,0.2,13.0429038253317));
#9447=CARTESIAN_POINT('Ctrl Pts',(-2.03589293340121,0.3,13.0429038253317));
#9448=CARTESIAN_POINT('Ctrl Pts',(-1.96462239696539,0.2,13.0056505851716));
#9449=CARTESIAN_POINT('Ctrl Pts',(-1.96462239696539,0.3,13.0056505851716));
#9450=CARTESIAN_POINT('Ctrl Pts',(-1.92903388446514,0.2,12.9870484043909));
#9451=CARTESIAN_POINT('Ctrl Pts',(-1.92903388446514,0.3,12.9870484043909));
#9452=CARTESIAN_POINT('',(-2.1563190311784,0.2,13.0508273412538));
#9453=CARTESIAN_POINT('Ctrl Pts',(-1.92903388446514,0.2,12.9870484043909));
#9454=CARTESIAN_POINT('Ctrl Pts',(-1.96462239696539,0.2,13.0056505851716));
#9455=CARTESIAN_POINT('Ctrl Pts',(-2.03589293340121,0.2,13.0429038253317));
#9456=CARTESIAN_POINT('Ctrl Pts',(-2.11614190135157,0.2,13.0481838600337));
#9457=CARTESIAN_POINT('Ctrl Pts',(-2.1563190311784,0.2,13.0508273412538));
#9458=CARTESIAN_POINT('',(-2.1563190311784,0.3,13.0508273412538));
#9459=CARTESIAN_POINT('Ctrl Pts',(-2.1563190311784,0.3,13.0508273412538));
#9460=CARTESIAN_POINT('Ctrl Pts',(-2.11614190135157,0.3,13.0481838600337));
#9461=CARTESIAN_POINT('Ctrl Pts',(-2.03589293340121,0.3,13.0429038253317));
#9462=CARTESIAN_POINT('Ctrl Pts',(-1.96462239696539,0.3,13.0056505851716));
#9463=CARTESIAN_POINT('Ctrl Pts',(-1.92903388446514,0.3,12.9870484043909));
#9464=CARTESIAN_POINT('',(-2.1563190311784,0.2,13.0508273412538));
#9465=CARTESIAN_POINT('Ctrl Pts',(-2.37954534000103,0.2,12.9769017268968));
#9466=CARTESIAN_POINT('Ctrl Pts',(-2.37954534000103,0.3,12.9769017268968));
#9467=CARTESIAN_POINT('Ctrl Pts',(-2.34778685229966,0.2,12.9984455752766));
#9468=CARTESIAN_POINT('Ctrl Pts',(-2.34778685229966,0.3,12.9984455752766));
#9469=CARTESIAN_POINT('Ctrl Pts',(-2.28055890328167,0.2,13.044050666871));
#9470=CARTESIAN_POINT('Ctrl Pts',(-2.28055890328167,0.3,13.044050666871));
#9471=CARTESIAN_POINT('Ctrl Pts',(-2.19922879222486,0.2,13.0484868246907));
#9472=CARTESIAN_POINT('Ctrl Pts',(-2.19922879222486,0.3,13.0484868246907));
#9473=CARTESIAN_POINT('Ctrl Pts',(-2.1563190311784,0.2,13.0508273412538));
#9474=CARTESIAN_POINT('Ctrl Pts',(-2.1563190311784,0.3,13.0508273412538));
#9475=CARTESIAN_POINT('',(-2.37954534000103,0.2,12.9769017268968));
#9476=CARTESIAN_POINT('Ctrl Pts',(-2.1563190311784,0.2,13.0508273412538));
#9477=CARTESIAN_POINT('Ctrl Pts',(-2.19922879222486,0.2,13.0484868246907));
#9478=CARTESIAN_POINT('Ctrl Pts',(-2.28055890328167,0.2,13.044050666871));
#9479=CARTESIAN_POINT('Ctrl Pts',(-2.34778685229966,0.2,12.9984455752766));
#9480=CARTESIAN_POINT('Ctrl Pts',(-2.37954534000103,0.2,12.9769017268968));
#9481=CARTESIAN_POINT('',(-2.37954534000103,0.3,12.9769017268968));
#9482=CARTESIAN_POINT('Ctrl Pts',(-2.37954534000103,0.3,12.9769017268968));
#9483=CARTESIAN_POINT('Ctrl Pts',(-2.34778685229966,0.3,12.9984455752766));
#9484=CARTESIAN_POINT('Ctrl Pts',(-2.28055890328167,0.3,13.044050666871));
#9485=CARTESIAN_POINT('Ctrl Pts',(-2.19922879222486,0.3,13.0484868246907));
#9486=CARTESIAN_POINT('Ctrl Pts',(-2.1563190311784,0.3,13.0508273412538));
#9487=CARTESIAN_POINT('',(-2.37954534000103,0.2,12.9769017268968));
#9488=CARTESIAN_POINT('Ctrl Pts',(-2.47985232776348,0.2,12.77541806));
#9489=CARTESIAN_POINT('Ctrl Pts',(-2.47985232776348,0.3,12.77541806));
#9490=CARTESIAN_POINT('Ctrl Pts',(-2.47244372845601,0.2,12.8152219537369));
#9491=CARTESIAN_POINT('Ctrl Pts',(-2.47244372845601,0.3,12.8152219537369));
#9492=CARTESIAN_POINT('Ctrl Pts',(-2.45813956846081,0.2,12.8920733585456));
#9493=CARTESIAN_POINT('Ctrl Pts',(-2.45813956846081,0.3,12.8920733585456));
#9494=CARTESIAN_POINT('Ctrl Pts',(-2.40510941606387,0.2,12.9493098934592));
#9495=CARTESIAN_POINT('Ctrl Pts',(-2.40510941606387,0.3,12.9493098934592));
#9496=CARTESIAN_POINT('Ctrl Pts',(-2.37954534000103,0.2,12.9769017268968));
#9497=CARTESIAN_POINT('Ctrl Pts',(-2.37954534000103,0.3,12.9769017268968));
#9498=CARTESIAN_POINT('',(-2.47985232776348,0.2,12.77541806));
#9499=CARTESIAN_POINT('Ctrl Pts',(-2.37954534000103,0.2,12.9769017268968));
#9500=CARTESIAN_POINT('Ctrl Pts',(-2.40510941606387,0.2,12.9493098934592));
#9501=CARTESIAN_POINT('Ctrl Pts',(-2.45813956846081,0.2,12.8920733585456));
#9502=CARTESIAN_POINT('Ctrl Pts',(-2.47244372845601,0.2,12.8152219537369));
#9503=CARTESIAN_POINT('Ctrl Pts',(-2.47985232776348,0.2,12.77541806));
#9504=CARTESIAN_POINT('',(-2.47985232776348,0.3,12.77541806));
#9505=CARTESIAN_POINT('Ctrl Pts',(-2.47985232776348,0.3,12.77541806));
#9506=CARTESIAN_POINT('Ctrl Pts',(-2.47244372845601,0.3,12.8152219537369));
#9507=CARTESIAN_POINT('Ctrl Pts',(-2.45813956846081,0.3,12.8920733585456));
#9508=CARTESIAN_POINT('Ctrl Pts',(-2.40510941606387,0.3,12.9493098934592));
#9509=CARTESIAN_POINT('Ctrl Pts',(-2.37954534000103,0.3,12.9769017268968));
#9510=CARTESIAN_POINT('',(-2.47985232776348,0.2,12.77541806));
#9511=CARTESIAN_POINT('Origin',(-2.31228769725506,0.2,12.7591834236932));
#9512=CARTESIAN_POINT('',(-2.31228769725506,0.2,12.7591834236932));
#9513=CARTESIAN_POINT('',(-1.40213175758066,0.2,12.6710022209047));
#9514=CARTESIAN_POINT('',(-2.31228769725506,0.3,12.7591834236932));
#9515=CARTESIAN_POINT('',(-2.47985232776348,0.3,12.77541806));
#9516=CARTESIAN_POINT('',(-2.31228769725506,0.2,12.7591834236932));
#9517=CARTESIAN_POINT('Ctrl Pts',(-2.25865519946758,0.2,12.8667379786325));
#9518=CARTESIAN_POINT('Ctrl Pts',(-2.25865519946758,0.3,12.8667379786325));
#9519=CARTESIAN_POINT('Ctrl Pts',(-2.27099073869844,0.2,12.8528679081433));
#9520=CARTESIAN_POINT('Ctrl Pts',(-2.27099073869844,0.3,12.8528679081433));
#9521=CARTESIAN_POINT('Ctrl Pts',(-2.29844146774294,0.2,12.8220023302628));
#9522=CARTESIAN_POINT('Ctrl Pts',(-2.29844146774294,0.3,12.8220023302628));
#9523=CARTESIAN_POINT('Ctrl Pts',(-2.30737089073723,0.2,12.7814904646818));
#9524=CARTESIAN_POINT('Ctrl Pts',(-2.30737089073723,0.3,12.7814904646818));
#9525=CARTESIAN_POINT('Ctrl Pts',(-2.31228769725506,0.2,12.7591834236932));
#9526=CARTESIAN_POINT('Ctrl Pts',(-2.31228769725506,0.3,12.7591834236932));
#9527=CARTESIAN_POINT('',(-2.25865519946758,0.2,12.8667379786325));
#9528=CARTESIAN_POINT('Ctrl Pts',(-2.31228769725506,0.2,12.7591834236932));
#9529=CARTESIAN_POINT('Ctrl Pts',(-2.30737089073723,0.2,12.7814904646818));
#9530=CARTESIAN_POINT('Ctrl Pts',(-2.29844146774294,0.2,12.8220023302628));
#9531=CARTESIAN_POINT('Ctrl Pts',(-2.27099073869844,0.2,12.8528679081433));
#9532=CARTESIAN_POINT('Ctrl Pts',(-2.25865519946758,0.2,12.8667379786325));
#9533=CARTESIAN_POINT('',(-2.25865519946758,0.3,12.8667379786325));
#9534=CARTESIAN_POINT('Ctrl Pts',(-2.25865519946758,0.3,12.8667379786325));
#9535=CARTESIAN_POINT('Ctrl Pts',(-2.27099073869844,0.3,12.8528679081433));
#9536=CARTESIAN_POINT('Ctrl Pts',(-2.29844146774294,0.3,12.8220023302628));
#9537=CARTESIAN_POINT('Ctrl Pts',(-2.30737089073723,0.3,12.7814904646818));
#9538=CARTESIAN_POINT('Ctrl Pts',(-2.31228769725506,0.3,12.7591834236932));
#9539=CARTESIAN_POINT('',(-2.25865519946758,0.2,12.8667379786325));
#9540=CARTESIAN_POINT('Ctrl Pts',(-2.15284026569073,0.2,12.9000770022226));
#9541=CARTESIAN_POINT('Ctrl Pts',(-2.15284026569073,0.3,12.9000770022226));
#9542=CARTESIAN_POINT('Ctrl Pts',(-2.17326382556956,0.2,12.8990942923687));
#9543=CARTESIAN_POINT('Ctrl Pts',(-2.17326382556956,0.3,12.8990942923687));
#9544=CARTESIAN_POINT('Ctrl Pts',(-2.21157762628339,0.2,12.8972507670615));
#9545=CARTESIAN_POINT('Ctrl Pts',(-2.21157762628339,0.3,12.8972507670615));
#9546=CARTESIAN_POINT('Ctrl Pts',(-2.24366999379584,0.2,12.8764504676013));
#9547=CARTESIAN_POINT('Ctrl Pts',(-2.24366999379584,0.3,12.8764504676013));
#9548=CARTESIAN_POINT('Ctrl Pts',(-2.25865519946758,0.2,12.8667379786325));
#9549=CARTESIAN_POINT('Ctrl Pts',(-2.25865519946758,0.3,12.8667379786325));
#9550=CARTESIAN_POINT('',(-2.15284026569073,0.2,12.9000770022226));
#9551=CARTESIAN_POINT('Ctrl Pts',(-2.25865519946758,0.2,12.8667379786325));
#9552=CARTESIAN_POINT('Ctrl Pts',(-2.24366999379584,0.2,12.8764504676013));
#9553=CARTESIAN_POINT('Ctrl Pts',(-2.21157762628339,0.2,12.8972507670615));
#9554=CARTESIAN_POINT('Ctrl Pts',(-2.17326382556956,0.2,12.8990942923687));
#9555=CARTESIAN_POINT('Ctrl Pts',(-2.15284026569073,0.2,12.9000770022226));
#9556=CARTESIAN_POINT('',(-2.15284026569073,0.3,12.9000770022226));
#9557=CARTESIAN_POINT('Ctrl Pts',(-2.15284026569073,0.3,12.9000770022226));
#9558=CARTESIAN_POINT('Ctrl Pts',(-2.17326382556956,0.3,12.8990942923687));
#9559=CARTESIAN_POINT('Ctrl Pts',(-2.21157762628339,0.3,12.8972507670615));
#9560=CARTESIAN_POINT('Ctrl Pts',(-2.24366999379584,0.3,12.8764504676013));
#9561=CARTESIAN_POINT('Ctrl Pts',(-2.25865519946758,0.3,12.8667379786325));
#9562=CARTESIAN_POINT('',(-2.15284026569073,0.2,12.9000770022226));
#9563=CARTESIAN_POINT('Ctrl Pts',(-2.01745475238506,0.2,12.8560115267587));
#9564=CARTESIAN_POINT('Ctrl Pts',(-2.01745475238506,0.3,12.8560115267587));
#9565=CARTESIAN_POINT('Ctrl Pts',(-2.03862939558547,0.2,12.8688630539747));
#9566=CARTESIAN_POINT('Ctrl Pts',(-2.03862939558547,0.3,12.8688630539747));
#9567=CARTESIAN_POINT('Ctrl Pts',(-2.08032982188726,0.2,12.8941722957156));
#9568=CARTESIAN_POINT('Ctrl Pts',(-2.08032982188726,0.3,12.8941722957156));
#9569=CARTESIAN_POINT('Ctrl Pts',(-2.12892215053685,0.2,12.898129290379));
#9570=CARTESIAN_POINT('Ctrl Pts',(-2.12892215053685,0.3,12.898129290379));
#9571=CARTESIAN_POINT('Ctrl Pts',(-2.15284026569073,0.2,12.9000770022226));
#9572=CARTESIAN_POINT('Ctrl Pts',(-2.15284026569073,0.3,12.9000770022226));
#9573=CARTESIAN_POINT('',(-2.01745475238506,0.2,12.8560115267587));
#9574=CARTESIAN_POINT('Ctrl Pts',(-2.15284026569073,0.2,12.9000770022226));
#9575=CARTESIAN_POINT('Ctrl Pts',(-2.12892215053685,0.2,12.898129290379));
#9576=CARTESIAN_POINT('Ctrl Pts',(-2.08032982188726,0.2,12.8941722957156));
#9577=CARTESIAN_POINT('Ctrl Pts',(-2.03862939558547,0.2,12.8688630539747));
#9578=CARTESIAN_POINT('Ctrl Pts',(-2.01745475238506,0.2,12.8560115267587));
#9579=CARTESIAN_POINT('',(-2.01745475238506,0.3,12.8560115267587));
#9580=CARTESIAN_POINT('Ctrl Pts',(-2.01745475238506,0.3,12.8560115267587));
#9581=CARTESIAN_POINT('Ctrl Pts',(-2.03862939558547,0.3,12.8688630539747));
#9582=CARTESIAN_POINT('Ctrl Pts',(-2.08032982188726,0.3,12.8941722957156));
#9583=CARTESIAN_POINT('Ctrl Pts',(-2.12892215053685,0.3,12.898129290379));
#9584=CARTESIAN_POINT('Ctrl Pts',(-2.15284026569073,0.3,12.9000770022226));
#9585=CARTESIAN_POINT('',(-2.01745475238506,0.2,12.8560115267587));
#9586=CARTESIAN_POINT('Ctrl Pts',(-1.91685784763042,0.2,12.7183069159341));
#9587=CARTESIAN_POINT('Ctrl Pts',(-1.91685784763042,0.3,12.7183069159341));
#9588=CARTESIAN_POINT('Ctrl Pts',(-1.92960814199556,0.2,12.7468183153852));
#9589=CARTESIAN_POINT('Ctrl Pts',(-1.92960814199556,0.3,12.7468183153852));
#9590=CARTESIAN_POINT('Ctrl Pts',(-1.95339138814645,0.2,12.8000009017499));
#9591=CARTESIAN_POINT('Ctrl Pts',(-1.95339138814645,0.3,12.8000009017499));
#9592=CARTESIAN_POINT('Ctrl Pts',(-1.99715362673763,0.2,12.8382622444753));
#9593=CARTESIAN_POINT('Ctrl Pts',(-1.99715362673763,0.3,12.8382622444753));
#9594=CARTESIAN_POINT('Ctrl Pts',(-2.01745475238506,0.2,12.8560115267587));
#9595=CARTESIAN_POINT('Ctrl Pts',(-2.01745475238506,0.3,12.8560115267587));
#9596=CARTESIAN_POINT('',(-1.91685784763042,0.2,12.7183069159341));
#9597=CARTESIAN_POINT('Ctrl Pts',(-2.01745475238506,0.2,12.8560115267587));
#9598=CARTESIAN_POINT('Ctrl Pts',(-1.99715362673763,0.2,12.8382622444753));
#9599=CARTESIAN_POINT('Ctrl Pts',(-1.95339138814645,0.2,12.8000009017499));
#9600=CARTESIAN_POINT('Ctrl Pts',(-1.92960814199556,0.2,12.7468183153852));
#9601=CARTESIAN_POINT('Ctrl Pts',(-1.91685784763042,0.2,12.7183069159341));
#9602=CARTESIAN_POINT('',(-1.91685784763042,0.3,12.7183069159341));
#9603=CARTESIAN_POINT('Ctrl Pts',(-1.91685784763042,0.3,12.7183069159341));
#9604=CARTESIAN_POINT('Ctrl Pts',(-1.92960814199556,0.3,12.7468183153852));
#9605=CARTESIAN_POINT('Ctrl Pts',(-1.95339138814645,0.3,12.8000009017499));
#9606=CARTESIAN_POINT('Ctrl Pts',(-1.99715362673763,0.3,12.8382622444753));
#9607=CARTESIAN_POINT('Ctrl Pts',(-2.01745475238506,0.3,12.8560115267587));
#9608=CARTESIAN_POINT('',(-1.91685784763042,0.2,12.7183069159341));
#9609=CARTESIAN_POINT('Ctrl Pts',(-1.8791703075761,0.2,12.5313185026003));
#9610=CARTESIAN_POINT('Ctrl Pts',(-1.8791703075761,0.3,12.5313185026003));
#9611=CARTESIAN_POINT('Ctrl Pts',(-1.88086296834934,0.2,12.5627479975341));
#9612=CARTESIAN_POINT('Ctrl Pts',(-1.88086296834934,0.3,12.5627479975341));
#9613=CARTESIAN_POINT('Ctrl Pts',(-1.88431764375133,0.2,12.6268947567437));
#9614=CARTESIAN_POINT('Ctrl Pts',(-1.88431764375133,0.3,12.6268947567437));
#9615=CARTESIAN_POINT('Ctrl Pts',(-1.90586690990564,0.2,12.6874310998918));
#9616=CARTESIAN_POINT('Ctrl Pts',(-1.90586690990564,0.3,12.6874310998918));
#9617=CARTESIAN_POINT('Ctrl Pts',(-1.91685784763042,0.2,12.7183069159341));
#9618=CARTESIAN_POINT('Ctrl Pts',(-1.91685784763042,0.3,12.7183069159341));
#9619=CARTESIAN_POINT('',(-1.8791703075761,0.2,12.5313185026003));
#9620=CARTESIAN_POINT('Ctrl Pts',(-1.91685784763042,0.2,12.7183069159341));
#9621=CARTESIAN_POINT('Ctrl Pts',(-1.90586690990564,0.2,12.6874310998918));
#9622=CARTESIAN_POINT('Ctrl Pts',(-1.88431764375133,0.2,12.6268947567437));
#9623=CARTESIAN_POINT('Ctrl Pts',(-1.88086296834934,0.2,12.5627479975341));
#9624=CARTESIAN_POINT('Ctrl Pts',(-1.8791703075761,0.2,12.5313185026003));
#9625=CARTESIAN_POINT('',(-1.8791703075761,0.3,12.5313185026003));
#9626=CARTESIAN_POINT('Ctrl Pts',(-1.8791703075761,0.3,12.5313185026003));
#9627=CARTESIAN_POINT('Ctrl Pts',(-1.88086296834934,0.3,12.5627479975341));
#9628=CARTESIAN_POINT('Ctrl Pts',(-1.88431764375133,0.3,12.6268947567437));
#9629=CARTESIAN_POINT('Ctrl Pts',(-1.90586690990564,0.3,12.6874310998918));
#9630=CARTESIAN_POINT('Ctrl Pts',(-1.91685784763042,0.3,12.7183069159341));
#9631=CARTESIAN_POINT('',(-1.8791703075761,0.2,12.5313185026003));
#9632=CARTESIAN_POINT('Ctrl Pts',(-1.92816413348858,0.2,12.3736104537798));
#9633=CARTESIAN_POINT('Ctrl Pts',(-1.92816413348858,0.3,12.3736104537798));
#9634=CARTESIAN_POINT('Ctrl Pts',(-1.91390282290592,0.2,12.3953686824765));
#9635=CARTESIAN_POINT('Ctrl Pts',(-1.91390282290592,0.3,12.3953686824765));
#9636=CARTESIAN_POINT('Ctrl Pts',(-1.88265695380076,0.2,12.4430399509673));
#9637=CARTESIAN_POINT('Ctrl Pts',(-1.88265695380076,0.3,12.4430399509673));
#9638=CARTESIAN_POINT('Ctrl Pts',(-1.88039814547352,0.2,12.5002308199849));
#9639=CARTESIAN_POINT('Ctrl Pts',(-1.88039814547352,0.3,12.5002308199849));
#9640=CARTESIAN_POINT('Ctrl Pts',(-1.8791703075761,0.2,12.5313185026003));
#9641=CARTESIAN_POINT('Ctrl Pts',(-1.8791703075761,0.3,12.5313185026003));
#9642=CARTESIAN_POINT('',(-1.92816413348858,0.2,12.3736104537798));
#9643=CARTESIAN_POINT('Ctrl Pts',(-1.8791703075761,0.2,12.5313185026003));
#9644=CARTESIAN_POINT('Ctrl Pts',(-1.88039814547352,0.2,12.5002308199849));
#9645=CARTESIAN_POINT('Ctrl Pts',(-1.88265695380076,0.2,12.4430399509673));
#9646=CARTESIAN_POINT('Ctrl Pts',(-1.91390282290592,0.2,12.3953686824765));
#9647=CARTESIAN_POINT('Ctrl Pts',(-1.92816413348858,0.2,12.3736104537798));
#9648=CARTESIAN_POINT('',(-1.92816413348858,0.3,12.3736104537798));
#9649=CARTESIAN_POINT('Ctrl Pts',(-1.92816413348858,0.3,12.3736104537798));
#9650=CARTESIAN_POINT('Ctrl Pts',(-1.91390282290592,0.3,12.3953686824765));
#9651=CARTESIAN_POINT('Ctrl Pts',(-1.88265695380076,0.3,12.4430399509673));
#9652=CARTESIAN_POINT('Ctrl Pts',(-1.88039814547352,0.3,12.5002308199849));
#9653=CARTESIAN_POINT('Ctrl Pts',(-1.8791703075761,0.3,12.5313185026003));
#9654=CARTESIAN_POINT('',(-1.92816413348858,0.2,12.3736104537798));
#9655=CARTESIAN_POINT('Ctrl Pts',(-2.05021394199078,0.2,12.3179487754656));
#9656=CARTESIAN_POINT('Ctrl Pts',(-2.05021394199078,0.3,12.3179487754656));
#9657=CARTESIAN_POINT('Ctrl Pts',(-2.0268300200324,0.2,12.3203073528377));
#9658=CARTESIAN_POINT('Ctrl Pts',(-2.0268300200324,0.3,12.3203073528377));
#9659=CARTESIAN_POINT('Ctrl Pts',(-1.97986171965505,0.2,12.3250447262636));
#9660=CARTESIAN_POINT('Ctrl Pts',(-1.97986171965505,0.3,12.3250447262636));
#9661=CARTESIAN_POINT('Ctrl Pts',(-1.94544562380616,0.2,12.357375882457));
#9662=CARTESIAN_POINT('Ctrl Pts',(-1.94544562380616,0.3,12.357375882457));
#9663=CARTESIAN_POINT('Ctrl Pts',(-1.92816413348858,0.2,12.3736104537798));
#9664=CARTESIAN_POINT('Ctrl Pts',(-1.92816413348858,0.3,12.3736104537798));
#9665=CARTESIAN_POINT('',(-2.05021394199078,0.2,12.3179487754656));
#9666=CARTESIAN_POINT('Ctrl Pts',(-1.92816413348858,0.2,12.3736104537798));
#9667=CARTESIAN_POINT('Ctrl Pts',(-1.94544562380616,0.2,12.357375882457));
#9668=CARTESIAN_POINT('Ctrl Pts',(-1.97986171965505,0.2,12.3250447262636));
#9669=CARTESIAN_POINT('Ctrl Pts',(-2.0268300200324,0.2,12.3203073528377));
#9670=CARTESIAN_POINT('Ctrl Pts',(-2.05021394199078,0.2,12.3179487754656));
#9671=CARTESIAN_POINT('',(-2.05021394199078,0.3,12.3179487754656));
#9672=CARTESIAN_POINT('Ctrl Pts',(-2.05021394199078,0.3,12.3179487754656));
#9673=CARTESIAN_POINT('Ctrl Pts',(-2.0268300200324,0.3,12.3203073528377));
#9674=CARTESIAN_POINT('Ctrl Pts',(-1.97986171965505,0.3,12.3250447262636));
#9675=CARTESIAN_POINT('Ctrl Pts',(-1.94544562380616,0.3,12.357375882457));
#9676=CARTESIAN_POINT('Ctrl Pts',(-1.92816413348858,0.3,12.3736104537798));
#9677=CARTESIAN_POINT('',(-2.05021394199078,0.2,12.3179487754656));
#9678=CARTESIAN_POINT('Ctrl Pts',(-2.17458308643047,0.2,12.3620142509294));
#9679=CARTESIAN_POINT('Ctrl Pts',(-2.17458308643047,0.3,12.3620142509294));
#9680=CARTESIAN_POINT('Ctrl Pts',(-2.15544199338212,0.2,12.3491626530792));
#9681=CARTESIAN_POINT('Ctrl Pts',(-2.15544199338212,0.3,12.3491626530792));
#9682=CARTESIAN_POINT('Ctrl Pts',(-2.11772346700267,0.2,12.3238379064041));
#9683=CARTESIAN_POINT('Ctrl Pts',(-2.11772346700267,0.3,12.3238379064041));
#9684=CARTESIAN_POINT('Ctrl Pts',(-2.07249180538579,0.2,12.319892164262));
#9685=CARTESIAN_POINT('Ctrl Pts',(-2.07249180538579,0.3,12.319892164262));
#9686=CARTESIAN_POINT('Ctrl Pts',(-2.05021394199078,0.2,12.3179487754656));
#9687=CARTESIAN_POINT('Ctrl Pts',(-2.05021394199078,0.3,12.3179487754656));
#9688=CARTESIAN_POINT('',(-2.17458308643047,0.2,12.3620142509294));
#9689=CARTESIAN_POINT('Ctrl Pts',(-2.05021394199078,0.2,12.3179487754656));
#9690=CARTESIAN_POINT('Ctrl Pts',(-2.07249180538579,0.2,12.319892164262));
#9691=CARTESIAN_POINT('Ctrl Pts',(-2.11772346700267,0.2,12.3238379064041));
#9692=CARTESIAN_POINT('Ctrl Pts',(-2.15544199338212,0.2,12.3491626530792));
#9693=CARTESIAN_POINT('Ctrl Pts',(-2.17458308643047,0.2,12.3620142509294));
#9694=CARTESIAN_POINT('',(-2.17458308643047,0.3,12.3620142509294));
#9695=CARTESIAN_POINT('Ctrl Pts',(-2.17458308643047,0.3,12.3620142509294));
#9696=CARTESIAN_POINT('Ctrl Pts',(-2.15544199338212,0.3,12.3491626530792));
#9697=CARTESIAN_POINT('Ctrl Pts',(-2.11772346700267,0.3,12.3238379064041));
#9698=CARTESIAN_POINT('Ctrl Pts',(-2.07249180538579,0.3,12.319892164262));
#9699=CARTESIAN_POINT('Ctrl Pts',(-2.05021394199078,0.3,12.3179487754656));
#9700=CARTESIAN_POINT('',(-2.17458308643047,0.2,12.3620142509294));
#9701=CARTESIAN_POINT('Ctrl Pts',(-2.25894511645977,0.2,12.4924712945772));
#9702=CARTESIAN_POINT('Ctrl Pts',(-2.25894511645977,0.3,12.4924712945772));
#9703=CARTESIAN_POINT('Ctrl Pts',(-2.24913298813023,0.2,12.4659754141589));
#9704=CARTESIAN_POINT('Ctrl Pts',(-2.24913298813023,0.3,12.4659754141589));
#9705=CARTESIAN_POINT('Ctrl Pts',(-2.23066802086581,0.2,12.4161141049571));
#9706=CARTESIAN_POINT('Ctrl Pts',(-2.23066802086581,0.3,12.4161141049571));
#9707=CARTESIAN_POINT('Ctrl Pts',(-2.19247885206785,0.2,12.379276610571));
#9708=CARTESIAN_POINT('Ctrl Pts',(-2.19247885206785,0.3,12.379276610571));
#9709=CARTESIAN_POINT('Ctrl Pts',(-2.17458308643047,0.2,12.3620142509294));
#9710=CARTESIAN_POINT('Ctrl Pts',(-2.17458308643047,0.3,12.3620142509294));
#9711=CARTESIAN_POINT('Ctrl Pts',(-2.17458308643047,0.2,12.3620142509294));
#9712=CARTESIAN_POINT('Ctrl Pts',(-2.19247885206785,0.2,12.379276610571));
#9713=CARTESIAN_POINT('Ctrl Pts',(-2.23066802086581,0.2,12.4161141049571));
#9714=CARTESIAN_POINT('Ctrl Pts',(-2.24913298813023,0.2,12.4659754141589));
#9715=CARTESIAN_POINT('Ctrl Pts',(-2.25894511645977,0.2,12.4924712945772));
#9716=CARTESIAN_POINT('Ctrl Pts',(-2.25894511645977,0.3,12.4924712945772));
#9717=CARTESIAN_POINT('Ctrl Pts',(-2.24913298813023,0.3,12.4659754141589));
#9718=CARTESIAN_POINT('Ctrl Pts',(-2.23066802086581,0.3,12.4161141049571));
#9719=CARTESIAN_POINT('Ctrl Pts',(-2.19247885206785,0.3,12.379276610571));
#9720=CARTESIAN_POINT('Ctrl Pts',(-2.17458308643047,0.3,12.3620142509294));
#9721=CARTESIAN_POINT('Origin',(-1.37734552068953,0.3,12.6110421885801));
#9722=CARTESIAN_POINT('Ctrl Pts',(-2.96370280688946,0.2,12.6556875278307));
#9723=CARTESIAN_POINT('Ctrl Pts',(-2.96370280688946,0.3,12.6556875278307));
#9724=CARTESIAN_POINT('Ctrl Pts',(-2.9737584228949,0.2,12.6423813050058));
#9725=CARTESIAN_POINT('Ctrl Pts',(-2.9737584228949,0.3,12.6423813050058));
#9726=CARTESIAN_POINT('Ctrl Pts',(-2.9949041780319,0.2,12.6143999133634));
#9727=CARTESIAN_POINT('Ctrl Pts',(-2.9949041780319,0.3,12.6143999133634));
#9728=CARTESIAN_POINT('Ctrl Pts',(-2.99706711880694,0.2,12.5792982584517));
#9729=CARTESIAN_POINT('Ctrl Pts',(-2.99706711880694,0.3,12.5792982584517));
#9730=CARTESIAN_POINT('Ctrl Pts',(-2.99820149844829,0.2,12.5608887841058));
#9731=CARTESIAN_POINT('Ctrl Pts',(-2.99820149844829,0.3,12.5608887841058));
#9732=CARTESIAN_POINT('',(-2.99820149844829,0.2,12.5608887841058));
#9733=CARTESIAN_POINT('',(-2.96370280688946,0.2,12.6556875278307));
#9734=CARTESIAN_POINT('Ctrl Pts',(-2.99820149844829,0.2,12.5608887841058));
#9735=CARTESIAN_POINT('Ctrl Pts',(-2.99706711880694,0.2,12.5792982584517));
#9736=CARTESIAN_POINT('Ctrl Pts',(-2.9949041780319,0.2,12.6143999133634));
#9737=CARTESIAN_POINT('Ctrl Pts',(-2.9737584228949,0.2,12.6423813050058));
#9738=CARTESIAN_POINT('Ctrl Pts',(-2.96370280688946,0.2,12.6556875278307));
#9739=CARTESIAN_POINT('',(-2.99820149844829,0.3,12.5608887841058));
#9740=CARTESIAN_POINT('',(-2.99820149844829,0.2,12.5608887841058));
#9741=CARTESIAN_POINT('',(-2.96370280688946,0.3,12.6556875278307));
#9742=CARTESIAN_POINT('Ctrl Pts',(-2.96370280688946,0.3,12.6556875278307));
#9743=CARTESIAN_POINT('Ctrl Pts',(-2.9737584228949,0.3,12.6423813050058));
#9744=CARTESIAN_POINT('Ctrl Pts',(-2.9949041780319,0.3,12.6143999133634));
#9745=CARTESIAN_POINT('Ctrl Pts',(-2.99706711880694,0.3,12.5792982584517));
#9746=CARTESIAN_POINT('Ctrl Pts',(-2.99820149844829,0.3,12.5608887841058));
#9747=CARTESIAN_POINT('',(-2.96370280688946,0.2,12.6556875278307));
#9748=CARTESIAN_POINT('Ctrl Pts',(-2.87470210498516,0.2,12.691345768149));
#9749=CARTESIAN_POINT('Ctrl Pts',(-2.87470210498516,0.3,12.691345768149));
#9750=CARTESIAN_POINT('Ctrl Pts',(-2.89187426567544,0.2,12.6900239035476));
#9751=CARTESIAN_POINT('Ctrl Pts',(-2.89187426567544,0.3,12.6900239035476));
#9752=CARTESIAN_POINT('Ctrl Pts',(-2.92533216579311,0.2,12.687448408559));
#9753=CARTESIAN_POINT('Ctrl Pts',(-2.92533216579311,0.3,12.687448408559));
#9754=CARTESIAN_POINT('Ctrl Pts',(-2.9511405121263,0.2,12.666085830654));
#9755=CARTESIAN_POINT('Ctrl Pts',(-2.9511405121263,0.3,12.666085830654));
#9756=CARTESIAN_POINT('Ctrl Pts',(-2.96370280688946,0.2,12.6556875278307));
#9757=CARTESIAN_POINT('Ctrl Pts',(-2.96370280688946,0.3,12.6556875278307));
#9758=CARTESIAN_POINT('',(-2.87470210498516,0.2,12.691345768149));
#9759=CARTESIAN_POINT('Ctrl Pts',(-2.96370280688946,0.2,12.6556875278307));
#9760=CARTESIAN_POINT('Ctrl Pts',(-2.9511405121263,0.2,12.666085830654));
#9761=CARTESIAN_POINT('Ctrl Pts',(-2.92533216579311,0.2,12.687448408559));
#9762=CARTESIAN_POINT('Ctrl Pts',(-2.89187426567544,0.2,12.6900239035476));
#9763=CARTESIAN_POINT('Ctrl Pts',(-2.87470210498516,0.2,12.691345768149));
#9764=CARTESIAN_POINT('',(-2.87470210498516,0.3,12.691345768149));
#9765=CARTESIAN_POINT('Ctrl Pts',(-2.87470210498516,0.3,12.691345768149));
#9766=CARTESIAN_POINT('Ctrl Pts',(-2.89187426567544,0.3,12.6900239035476));
#9767=CARTESIAN_POINT('Ctrl Pts',(-2.92533216579311,0.3,12.687448408559));
#9768=CARTESIAN_POINT('Ctrl Pts',(-2.9511405121263,0.3,12.666085830654));
#9769=CARTESIAN_POINT('Ctrl Pts',(-2.96370280688946,0.3,12.6556875278307));
#9770=CARTESIAN_POINT('',(-2.87470210498516,0.2,12.691345768149));
#9771=CARTESIAN_POINT('Ctrl Pts',(-2.77903378909771,0.2,12.6580067445589));
#9772=CARTESIAN_POINT('Ctrl Pts',(-2.77903378909771,0.3,12.6580067445589));
#9773=CARTESIAN_POINT('Ctrl Pts',(-2.79347910646203,0.2,12.6677306088355));
#9774=CARTESIAN_POINT('Ctrl Pts',(-2.79347910646203,0.3,12.6677306088355));
#9775=CARTESIAN_POINT('Ctrl Pts',(-2.82244274016575,0.2,12.6872274766434));
#9776=CARTESIAN_POINT('Ctrl Pts',(-2.82244274016575,0.3,12.6872274766434));
#9777=CARTESIAN_POINT('Ctrl Pts',(-2.85725307177961,0.2,12.6899706996712));
#9778=CARTESIAN_POINT('Ctrl Pts',(-2.85725307177961,0.3,12.6899706996712));
#9779=CARTESIAN_POINT('Ctrl Pts',(-2.87470210498516,0.2,12.691345768149));
#9780=CARTESIAN_POINT('Ctrl Pts',(-2.87470210498516,0.3,12.691345768149));
#9781=CARTESIAN_POINT('',(-2.77903378909771,0.2,12.6580067445589));
#9782=CARTESIAN_POINT('Ctrl Pts',(-2.87470210498516,0.2,12.691345768149));
#9783=CARTESIAN_POINT('Ctrl Pts',(-2.85725307177961,0.2,12.6899706996712));
#9784=CARTESIAN_POINT('Ctrl Pts',(-2.82244274016575,0.2,12.6872274766434));
#9785=CARTESIAN_POINT('Ctrl Pts',(-2.79347910646203,0.2,12.6677306088355));
#9786=CARTESIAN_POINT('Ctrl Pts',(-2.77903378909771,0.2,12.6580067445589));
#9787=CARTESIAN_POINT('',(-2.77903378909771,0.3,12.6580067445589));
#9788=CARTESIAN_POINT('Ctrl Pts',(-2.77903378909771,0.3,12.6580067445589));
#9789=CARTESIAN_POINT('Ctrl Pts',(-2.79347910646203,0.3,12.6677306088355));
#9790=CARTESIAN_POINT('Ctrl Pts',(-2.82244274016575,0.3,12.6872274766434));
#9791=CARTESIAN_POINT('Ctrl Pts',(-2.85725307177961,0.3,12.6899706996712));
#9792=CARTESIAN_POINT('Ctrl Pts',(-2.87470210498516,0.3,12.691345768149));
#9793=CARTESIAN_POINT('',(-2.77903378909771,0.2,12.6580067445589));
#9794=CARTESIAN_POINT('Ctrl Pts',(-2.71409524387066,0.2,12.5611786414934));
#9795=CARTESIAN_POINT('Ctrl Pts',(-2.71409524387066,0.3,12.5611786414934));
#9796=CARTESIAN_POINT('Ctrl Pts',(-2.72211816542486,0.2,12.5806859385679));
#9797=CARTESIAN_POINT('Ctrl Pts',(-2.72211816542486,0.3,12.5806859385679));
#9798=CARTESIAN_POINT('Ctrl Pts',(-2.73722887471589,0.2,12.6174268057388));
#9799=CARTESIAN_POINT('Ctrl Pts',(-2.73722887471589,0.3,12.6174268057388));
#9800=CARTESIAN_POINT('Ctrl Pts',(-2.76568584220191,0.2,12.6450499217448));
#9801=CARTESIAN_POINT('Ctrl Pts',(-2.76568584220191,0.3,12.6450499217448));
#9802=CARTESIAN_POINT('Ctrl Pts',(-2.77903378909771,0.2,12.6580067445589));
#9803=CARTESIAN_POINT('Ctrl Pts',(-2.77903378909771,0.3,12.6580067445589));
#9804=CARTESIAN_POINT('',(-2.71409524387066,0.2,12.5611786414934));
#9805=CARTESIAN_POINT('Ctrl Pts',(-2.77903378909771,0.2,12.6580067445589));
#9806=CARTESIAN_POINT('Ctrl Pts',(-2.76568584220191,0.2,12.6450499217448));
#9807=CARTESIAN_POINT('Ctrl Pts',(-2.73722887471589,0.2,12.6174268057388));
#9808=CARTESIAN_POINT('Ctrl Pts',(-2.72211816542486,0.2,12.5806859385679));
#9809=CARTESIAN_POINT('Ctrl Pts',(-2.71409524387066,0.2,12.5611786414934));
#9810=CARTESIAN_POINT('',(-2.71409524387066,0.3,12.5611786414934));
#9811=CARTESIAN_POINT('Ctrl Pts',(-2.71409524387066,0.3,12.5611786414934));
#9812=CARTESIAN_POINT('Ctrl Pts',(-2.72211816542486,0.3,12.5806859385679));
#9813=CARTESIAN_POINT('Ctrl Pts',(-2.73722887471589,0.3,12.6174268057388));
#9814=CARTESIAN_POINT('Ctrl Pts',(-2.76568584220191,0.3,12.6450499217448));
#9815=CARTESIAN_POINT('Ctrl Pts',(-2.77903378909771,0.3,12.6580067445589));
#9816=CARTESIAN_POINT('',(-2.71409524387066,0.2,12.5611786414934));
#9817=CARTESIAN_POINT('Ctrl Pts',(-2.69090283816997,0.2,12.4443471600366));
#9818=CARTESIAN_POINT('Ctrl Pts',(-2.69090283816997,0.3,12.4443471600366));
#9819=CARTESIAN_POINT('Ctrl Pts',(-2.69208219170026,0.2,12.463118938295));
#9820=CARTESIAN_POINT('Ctrl Pts',(-2.69208219170026,0.3,12.463118938295));
#9821=CARTESIAN_POINT('Ctrl Pts',(-2.69459218749116,0.2,12.5030705585733));
#9822=CARTESIAN_POINT('Ctrl Pts',(-2.69459218749116,0.3,12.5030705585733));
#9823=CARTESIAN_POINT('Ctrl Pts',(-2.70733813979536,0.2,12.5410462911444));
#9824=CARTESIAN_POINT('Ctrl Pts',(-2.70733813979536,0.3,12.5410462911444));
#9825=CARTESIAN_POINT('Ctrl Pts',(-2.71409524387066,0.2,12.5611786414934));
#9826=CARTESIAN_POINT('Ctrl Pts',(-2.71409524387066,0.3,12.5611786414934));
#9827=CARTESIAN_POINT('',(-2.69090283816997,0.2,12.4443471600366));
#9828=CARTESIAN_POINT('Ctrl Pts',(-2.71409524387066,0.2,12.5611786414934));
#9829=CARTESIAN_POINT('Ctrl Pts',(-2.70733813979536,0.2,12.5410462911444));
#9830=CARTESIAN_POINT('Ctrl Pts',(-2.69459218749116,0.2,12.5030705585733));
#9831=CARTESIAN_POINT('Ctrl Pts',(-2.69208219170026,0.2,12.463118938295));
#9832=CARTESIAN_POINT('Ctrl Pts',(-2.69090283816997,0.2,12.4443471600366));
#9833=CARTESIAN_POINT('',(-2.69090283816997,0.3,12.4443471600366));
#9834=CARTESIAN_POINT('Ctrl Pts',(-2.69090283816997,0.3,12.4443471600366));
#9835=CARTESIAN_POINT('Ctrl Pts',(-2.69208219170026,0.3,12.463118938295));
#9836=CARTESIAN_POINT('Ctrl Pts',(-2.69459218749116,0.3,12.5030705585733));
#9837=CARTESIAN_POINT('Ctrl Pts',(-2.70733813979536,0.3,12.5410462911444));
#9838=CARTESIAN_POINT('Ctrl Pts',(-2.71409524387066,0.3,12.5611786414934));
#9839=CARTESIAN_POINT('',(-2.69090283816997,0.2,12.4443471600366));
#9840=CARTESIAN_POINT('Ctrl Pts',(-2.72685111468975,0.2,12.3394017388178));
#9841=CARTESIAN_POINT('Ctrl Pts',(-2.72685111468975,0.3,12.3394017388178));
#9842=CARTESIAN_POINT('Ctrl Pts',(-2.71637678212385,0.2,12.3540924100356));
#9843=CARTESIAN_POINT('Ctrl Pts',(-2.71637678212385,0.3,12.3540924100356));
#9844=CARTESIAN_POINT('Ctrl Pts',(-2.69405783933909,0.2,12.385395621798));
#9845=CARTESIAN_POINT('Ctrl Pts',(-2.69405783933909,0.3,12.385395621798));
#9846=CARTESIAN_POINT('Ctrl Pts',(-2.69199668690065,0.2,12.4239084781418));
#9847=CARTESIAN_POINT('Ctrl Pts',(-2.69199668690065,0.3,12.4239084781418));
#9848=CARTESIAN_POINT('Ctrl Pts',(-2.69090283816997,0.2,12.4443471600366));
#9849=CARTESIAN_POINT('Ctrl Pts',(-2.69090283816997,0.3,12.4443471600366));
#9850=CARTESIAN_POINT('',(-2.72685111468975,0.2,12.3394017388178));
#9851=CARTESIAN_POINT('Ctrl Pts',(-2.69090283816997,0.2,12.4443471600366));
#9852=CARTESIAN_POINT('Ctrl Pts',(-2.69199668690065,0.2,12.4239084781418));
#9853=CARTESIAN_POINT('Ctrl Pts',(-2.69405783933909,0.2,12.385395621798));
#9854=CARTESIAN_POINT('Ctrl Pts',(-2.71637678212385,0.2,12.3540924100356));
#9855=CARTESIAN_POINT('Ctrl Pts',(-2.72685111468975,0.2,12.3394017388178));
#9856=CARTESIAN_POINT('',(-2.72685111468975,0.3,12.3394017388178));
#9857=CARTESIAN_POINT('Ctrl Pts',(-2.72685111468975,0.3,12.3394017388178));
#9858=CARTESIAN_POINT('Ctrl Pts',(-2.71637678212385,0.3,12.3540924100356));
#9859=CARTESIAN_POINT('Ctrl Pts',(-2.69405783933909,0.3,12.385395621798));
#9860=CARTESIAN_POINT('Ctrl Pts',(-2.69199668690065,0.3,12.4239084781418));
#9861=CARTESIAN_POINT('Ctrl Pts',(-2.69090283816997,0.3,12.4443471600366));
#9862=CARTESIAN_POINT('',(-2.72685111468975,0.2,12.3394017388178));
#9863=CARTESIAN_POINT('Ctrl Pts',(-2.81730140155498,0.2,12.3005545307947));
#9864=CARTESIAN_POINT('Ctrl Pts',(-2.81730140155498,0.3,12.3005545307947));
#9865=CARTESIAN_POINT('Ctrl Pts',(-2.79995788164457,0.2,12.3021185716807));
#9866=CARTESIAN_POINT('Ctrl Pts',(-2.79995788164457,0.3,12.3021185716807));
#9867=CARTESIAN_POINT('Ctrl Pts',(-2.76555745091707,0.2,12.3052208070073));
#9868=CARTESIAN_POINT('Ctrl Pts',(-2.76555745091707,0.3,12.3052208070073));
#9869=CARTESIAN_POINT('Ctrl Pts',(-2.73968136408212,0.2,12.3280715556401));
#9870=CARTESIAN_POINT('Ctrl Pts',(-2.73968136408212,0.3,12.3280715556401));
#9871=CARTESIAN_POINT('Ctrl Pts',(-2.72685111468975,0.2,12.3394017388178));
#9872=CARTESIAN_POINT('Ctrl Pts',(-2.72685111468975,0.3,12.3394017388178));
#9873=CARTESIAN_POINT('',(-2.81730140155498,0.2,12.3005545307947));
#9874=CARTESIAN_POINT('Ctrl Pts',(-2.72685111468975,0.2,12.3394017388178));
#9875=CARTESIAN_POINT('Ctrl Pts',(-2.73968136408212,0.2,12.3280715556401));
#9876=CARTESIAN_POINT('Ctrl Pts',(-2.76555745091707,0.2,12.3052208070073));
#9877=CARTESIAN_POINT('Ctrl Pts',(-2.79995788164457,0.2,12.3021185716807));
#9878=CARTESIAN_POINT('Ctrl Pts',(-2.81730140155498,0.2,12.3005545307947));
#9879=CARTESIAN_POINT('',(-2.81730140155498,0.3,12.3005545307947));
#9880=CARTESIAN_POINT('Ctrl Pts',(-2.81730140155498,0.3,12.3005545307947));
#9881=CARTESIAN_POINT('Ctrl Pts',(-2.79995788164457,0.3,12.3021185716807));
#9882=CARTESIAN_POINT('Ctrl Pts',(-2.76555745091707,0.3,12.3052208070073));
#9883=CARTESIAN_POINT('Ctrl Pts',(-2.73968136408212,0.3,12.3280715556401));
#9884=CARTESIAN_POINT('Ctrl Pts',(-2.72685111468975,0.3,12.3394017388178));
#9885=CARTESIAN_POINT('',(-2.81730140155498,0.2,12.3005545307947));
#9886=CARTESIAN_POINT('Ctrl Pts',(-2.93210328525249,0.2,12.3591152002168));
#9887=CARTESIAN_POINT('Ctrl Pts',(-2.93210328525249,0.3,12.3591152002168));
#9888=CARTESIAN_POINT('Ctrl Pts',(-2.9160297707011,0.2,12.3420382800808));
#9889=CARTESIAN_POINT('Ctrl Pts',(-2.9160297707011,0.3,12.3420382800808));
#9890=CARTESIAN_POINT('Ctrl Pts',(-2.88468521942404,0.2,12.3087370131335));
#9891=CARTESIAN_POINT('Ctrl Pts',(-2.88468521942404,0.3,12.3087370131335));
#9892=CARTESIAN_POINT('Ctrl Pts',(-2.83937600795776,0.2,12.3032350716536));
#9893=CARTESIAN_POINT('Ctrl Pts',(-2.83937600795776,0.3,12.3032350716536));
#9894=CARTESIAN_POINT('Ctrl Pts',(-2.81730140155498,0.2,12.3005545307947));
#9895=CARTESIAN_POINT('Ctrl Pts',(-2.81730140155498,0.3,12.3005545307947));
#9896=CARTESIAN_POINT('',(-2.93210328525249,0.2,12.3591152002168));
#9897=CARTESIAN_POINT('Ctrl Pts',(-2.81730140155498,0.2,12.3005545307947));
#9898=CARTESIAN_POINT('Ctrl Pts',(-2.83937600795776,0.2,12.3032350716536));
#9899=CARTESIAN_POINT('Ctrl Pts',(-2.88468521942404,0.2,12.3087370131335));
#9900=CARTESIAN_POINT('Ctrl Pts',(-2.9160297707011,0.2,12.3420382800808));
#9901=CARTESIAN_POINT('Ctrl Pts',(-2.93210328525249,0.2,12.3591152002168));
#9902=CARTESIAN_POINT('',(-2.93210328525249,0.3,12.3591152002168));
#9903=CARTESIAN_POINT('Ctrl Pts',(-2.93210328525249,0.3,12.3591152002168));
#9904=CARTESIAN_POINT('Ctrl Pts',(-2.9160297707011,0.3,12.3420382800808));
#9905=CARTESIAN_POINT('Ctrl Pts',(-2.88468521942404,0.3,12.3087370131335));
#9906=CARTESIAN_POINT('Ctrl Pts',(-2.83937600795776,0.3,12.3032350716536));
#9907=CARTESIAN_POINT('Ctrl Pts',(-2.81730140155498,0.3,12.3005545307947));
#9908=CARTESIAN_POINT('',(-2.93210328525249,0.2,12.3591152002168));
#9909=CARTESIAN_POINT('Ctrl Pts',(-2.99820149844829,0.2,12.5608887841058));
#9910=CARTESIAN_POINT('Ctrl Pts',(-2.99820149844829,0.3,12.5608887841058));
#9911=CARTESIAN_POINT('Ctrl Pts',(-2.99580575302379,0.2,12.5232258762119));
#9912=CARTESIAN_POINT('Ctrl Pts',(-2.99580575302379,0.3,12.5232258762119));
#9913=CARTESIAN_POINT('Ctrl Pts',(-2.99115854581847,0.2,12.4501683070948));
#9914=CARTESIAN_POINT('Ctrl Pts',(-2.99115854581847,0.3,12.4501683070948));
#9915=CARTESIAN_POINT('Ctrl Pts',(-2.95137666427493,0.2,12.3888314528116));
#9916=CARTESIAN_POINT('Ctrl Pts',(-2.95137666427493,0.3,12.3888314528116));
#9917=CARTESIAN_POINT('Ctrl Pts',(-2.93210328525249,0.2,12.3591152002168));
#9918=CARTESIAN_POINT('Ctrl Pts',(-2.93210328525249,0.3,12.3591152002168));
#9919=CARTESIAN_POINT('Ctrl Pts',(-2.93210328525249,0.2,12.3591152002168));
#9920=CARTESIAN_POINT('Ctrl Pts',(-2.95137666427493,0.2,12.3888314528116));
#9921=CARTESIAN_POINT('Ctrl Pts',(-2.99115854581847,0.2,12.4501683070948));
#9922=CARTESIAN_POINT('Ctrl Pts',(-2.99580575302379,0.2,12.5232258762119));
#9923=CARTESIAN_POINT('Ctrl Pts',(-2.99820149844829,0.2,12.5608887841058));
#9924=CARTESIAN_POINT('Ctrl Pts',(-2.99820149844829,0.3,12.5608887841058));
#9925=CARTESIAN_POINT('Ctrl Pts',(-2.99580575302379,0.3,12.5232258762119));
#9926=CARTESIAN_POINT('Ctrl Pts',(-2.99115854581847,0.3,12.4501683070948));
#9927=CARTESIAN_POINT('Ctrl Pts',(-2.95137666427493,0.3,12.3888314528116));
#9928=CARTESIAN_POINT('Ctrl Pts',(-2.93210328525249,0.3,12.3591152002168));
#9929=CARTESIAN_POINT('Ctrl Pts',(-2.62045587009136,0.2,12.7148280312372));
#9930=CARTESIAN_POINT('Ctrl Pts',(-2.62045587009136,0.3,12.7148280312372));
#9931=CARTESIAN_POINT('Ctrl Pts',(-2.59232211165172,0.2,12.676599737498));
#9932=CARTESIAN_POINT('Ctrl Pts',(-2.59232211165172,0.3,12.676599737498));
#9933=CARTESIAN_POINT('Ctrl Pts',(-2.53277566121751,0.2,12.5956877184656));
#9934=CARTESIAN_POINT('Ctrl Pts',(-2.53277566121751,0.3,12.5956877184656));
#9935=CARTESIAN_POINT('Ctrl Pts',(-2.52697685982514,0.2,12.4950942658361));
#9936=CARTESIAN_POINT('Ctrl Pts',(-2.52697685982514,0.3,12.4950942658361));
#9937=CARTESIAN_POINT('Ctrl Pts',(-2.52391780322735,0.2,12.4420279433084));
#9938=CARTESIAN_POINT('Ctrl Pts',(-2.52391780322735,0.3,12.4420279433084));
#9939=CARTESIAN_POINT('',(-2.52391780322735,0.2,12.4420279433084));
#9940=CARTESIAN_POINT('',(-2.62045587009136,0.2,12.7148280312372));
#9941=CARTESIAN_POINT('Ctrl Pts',(-2.52391780322735,0.2,12.4420279433084));
#9942=CARTESIAN_POINT('Ctrl Pts',(-2.52697685982514,0.2,12.4950942658361));
#9943=CARTESIAN_POINT('Ctrl Pts',(-2.53277566121751,0.2,12.5956877184656));
#9944=CARTESIAN_POINT('Ctrl Pts',(-2.59232211165172,0.2,12.676599737498));
#9945=CARTESIAN_POINT('Ctrl Pts',(-2.62045587009136,0.2,12.7148280312372));
#9946=CARTESIAN_POINT('',(-2.52391780322735,0.3,12.4420279433084));
#9947=CARTESIAN_POINT('',(-2.52391780322735,0.2,12.4420279433084));
#9948=CARTESIAN_POINT('',(-2.62045587009136,0.3,12.7148280312372));
#9949=CARTESIAN_POINT('Ctrl Pts',(-2.62045587009136,0.3,12.7148280312372));
#9950=CARTESIAN_POINT('Ctrl Pts',(-2.59232211165172,0.3,12.676599737498));
#9951=CARTESIAN_POINT('Ctrl Pts',(-2.53277566121751,0.3,12.5956877184656));
#9952=CARTESIAN_POINT('Ctrl Pts',(-2.52697685982514,0.3,12.4950942658361));
#9953=CARTESIAN_POINT('Ctrl Pts',(-2.52391780322735,0.3,12.4420279433084));
#9954=CARTESIAN_POINT('',(-2.62045587009136,0.2,12.7148280312372));
#9955=CARTESIAN_POINT('Ctrl Pts',(-2.87412227100079,0.2,12.8165844847513));
#9956=CARTESIAN_POINT('Ctrl Pts',(-2.87412227100079,0.3,12.8165844847513));
#9957=CARTESIAN_POINT('Ctrl Pts',(-2.82482686357797,0.2,12.8129160483447));
#9958=CARTESIAN_POINT('Ctrl Pts',(-2.82482686357797,0.3,12.8129160483447));
#9959=CARTESIAN_POINT('Ctrl Pts',(-2.72930207101697,0.2,12.8058073409603));
#9960=CARTESIAN_POINT('Ctrl Pts',(-2.72930207101697,0.3,12.8058073409603));
#9961=CARTESIAN_POINT('Ctrl Pts',(-2.65595318682016,0.2,12.7444985327847));
#9962=CARTESIAN_POINT('Ctrl Pts',(-2.65595318682016,0.3,12.7444985327847));
#9963=CARTESIAN_POINT('Ctrl Pts',(-2.62045587009136,0.2,12.7148280312372));
#9964=CARTESIAN_POINT('Ctrl Pts',(-2.62045587009136,0.3,12.7148280312372));
#9965=CARTESIAN_POINT('',(-2.87412227100079,0.2,12.8165844847513));
#9966=CARTESIAN_POINT('Ctrl Pts',(-2.62045587009136,0.2,12.7148280312372));
#9967=CARTESIAN_POINT('Ctrl Pts',(-2.65595318682016,0.2,12.7444985327847));
#9968=CARTESIAN_POINT('Ctrl Pts',(-2.72930207101697,0.2,12.8058073409603));
#9969=CARTESIAN_POINT('Ctrl Pts',(-2.82482686357797,0.2,12.8129160483447));
#9970=CARTESIAN_POINT('Ctrl Pts',(-2.87412227100079,0.2,12.8165844847513));
#9971=CARTESIAN_POINT('',(-2.87412227100079,0.3,12.8165844847513));
#9972=CARTESIAN_POINT('Ctrl Pts',(-2.87412227100079,0.3,12.8165844847513));
#9973=CARTESIAN_POINT('Ctrl Pts',(-2.82482686357797,0.3,12.8129160483447));
#9974=CARTESIAN_POINT('Ctrl Pts',(-2.72930207101697,0.3,12.8058073409603));
#9975=CARTESIAN_POINT('Ctrl Pts',(-2.65595318682016,0.3,12.7444985327847));
#9976=CARTESIAN_POINT('Ctrl Pts',(-2.62045587009136,0.3,12.7148280312372));
#9977=CARTESIAN_POINT('',(-2.87412227100079,0.2,12.8165844847513));
#9978=CARTESIAN_POINT('Ctrl Pts',(-3.0869122833604,0.2,12.7414992024255));
#9979=CARTESIAN_POINT('Ctrl Pts',(-3.0869122833604,0.3,12.7414992024255));
#9980=CARTESIAN_POINT('Ctrl Pts',(-3.05756589357087,0.2,12.7633729645202));
#9981=CARTESIAN_POINT('Ctrl Pts',(-3.05756589357087,0.3,12.7633729645202));
#9982=CARTESIAN_POINT('Ctrl Pts',(-2.99467715999442,0.2,12.8102480045693));
#9983=CARTESIAN_POINT('Ctrl Pts',(-2.99467715999442,0.3,12.8102480045693));
#9984=CARTESIAN_POINT('Ctrl Pts',(-2.9160557808441,0.2,12.8143804193973));
#9985=CARTESIAN_POINT('Ctrl Pts',(-2.9160557808441,0.3,12.8143804193973));
#9986=CARTESIAN_POINT('Ctrl Pts',(-2.87412227100079,0.2,12.8165844847513));
#9987=CARTESIAN_POINT('Ctrl Pts',(-2.87412227100079,0.3,12.8165844847513));
#9988=CARTESIAN_POINT('',(-3.0869122833604,0.2,12.7414992024255));
#9989=CARTESIAN_POINT('Ctrl Pts',(-2.87412227100079,0.2,12.8165844847513));
#9990=CARTESIAN_POINT('Ctrl Pts',(-2.9160557808441,0.2,12.8143804193973));
#9991=CARTESIAN_POINT('Ctrl Pts',(-2.99467715999442,0.2,12.8102480045693));
#9992=CARTESIAN_POINT('Ctrl Pts',(-3.05756589357087,0.2,12.7633729645202));
#9993=CARTESIAN_POINT('Ctrl Pts',(-3.0869122833604,0.2,12.7414992024255));
#9994=CARTESIAN_POINT('',(-3.0869122833604,0.3,12.7414992024255));
#9995=CARTESIAN_POINT('Ctrl Pts',(-3.0869122833604,0.3,12.7414992024255));
#9996=CARTESIAN_POINT('Ctrl Pts',(-3.05756589357087,0.3,12.7633729645202));
#9997=CARTESIAN_POINT('Ctrl Pts',(-2.99467715999442,0.3,12.8102480045693));
#9998=CARTESIAN_POINT('Ctrl Pts',(-2.9160557808441,0.3,12.8143804193973));
#9999=CARTESIAN_POINT('Ctrl Pts',(-2.87412227100079,0.3,12.8165844847513));
#10000=CARTESIAN_POINT('',(-3.0869122833604,0.2,12.7414992024255));
#10001=CARTESIAN_POINT('Ctrl Pts',(-3.1634470314378,0.2,12.5394358207536));
#10002=CARTESIAN_POINT('Ctrl Pts',(-3.1634470314378,0.3,12.5394358207536));
#10003=CARTESIAN_POINT('Ctrl Pts',(-3.16090938840739,0.2,12.5789356847295));
#10004=CARTESIAN_POINT('Ctrl Pts',(-3.16090938840739,0.3,12.5789356847295));
#10005=CARTESIAN_POINT('Ctrl Pts',(-3.15606425283856,0.2,12.6543529887476));
#10006=CARTESIAN_POINT('Ctrl Pts',(-3.15606425283856,0.3,12.6543529887476));
#10007=CARTESIAN_POINT('Ctrl Pts',(-3.10922123766297,0.2,12.7133851673047));
#10008=CARTESIAN_POINT('Ctrl Pts',(-3.10922123766297,0.3,12.7133851673047));
#10009=CARTESIAN_POINT('Ctrl Pts',(-3.0869122833604,0.2,12.7414992024255));
#10010=CARTESIAN_POINT('Ctrl Pts',(-3.0869122833604,0.3,12.7414992024255));
#10011=CARTESIAN_POINT('',(-3.1634470314378,0.2,12.5394358207536));
#10012=CARTESIAN_POINT('Ctrl Pts',(-3.0869122833604,0.2,12.7414992024255));
#10013=CARTESIAN_POINT('Ctrl Pts',(-3.10922123766297,0.2,12.7133851673047));
#10014=CARTESIAN_POINT('Ctrl Pts',(-3.15606425283856,0.2,12.6543529887476));
#10015=CARTESIAN_POINT('Ctrl Pts',(-3.16090938840739,0.2,12.5789356847295));
#10016=CARTESIAN_POINT('Ctrl Pts',(-3.1634470314378,0.2,12.5394358207536));
#10017=CARTESIAN_POINT('',(-3.1634470314378,0.3,12.5394358207536));
#10018=CARTESIAN_POINT('Ctrl Pts',(-3.1634470314378,0.3,12.5394358207536));
#10019=CARTESIAN_POINT('Ctrl Pts',(-3.16090938840739,0.3,12.5789356847295));
#10020=CARTESIAN_POINT('Ctrl Pts',(-3.15606425283856,0.3,12.6543529887476));
#10021=CARTESIAN_POINT('Ctrl Pts',(-3.10922123766297,0.3,12.7133851673047));
#10022=CARTESIAN_POINT('Ctrl Pts',(-3.0869122833604,0.3,12.7414992024255));
#10023=CARTESIAN_POINT('',(-3.1634470314378,0.2,12.5394358207536));
#10024=CARTESIAN_POINT('Ctrl Pts',(-3.06777871555035,0.2,12.280841009791));
#10025=CARTESIAN_POINT('Ctrl Pts',(-3.06777871555035,0.3,12.280841009791));
#10026=CARTESIAN_POINT('Ctrl Pts',(-3.09568133976425,0.2,12.3190761624516));
#10027=CARTESIAN_POINT('Ctrl Pts',(-3.09568133976425,0.3,12.3190761624516));
#10028=CARTESIAN_POINT('Ctrl Pts',(-3.15196676499208,0.2,12.396204457255));
#10029=CARTESIAN_POINT('Ctrl Pts',(-3.15196676499208,0.3,12.396204457255));
#10030=CARTESIAN_POINT('Ctrl Pts',(-3.15959857337296,0.2,12.4914212647674));
#10031=CARTESIAN_POINT('Ctrl Pts',(-3.15959857337296,0.3,12.4914212647674));
#10032=CARTESIAN_POINT('Ctrl Pts',(-3.1634470314378,0.2,12.5394358207536));
#10033=CARTESIAN_POINT('Ctrl Pts',(-3.1634470314378,0.3,12.5394358207536));
#10034=CARTESIAN_POINT('',(-3.06777871555035,0.2,12.280841009791));
#10035=CARTESIAN_POINT('Ctrl Pts',(-3.1634470314378,0.2,12.5394358207536));
#10036=CARTESIAN_POINT('Ctrl Pts',(-3.15959857337296,0.2,12.4914212647674));
#10037=CARTESIAN_POINT('Ctrl Pts',(-3.15196676499208,0.2,12.396204457255));
#10038=CARTESIAN_POINT('Ctrl Pts',(-3.09568133976425,0.2,12.3190761624516));
#10039=CARTESIAN_POINT('Ctrl Pts',(-3.06777871555035,0.2,12.280841009791));
#10040=CARTESIAN_POINT('',(-3.06777871555035,0.3,12.280841009791));
#10041=CARTESIAN_POINT('Ctrl Pts',(-3.06777871555035,0.3,12.280841009791));
#10042=CARTESIAN_POINT('Ctrl Pts',(-3.09568133976425,0.3,12.3190761624516));
#10043=CARTESIAN_POINT('Ctrl Pts',(-3.15196676499208,0.3,12.396204457255));
#10044=CARTESIAN_POINT('Ctrl Pts',(-3.15959857337296,0.3,12.4914212647674));
#10045=CARTESIAN_POINT('Ctrl Pts',(-3.1634470314378,0.3,12.5394358207536));
#10046=CARTESIAN_POINT('',(-3.06777871555035,0.2,12.280841009791));
#10047=CARTESIAN_POINT('Ctrl Pts',(-2.81150306171124,0.2,12.1718368698908));
#10048=CARTESIAN_POINT('Ctrl Pts',(-2.81150306171124,0.3,12.1718368698908));
#10049=CARTESIAN_POINT('Ctrl Pts',(-2.86183485048628,0.2,12.1758242362856));
#10050=CARTESIAN_POINT('Ctrl Pts',(-2.86183485048628,0.3,12.1758242362856));
#10051=CARTESIAN_POINT('Ctrl Pts',(-2.95964227108044,0.2,12.1835726996629));
#10052=CARTESIAN_POINT('Ctrl Pts',(-2.95964227108044,0.3,12.1835726996629));
#10053=CARTESIAN_POINT('Ctrl Pts',(-3.0324418614672,0.2,12.2490556473375));
#10054=CARTESIAN_POINT('Ctrl Pts',(-3.0324418614672,0.3,12.2490556473375));
#10055=CARTESIAN_POINT('Ctrl Pts',(-3.06777871555035,0.2,12.280841009791));
#10056=CARTESIAN_POINT('Ctrl Pts',(-3.06777871555035,0.3,12.280841009791));
#10057=CARTESIAN_POINT('',(-2.81150306171124,0.2,12.1718368698908));
#10058=CARTESIAN_POINT('Ctrl Pts',(-3.06777871555035,0.2,12.280841009791));
#10059=CARTESIAN_POINT('Ctrl Pts',(-3.0324418614672,0.2,12.2490556473375));
#10060=CARTESIAN_POINT('Ctrl Pts',(-2.95964227108044,0.2,12.1835726996629));
#10061=CARTESIAN_POINT('Ctrl Pts',(-2.86183485048628,0.2,12.1758242362856));
#10062=CARTESIAN_POINT('Ctrl Pts',(-2.81150306171124,0.2,12.1718368698908));
#10063=CARTESIAN_POINT('',(-2.81150306171124,0.3,12.1718368698908));
#10064=CARTESIAN_POINT('Ctrl Pts',(-2.81150306171124,0.3,12.1718368698908));
#10065=CARTESIAN_POINT('Ctrl Pts',(-2.86183485048628,0.3,12.1758242362856));
#10066=CARTESIAN_POINT('Ctrl Pts',(-2.95964227108044,0.3,12.1835726996629));
#10067=CARTESIAN_POINT('Ctrl Pts',(-3.0324418614672,0.3,12.2490556473375));
#10068=CARTESIAN_POINT('Ctrl Pts',(-3.06777871555035,0.3,12.280841009791));
#10069=CARTESIAN_POINT('',(-2.81150306171124,0.2,12.1718368698908));
#10070=CARTESIAN_POINT('Ctrl Pts',(-2.6572738975877,0.2,12.2066254784418));
#10071=CARTESIAN_POINT('Ctrl Pts',(-2.6572738975877,0.3,12.2066254784418));
#10072=CARTESIAN_POINT('Ctrl Pts',(-2.68100326435463,0.2,12.196482442441));
#10073=CARTESIAN_POINT('Ctrl Pts',(-2.68100326435463,0.3,12.196482442441));
#10074=CARTESIAN_POINT('Ctrl Pts',(-2.73023815103918,0.2,12.1754371598998));
#10075=CARTESIAN_POINT('Ctrl Pts',(-2.73023815103918,0.3,12.1754371598998));
#10076=CARTESIAN_POINT('Ctrl Pts',(-2.78377102368818,0.2,12.173065486013));
#10077=CARTESIAN_POINT('Ctrl Pts',(-2.78377102368818,0.3,12.173065486013));
#10078=CARTESIAN_POINT('Ctrl Pts',(-2.81150306171124,0.2,12.1718368698908));
#10079=CARTESIAN_POINT('Ctrl Pts',(-2.81150306171124,0.3,12.1718368698908));
#10080=CARTESIAN_POINT('',(-2.6572738975877,0.2,12.2066254784418));
#10081=CARTESIAN_POINT('Ctrl Pts',(-2.81150306171124,0.2,12.1718368698908));
#10082=CARTESIAN_POINT('Ctrl Pts',(-2.78377102368818,0.2,12.173065486013));
#10083=CARTESIAN_POINT('Ctrl Pts',(-2.73023815103918,0.2,12.1754371598998));
#10084=CARTESIAN_POINT('Ctrl Pts',(-2.68100326435463,0.2,12.196482442441));
#10085=CARTESIAN_POINT('Ctrl Pts',(-2.6572738975877,0.2,12.2066254784418));
#10086=CARTESIAN_POINT('',(-2.6572738975877,0.3,12.2066254784418));
#10087=CARTESIAN_POINT('Ctrl Pts',(-2.6572738975877,0.3,12.2066254784418));
#10088=CARTESIAN_POINT('Ctrl Pts',(-2.68100326435463,0.3,12.196482442441));
#10089=CARTESIAN_POINT('Ctrl Pts',(-2.73023815103918,0.3,12.1754371598998));
#10090=CARTESIAN_POINT('Ctrl Pts',(-2.78377102368818,0.3,12.173065486013));
#10091=CARTESIAN_POINT('Ctrl Pts',(-2.81150306171124,0.3,12.1718368698908));
#10092=CARTESIAN_POINT('',(-2.6572738975877,0.2,12.2066254784418));
#10093=CARTESIAN_POINT('Ctrl Pts',(-2.55696690982525,0.2,12.3051929642511));
#10094=CARTESIAN_POINT('Ctrl Pts',(-2.55696690982525,0.3,12.3051929642511));
#10095=CARTESIAN_POINT('Ctrl Pts',(-2.5695633595967,0.2,12.2850619197868));
#10096=CARTESIAN_POINT('Ctrl Pts',(-2.5695633595967,0.3,12.2850619197868));
#10097=CARTESIAN_POINT('Ctrl Pts',(-2.59511790687786,0.2,12.2442218627139));
#10098=CARTESIAN_POINT('Ctrl Pts',(-2.59511790687786,0.3,12.2442218627139));
#10099=CARTESIAN_POINT('Ctrl Pts',(-2.63636067823328,0.2,12.2192752877721));
#10100=CARTESIAN_POINT('Ctrl Pts',(-2.63636067823328,0.3,12.2192752877721));
#10101=CARTESIAN_POINT('Ctrl Pts',(-2.6572738975877,0.2,12.2066254784418));
#10102=CARTESIAN_POINT('Ctrl Pts',(-2.6572738975877,0.3,12.2066254784418));
#10103=CARTESIAN_POINT('',(-2.55696690982525,0.2,12.3051929642511));
#10104=CARTESIAN_POINT('Ctrl Pts',(-2.6572738975877,0.2,12.2066254784418));
#10105=CARTESIAN_POINT('Ctrl Pts',(-2.63636067823328,0.2,12.2192752877721));
#10106=CARTESIAN_POINT('Ctrl Pts',(-2.59511790687786,0.2,12.2442218627139));
#10107=CARTESIAN_POINT('Ctrl Pts',(-2.5695633595967,0.2,12.2850619197868));
#10108=CARTESIAN_POINT('Ctrl Pts',(-2.55696690982525,0.2,12.3051929642511));
#10109=CARTESIAN_POINT('',(-2.55696690982525,0.3,12.3051929642511));
#10110=CARTESIAN_POINT('Ctrl Pts',(-2.55696690982525,0.3,12.3051929642511));
#10111=CARTESIAN_POINT('Ctrl Pts',(-2.5695633595967,0.3,12.2850619197868));
#10112=CARTESIAN_POINT('Ctrl Pts',(-2.59511790687786,0.3,12.2442218627139));
#10113=CARTESIAN_POINT('Ctrl Pts',(-2.63636067823328,0.3,12.2192752877721));
#10114=CARTESIAN_POINT('Ctrl Pts',(-2.6572738975877,0.3,12.2066254784418));
#10115=CARTESIAN_POINT('',(-2.55696690982525,0.2,12.3051929642511));
#10116=CARTESIAN_POINT('Ctrl Pts',(-2.52391780322735,0.2,12.4420279433084));
#10117=CARTESIAN_POINT('Ctrl Pts',(-2.52391780322735,0.3,12.4420279433084));
#10118=CARTESIAN_POINT('Ctrl Pts',(-2.52527036469321,0.2,12.4181097296246));
#10119=CARTESIAN_POINT('Ctrl Pts',(-2.52527036469321,0.3,12.4181097296246));
#10120=CARTESIAN_POINT('Ctrl Pts',(-2.52796362368457,0.2,12.370483099939));
#10121=CARTESIAN_POINT('Ctrl Pts',(-2.52796362368457,0.3,12.370483099939));
#10122=CARTESIAN_POINT('Ctrl Pts',(-2.54732758084446,0.2,12.3268923363169));
#10123=CARTESIAN_POINT('Ctrl Pts',(-2.54732758084446,0.3,12.3268923363169));
#10124=CARTESIAN_POINT('Ctrl Pts',(-2.55696690982525,0.2,12.3051929642511));
#10125=CARTESIAN_POINT('Ctrl Pts',(-2.55696690982525,0.3,12.3051929642511));
#10126=CARTESIAN_POINT('Ctrl Pts',(-2.55696690982525,0.2,12.3051929642511));
#10127=CARTESIAN_POINT('Ctrl Pts',(-2.54732758084446,0.2,12.3268923363169));
#10128=CARTESIAN_POINT('Ctrl Pts',(-2.52796362368457,0.2,12.370483099939));
#10129=CARTESIAN_POINT('Ctrl Pts',(-2.52527036469321,0.2,12.4181097296246));
#10130=CARTESIAN_POINT('Ctrl Pts',(-2.52391780322735,0.2,12.4420279433084));
#10131=CARTESIAN_POINT('Ctrl Pts',(-2.52391780322735,0.3,12.4420279433084));
#10132=CARTESIAN_POINT('Ctrl Pts',(-2.52527036469321,0.3,12.4181097296246));
#10133=CARTESIAN_POINT('Ctrl Pts',(-2.52796362368457,0.3,12.370483099939));
#10134=CARTESIAN_POINT('Ctrl Pts',(-2.54732758084446,0.3,12.3268923363169));
#10135=CARTESIAN_POINT('Ctrl Pts',(-2.55696690982525,0.3,12.3051929642511));
#10136=CARTESIAN_POINT('Origin',(-1.37734552068953,0.3,12.6110421885801));
#10137=CARTESIAN_POINT('Origin',(-0.5,0.2,12.5));
#10138=CARTESIAN_POINT('Ctrl Pts',(-1.38082421725933,0.2,12.6556875278307));
#10139=CARTESIAN_POINT('Ctrl Pts',(-1.38082421725933,0.3,12.6556875278307));
#10140=CARTESIAN_POINT('Ctrl Pts',(-1.39087983326478,0.2,12.6423813050058));
#10141=CARTESIAN_POINT('Ctrl Pts',(-1.39087983326478,0.3,12.6423813050058));
#10142=CARTESIAN_POINT('Ctrl Pts',(-1.41202558840178,0.2,12.6143999133634));
#10143=CARTESIAN_POINT('Ctrl Pts',(-1.41202558840178,0.3,12.6143999133634));
#10144=CARTESIAN_POINT('Ctrl Pts',(-1.41418852917681,0.2,12.5792982584517));
#10145=CARTESIAN_POINT('Ctrl Pts',(-1.41418852917681,0.3,12.5792982584517));
#10146=CARTESIAN_POINT('Ctrl Pts',(-1.41532290881817,0.2,12.5608887841058));
#10147=CARTESIAN_POINT('Ctrl Pts',(-1.41532290881817,0.3,12.5608887841058));
#10148=CARTESIAN_POINT('',(-1.41532290881817,0.2,12.5608887841058));
#10149=CARTESIAN_POINT('',(-1.38082421725933,0.2,12.6556875278307));
#10150=CARTESIAN_POINT('Ctrl Pts',(-1.41532290881817,0.2,12.5608887841058));
#10151=CARTESIAN_POINT('Ctrl Pts',(-1.41418852917681,0.2,12.5792982584517));
#10152=CARTESIAN_POINT('Ctrl Pts',(-1.41202558840178,0.2,12.6143999133634));
#10153=CARTESIAN_POINT('Ctrl Pts',(-1.39087983326478,0.2,12.6423813050058));
#10154=CARTESIAN_POINT('Ctrl Pts',(-1.38082421725933,0.2,12.6556875278307));
#10155=CARTESIAN_POINT('',(-1.41532290881817,0.3,12.5608887841058));
#10156=CARTESIAN_POINT('',(-1.41532290881817,0.2,12.5608887841058));
#10157=CARTESIAN_POINT('',(-1.38082421725933,0.3,12.6556875278307));
#10158=CARTESIAN_POINT('Ctrl Pts',(-1.38082421725933,0.3,12.6556875278307));
#10159=CARTESIAN_POINT('Ctrl Pts',(-1.39087983326478,0.3,12.6423813050058));
#10160=CARTESIAN_POINT('Ctrl Pts',(-1.41202558840178,0.3,12.6143999133634));
#10161=CARTESIAN_POINT('Ctrl Pts',(-1.41418852917681,0.3,12.5792982584517));
#10162=CARTESIAN_POINT('Ctrl Pts',(-1.41532290881817,0.3,12.5608887841058));
#10163=CARTESIAN_POINT('',(-1.38082421725933,0.2,12.6556875278307));
#10164=CARTESIAN_POINT('Ctrl Pts',(-1.29182375377361,0.2,12.691345768149));
#10165=CARTESIAN_POINT('Ctrl Pts',(-1.29182375377361,0.3,12.691345768149));
#10166=CARTESIAN_POINT('Ctrl Pts',(-1.30899582969166,0.2,12.6900238885485));
#10167=CARTESIAN_POINT('Ctrl Pts',(-1.30899582969166,0.3,12.6900238885485));
#10168=CARTESIAN_POINT('Ctrl Pts',(-1.34245364061544,0.2,12.6874483584875));
#10169=CARTESIAN_POINT('Ctrl Pts',(-1.34245364061544,0.3,12.6874483584875));
#10170=CARTESIAN_POINT('Ctrl Pts',(-1.36826192336647,0.2,12.666085831007));
#10171=CARTESIAN_POINT('Ctrl Pts',(-1.36826192336647,0.3,12.666085831007));
#10172=CARTESIAN_POINT('Ctrl Pts',(-1.38082421725933,0.2,12.6556875278307));
#10173=CARTESIAN_POINT('Ctrl Pts',(-1.38082421725933,0.3,12.6556875278307));
#10174=CARTESIAN_POINT('',(-1.29182375377361,0.2,12.691345768149));
#10175=CARTESIAN_POINT('Ctrl Pts',(-1.38082421725933,0.2,12.6556875278307));
#10176=CARTESIAN_POINT('Ctrl Pts',(-1.36826192336647,0.2,12.666085831007));
#10177=CARTESIAN_POINT('Ctrl Pts',(-1.34245364061544,0.2,12.6874483584875));
#10178=CARTESIAN_POINT('Ctrl Pts',(-1.30899582969166,0.2,12.6900238885485));
#10179=CARTESIAN_POINT('Ctrl Pts',(-1.29182375377361,0.2,12.691345768149));
#10180=CARTESIAN_POINT('',(-1.29182375377361,0.3,12.691345768149));
#10181=CARTESIAN_POINT('Ctrl Pts',(-1.29182375377361,0.3,12.691345768149));
#10182=CARTESIAN_POINT('Ctrl Pts',(-1.30899582969166,0.3,12.6900238885485));
#10183=CARTESIAN_POINT('Ctrl Pts',(-1.34245364061544,0.3,12.6874483584875));
#10184=CARTESIAN_POINT('Ctrl Pts',(-1.36826192336647,0.3,12.666085831007));
#10185=CARTESIAN_POINT('Ctrl Pts',(-1.38082421725933,0.3,12.6556875278307));
#10186=CARTESIAN_POINT('',(-1.29182375377361,0.2,12.691345768149));
#10187=CARTESIAN_POINT('Ctrl Pts',(-1.19615519946758,0.2,12.6580067445589));
#10188=CARTESIAN_POINT('Ctrl Pts',(-1.19615519946758,0.3,12.6580067445589));
#10189=CARTESIAN_POINT('Ctrl Pts',(-1.2106005174255,0.2,12.6677306088037));
#10190=CARTESIAN_POINT('Ctrl Pts',(-1.2106005174255,0.3,12.6677306088037));
#10191=CARTESIAN_POINT('Ctrl Pts',(-1.23956421857534,0.2,12.6872275211478));
#10192=CARTESIAN_POINT('Ctrl Pts',(-1.23956421857534,0.3,12.6872275211478));
#10193=CARTESIAN_POINT('Ctrl Pts',(-1.27437463722536,0.2,12.6899707124462));
#10194=CARTESIAN_POINT('Ctrl Pts',(-1.27437463722536,0.3,12.6899707124462));
#10195=CARTESIAN_POINT('Ctrl Pts',(-1.29182375377361,0.2,12.691345768149));
#10196=CARTESIAN_POINT('Ctrl Pts',(-1.29182375377361,0.3,12.691345768149));
#10197=CARTESIAN_POINT('',(-1.19615519946758,0.2,12.6580067445589));
#10198=CARTESIAN_POINT('Ctrl Pts',(-1.29182375377361,0.2,12.691345768149));
#10199=CARTESIAN_POINT('Ctrl Pts',(-1.27437463722536,0.2,12.6899707124462));
#10200=CARTESIAN_POINT('Ctrl Pts',(-1.23956421857534,0.2,12.6872275211478));
#10201=CARTESIAN_POINT('Ctrl Pts',(-1.2106005174255,0.2,12.6677306088037));
#10202=CARTESIAN_POINT('Ctrl Pts',(-1.19615519946758,0.2,12.6580067445589));
#10203=CARTESIAN_POINT('',(-1.19615519946758,0.3,12.6580067445589));
#10204=CARTESIAN_POINT('Ctrl Pts',(-1.19615519946758,0.3,12.6580067445589));
#10205=CARTESIAN_POINT('Ctrl Pts',(-1.2106005174255,0.3,12.6677306088037));
#10206=CARTESIAN_POINT('Ctrl Pts',(-1.23956421857534,0.3,12.6872275211478));
#10207=CARTESIAN_POINT('Ctrl Pts',(-1.27437463722536,0.3,12.6899707124462));
#10208=CARTESIAN_POINT('Ctrl Pts',(-1.29182375377361,0.3,12.691345768149));
#10209=CARTESIAN_POINT('',(-1.19615519946758,0.2,12.6580067445589));
#10210=CARTESIAN_POINT('Ctrl Pts',(-1.13121665424053,0.2,12.5611786414934));
#10211=CARTESIAN_POINT('Ctrl Pts',(-1.13121665424053,0.3,12.5611786414934));
#10212=CARTESIAN_POINT('Ctrl Pts',(-1.13923947115465,0.2,12.5806859555604));
#10213=CARTESIAN_POINT('Ctrl Pts',(-1.13923947115465,0.3,12.5806859555604));
#10214=CARTESIAN_POINT('Ctrl Pts',(-1.15435001597895,0.2,12.6174269340431));
#10215=CARTESIAN_POINT('Ctrl Pts',(-1.15435001597895,0.3,12.6174269340431));
#10216=CARTESIAN_POINT('Ctrl Pts',(-1.18280714444786,0.2,12.6450499411615));
#10217=CARTESIAN_POINT('Ctrl Pts',(-1.18280714444786,0.3,12.6450499411615));
#10218=CARTESIAN_POINT('Ctrl Pts',(-1.19615519946758,0.2,12.6580067445589));
#10219=CARTESIAN_POINT('Ctrl Pts',(-1.19615519946758,0.3,12.6580067445589));
#10220=CARTESIAN_POINT('',(-1.13121665424053,0.2,12.5611786414934));
#10221=CARTESIAN_POINT('Ctrl Pts',(-1.19615519946758,0.2,12.6580067445589));
#10222=CARTESIAN_POINT('Ctrl Pts',(-1.18280714444786,0.2,12.6450499411615));
#10223=CARTESIAN_POINT('Ctrl Pts',(-1.15435001597895,0.2,12.6174269340431));
#10224=CARTESIAN_POINT('Ctrl Pts',(-1.13923947115465,0.2,12.5806859555604));
#10225=CARTESIAN_POINT('Ctrl Pts',(-1.13121665424053,0.2,12.5611786414934));
#10226=CARTESIAN_POINT('',(-1.13121665424053,0.3,12.5611786414934));
#10227=CARTESIAN_POINT('Ctrl Pts',(-1.13121665424053,0.3,12.5611786414934));
#10228=CARTESIAN_POINT('Ctrl Pts',(-1.13923947115465,0.3,12.5806859555604));
#10229=CARTESIAN_POINT('Ctrl Pts',(-1.15435001597895,0.3,12.6174269340431));
#10230=CARTESIAN_POINT('Ctrl Pts',(-1.18280714444786,0.3,12.6450499411615));
#10231=CARTESIAN_POINT('Ctrl Pts',(-1.19615519946758,0.3,12.6580067445589));
#10232=CARTESIAN_POINT('',(-1.13121665424053,0.2,12.5611786414934));
#10233=CARTESIAN_POINT('Ctrl Pts',(-1.10802424853985,0.2,12.4443471600366));
#10234=CARTESIAN_POINT('Ctrl Pts',(-1.10802424853985,0.3,12.4443471600366));
#10235=CARTESIAN_POINT('Ctrl Pts',(-1.10920371439953,0.2,12.4631189321886));
#10236=CARTESIAN_POINT('Ctrl Pts',(-1.10920371439953,0.3,12.4631189321886));
#10237=CARTESIAN_POINT('Ctrl Pts',(-1.11171394730244,0.2,12.5030705083323));
#10238=CARTESIAN_POINT('Ctrl Pts',(-1.11171394730244,0.3,12.5030705083323));
#10239=CARTESIAN_POINT('Ctrl Pts',(-1.12445967428454,0.2,12.5410462828267));
#10240=CARTESIAN_POINT('Ctrl Pts',(-1.12445967428454,0.3,12.5410462828267));
#10241=CARTESIAN_POINT('Ctrl Pts',(-1.13121665424053,0.2,12.5611786414934));
#10242=CARTESIAN_POINT('Ctrl Pts',(-1.13121665424053,0.3,12.5611786414934));
#10243=CARTESIAN_POINT('',(-1.10802424853985,0.2,12.4443471600366));
#10244=CARTESIAN_POINT('Ctrl Pts',(-1.13121665424053,0.2,12.5611786414934));
#10245=CARTESIAN_POINT('Ctrl Pts',(-1.12445967428454,0.2,12.5410462828267));
#10246=CARTESIAN_POINT('Ctrl Pts',(-1.11171394730244,0.2,12.5030705083323));
#10247=CARTESIAN_POINT('Ctrl Pts',(-1.10920371439953,0.2,12.4631189321886));
#10248=CARTESIAN_POINT('Ctrl Pts',(-1.10802424853985,0.2,12.4443471600366));
#10249=CARTESIAN_POINT('',(-1.10802424853985,0.3,12.4443471600366));
#10250=CARTESIAN_POINT('Ctrl Pts',(-1.10802424853985,0.3,12.4443471600366));
#10251=CARTESIAN_POINT('Ctrl Pts',(-1.10920371439953,0.3,12.4631189321886));
#10252=CARTESIAN_POINT('Ctrl Pts',(-1.11171394730244,0.3,12.5030705083323));
#10253=CARTESIAN_POINT('Ctrl Pts',(-1.12445967428454,0.3,12.5410462828267));
#10254=CARTESIAN_POINT('Ctrl Pts',(-1.13121665424053,0.3,12.5611786414934));
#10255=CARTESIAN_POINT('',(-1.10802424853985,0.2,12.4443471600366));
#10256=CARTESIAN_POINT('Ctrl Pts',(-1.14397228664104,0.2,12.3394017388178));
#10257=CARTESIAN_POINT('Ctrl Pts',(-1.14397228664104,0.3,12.3394017388178));
#10258=CARTESIAN_POINT('Ctrl Pts',(-1.13349805257967,0.2,12.3540924200525));
#10259=CARTESIAN_POINT('Ctrl Pts',(-1.13349805257967,0.3,12.3540924200525));
#10260=CARTESIAN_POINT('Ctrl Pts',(-1.11117929261219,0.2,12.3853956911381));
#10261=CARTESIAN_POINT('Ctrl Pts',(-1.11117929261219,0.3,12.3853956911381));
#10262=CARTESIAN_POINT('Ctrl Pts',(-1.10911811291191,0.2,12.4239084878563));
#10263=CARTESIAN_POINT('Ctrl Pts',(-1.10911811291191,0.3,12.4239084878563));
#10264=CARTESIAN_POINT('Ctrl Pts',(-1.10802424853985,0.2,12.4443471600366));
#10265=CARTESIAN_POINT('Ctrl Pts',(-1.10802424853985,0.3,12.4443471600366));
#10266=CARTESIAN_POINT('',(-1.14397228664104,0.2,12.3394017388178));
#10267=CARTESIAN_POINT('Ctrl Pts',(-1.10802424853985,0.2,12.4443471600366));
#10268=CARTESIAN_POINT('Ctrl Pts',(-1.10911811291191,0.2,12.4239084878563));
#10269=CARTESIAN_POINT('Ctrl Pts',(-1.11117929261219,0.2,12.3853956911381));
#10270=CARTESIAN_POINT('Ctrl Pts',(-1.13349805257967,0.2,12.3540924200525));
#10271=CARTESIAN_POINT('Ctrl Pts',(-1.14397228664104,0.2,12.3394017388178));
#10272=CARTESIAN_POINT('',(-1.14397228664104,0.3,12.3394017388178));
#10273=CARTESIAN_POINT('Ctrl Pts',(-1.14397228664104,0.3,12.3394017388178));
#10274=CARTESIAN_POINT('Ctrl Pts',(-1.13349805257967,0.3,12.3540924200525));
#10275=CARTESIAN_POINT('Ctrl Pts',(-1.11117929261219,0.3,12.3853956911381));
#10276=CARTESIAN_POINT('Ctrl Pts',(-1.10911811291191,0.3,12.4239084878563));
#10277=CARTESIAN_POINT('Ctrl Pts',(-1.10802424853985,0.3,12.4443471600366));
#10278=CARTESIAN_POINT('',(-1.14397228664104,0.2,12.3394017388178));
#10279=CARTESIAN_POINT('Ctrl Pts',(-1.23442257350628,0.2,12.3005545307947));
#10280=CARTESIAN_POINT('Ctrl Pts',(-1.23442257350628,0.3,12.3005545307947));
#10281=CARTESIAN_POINT('Ctrl Pts',(-1.21707914709336,0.2,12.3021185998362));
#10282=CARTESIAN_POINT('Ctrl Pts',(-1.21707914709336,0.3,12.3021185998362));
#10283=CARTESIAN_POINT('Ctrl Pts',(-1.18267875711741,0.2,12.3052209040577));
#10284=CARTESIAN_POINT('Ctrl Pts',(-1.18267875711741,0.3,12.3052209040577));
#10285=CARTESIAN_POINT('Ctrl Pts',(-1.15680261721894,0.2,12.3280715554143));
#10286=CARTESIAN_POINT('Ctrl Pts',(-1.15680261721894,0.3,12.3280715554143));
#10287=CARTESIAN_POINT('Ctrl Pts',(-1.14397228664104,0.2,12.3394017388178));
#10288=CARTESIAN_POINT('Ctrl Pts',(-1.14397228664104,0.3,12.3394017388178));
#10289=CARTESIAN_POINT('',(-1.23442257350628,0.2,12.3005545307947));
#10290=CARTESIAN_POINT('Ctrl Pts',(-1.14397228664104,0.2,12.3394017388178));
#10291=CARTESIAN_POINT('Ctrl Pts',(-1.15680261721894,0.2,12.3280715554143));
#10292=CARTESIAN_POINT('Ctrl Pts',(-1.18267875711741,0.2,12.3052209040577));
#10293=CARTESIAN_POINT('Ctrl Pts',(-1.21707914709336,0.2,12.3021185998362));
#10294=CARTESIAN_POINT('Ctrl Pts',(-1.23442257350628,0.2,12.3005545307947));
#10295=CARTESIAN_POINT('',(-1.23442257350628,0.3,12.3005545307947));
#10296=CARTESIAN_POINT('Ctrl Pts',(-1.23442257350628,0.3,12.3005545307947));
#10297=CARTESIAN_POINT('Ctrl Pts',(-1.21707914709336,0.3,12.3021185998362));
#10298=CARTESIAN_POINT('Ctrl Pts',(-1.18267875711741,0.3,12.3052209040577));
#10299=CARTESIAN_POINT('Ctrl Pts',(-1.15680261721894,0.3,12.3280715554143));
#10300=CARTESIAN_POINT('Ctrl Pts',(-1.14397228664104,0.3,12.3394017388178));
#10301=CARTESIAN_POINT('',(-1.23442257350628,0.2,12.3005545307947));
#10302=CARTESIAN_POINT('Ctrl Pts',(-1.34922469562237,0.2,12.3591152002168));
#10303=CARTESIAN_POINT('Ctrl Pts',(-1.34922469562237,0.3,12.3591152002168));
#10304=CARTESIAN_POINT('Ctrl Pts',(-1.33315118002881,0.2,12.3420382796141));
#10305=CARTESIAN_POINT('Ctrl Pts',(-1.33315118002881,0.3,12.3420382796141));
#10306=CARTESIAN_POINT('Ctrl Pts',(-1.30180657181733,0.2,12.3087369534272));
#10307=CARTESIAN_POINT('Ctrl Pts',(-1.30180657181733,0.3,12.3087369534272));
#10308=CARTESIAN_POINT('Ctrl Pts',(-1.25649726638583,0.2,12.303235055417));
#10309=CARTESIAN_POINT('Ctrl Pts',(-1.25649726638583,0.3,12.303235055417));
#10310=CARTESIAN_POINT('Ctrl Pts',(-1.23442257350628,0.2,12.3005545307947));
#10311=CARTESIAN_POINT('Ctrl Pts',(-1.23442257350628,0.3,12.3005545307947));
#10312=CARTESIAN_POINT('',(-1.34922469562237,0.2,12.3591152002168));
#10313=CARTESIAN_POINT('Ctrl Pts',(-1.23442257350628,0.2,12.3005545307947));
#10314=CARTESIAN_POINT('Ctrl Pts',(-1.25649726638583,0.2,12.303235055417));
#10315=CARTESIAN_POINT('Ctrl Pts',(-1.30180657181733,0.2,12.3087369534272));
#10316=CARTESIAN_POINT('Ctrl Pts',(-1.33315118002881,0.2,12.3420382796141));
#10317=CARTESIAN_POINT('Ctrl Pts',(-1.34922469562237,0.2,12.3591152002168));
#10318=CARTESIAN_POINT('',(-1.34922469562237,0.3,12.3591152002168));
#10319=CARTESIAN_POINT('Ctrl Pts',(-1.34922469562237,0.3,12.3591152002168));
#10320=CARTESIAN_POINT('Ctrl Pts',(-1.33315118002881,0.3,12.3420382796141));
#10321=CARTESIAN_POINT('Ctrl Pts',(-1.30180657181733,0.3,12.3087369534272));
#10322=CARTESIAN_POINT('Ctrl Pts',(-1.25649726638583,0.3,12.303235055417));
#10323=CARTESIAN_POINT('Ctrl Pts',(-1.23442257350628,0.3,12.3005545307947));
#10324=CARTESIAN_POINT('',(-1.34922469562237,0.2,12.3591152002168));
#10325=CARTESIAN_POINT('Ctrl Pts',(-1.41532290881817,0.2,12.5608887841058));
#10326=CARTESIAN_POINT('Ctrl Pts',(-1.41532290881817,0.3,12.5608887841058));
#10327=CARTESIAN_POINT('Ctrl Pts',(-1.41292727667392,0.2,12.5232258651283));
#10328=CARTESIAN_POINT('Ctrl Pts',(-1.41292727667392,0.3,12.5232258651283));
#10329=CARTESIAN_POINT('Ctrl Pts',(-1.40828028604781,0.2,12.4501682248471));
#10330=CARTESIAN_POINT('Ctrl Pts',(-1.40828028604781,0.3,12.4501682248471));
#10331=CARTESIAN_POINT('Ctrl Pts',(-1.36849819168998,0.2,12.3888314404494));
#10332=CARTESIAN_POINT('Ctrl Pts',(-1.36849819168998,0.3,12.3888314404494));
#10333=CARTESIAN_POINT('Ctrl Pts',(-1.34922469562237,0.2,12.3591152002168));
#10334=CARTESIAN_POINT('Ctrl Pts',(-1.34922469562237,0.3,12.3591152002168));
#10335=CARTESIAN_POINT('Ctrl Pts',(-1.34922469562237,0.2,12.3591152002168));
#10336=CARTESIAN_POINT('Ctrl Pts',(-1.36849819168998,0.2,12.3888314404494));
#10337=CARTESIAN_POINT('Ctrl Pts',(-1.40828028604781,0.2,12.4501682248471));
#10338=CARTESIAN_POINT('Ctrl Pts',(-1.41292727667392,0.2,12.5232258651283));
#10339=CARTESIAN_POINT('Ctrl Pts',(-1.41532290881817,0.2,12.5608887841058));
#10340=CARTESIAN_POINT('Ctrl Pts',(-1.41532290881817,0.3,12.5608887841058));
#10341=CARTESIAN_POINT('Ctrl Pts',(-1.41292727667392,0.3,12.5232258651283));
#10342=CARTESIAN_POINT('Ctrl Pts',(-1.40828028604781,0.3,12.4501682248471));
#10343=CARTESIAN_POINT('Ctrl Pts',(-1.36849819168998,0.3,12.3888314404494));
#10344=CARTESIAN_POINT('Ctrl Pts',(-1.34922469562237,0.3,12.3591152002168));
#10345=CARTESIAN_POINT('Ctrl Pts',(-1.03757751887981,0.2,12.7148280312372));
#10346=CARTESIAN_POINT('Ctrl Pts',(-1.03757751887981,0.3,12.7148280312372));
#10347=CARTESIAN_POINT('Ctrl Pts',(-1.00944366183081,0.2,12.6765997478205));
#10348=CARTESIAN_POINT('Ctrl Pts',(-1.00944366183081,0.3,12.6765997478205));
#10349=CARTESIAN_POINT('Ctrl Pts',(-0.949897030605084,0.2,12.5956877885735));
#10350=CARTESIAN_POINT('Ctrl Pts',(-0.949897030605084,0.3,12.5956877885735));
#10351=CARTESIAN_POINT('Ctrl Pts',(-0.944098255200842,0.2,12.4950942754594));
#10352=CARTESIAN_POINT('Ctrl Pts',(-0.944098255200842,0.3,12.4950942754594));
#10353=CARTESIAN_POINT('Ctrl Pts',(-0.941039213597221,0.2,12.4420279433084));
#10354=CARTESIAN_POINT('Ctrl Pts',(-0.941039213597221,0.3,12.4420279433084));
#10355=CARTESIAN_POINT('',(-0.941039213597221,0.2,12.4420279433084));
#10356=CARTESIAN_POINT('',(-1.03757751887981,0.2,12.7148280312372));
#10357=CARTESIAN_POINT('Ctrl Pts',(-0.941039213597221,0.2,12.4420279433084));
#10358=CARTESIAN_POINT('Ctrl Pts',(-0.944098255200842,0.2,12.4950942754594));
#10359=CARTESIAN_POINT('Ctrl Pts',(-0.949897030605084,0.2,12.5956877885735));
#10360=CARTESIAN_POINT('Ctrl Pts',(-1.00944366183081,0.2,12.6765997478205));
#10361=CARTESIAN_POINT('Ctrl Pts',(-1.03757751887981,0.2,12.7148280312372));
#10362=CARTESIAN_POINT('',(-0.941039213597221,0.3,12.4420279433084));
#10363=CARTESIAN_POINT('',(-0.941039213597221,0.2,12.4420279433084));
#10364=CARTESIAN_POINT('',(-1.03757751887981,0.3,12.7148280312372));
#10365=CARTESIAN_POINT('Ctrl Pts',(-1.03757751887981,0.3,12.7148280312372));
#10366=CARTESIAN_POINT('Ctrl Pts',(-1.00944366183081,0.3,12.6765997478205));
#10367=CARTESIAN_POINT('Ctrl Pts',(-0.949897030605084,0.3,12.5956877885735));
#10368=CARTESIAN_POINT('Ctrl Pts',(-0.944098255200842,0.3,12.4950942754594));
#10369=CARTESIAN_POINT('Ctrl Pts',(-0.941039213597221,0.3,12.4420279433084));
#10370=CARTESIAN_POINT('',(-1.03757751887981,0.2,12.7148280312372));
#10371=CARTESIAN_POINT('Ctrl Pts',(-1.29124391978924,0.2,12.8165844847513));
#10372=CARTESIAN_POINT('Ctrl Pts',(-1.29124391978924,0.3,12.8165844847513));
#10373=CARTESIAN_POINT('Ctrl Pts',(-1.24194851236642,0.2,12.8129160483447));
#10374=CARTESIAN_POINT('Ctrl Pts',(-1.24194851236642,0.3,12.8129160483447));
#10375=CARTESIAN_POINT('Ctrl Pts',(-1.14642371980542,0.2,12.8058073409603));
#10376=CARTESIAN_POINT('Ctrl Pts',(-1.14642371980542,0.3,12.8058073409603));
#10377=CARTESIAN_POINT('Ctrl Pts',(-1.07307483560861,0.2,12.7444985327847));
#10378=CARTESIAN_POINT('Ctrl Pts',(-1.07307483560861,0.3,12.7444985327847));
#10379=CARTESIAN_POINT('Ctrl Pts',(-1.03757751887981,0.2,12.7148280312372));
#10380=CARTESIAN_POINT('Ctrl Pts',(-1.03757751887981,0.3,12.7148280312372));
#10381=CARTESIAN_POINT('',(-1.29124391978924,0.2,12.8165844847513));
#10382=CARTESIAN_POINT('Ctrl Pts',(-1.03757751887981,0.2,12.7148280312372));
#10383=CARTESIAN_POINT('Ctrl Pts',(-1.07307483560861,0.2,12.7444985327847));
#10384=CARTESIAN_POINT('Ctrl Pts',(-1.14642371980542,0.2,12.8058073409603));
#10385=CARTESIAN_POINT('Ctrl Pts',(-1.24194851236642,0.2,12.8129160483447));
#10386=CARTESIAN_POINT('Ctrl Pts',(-1.29124391978924,0.2,12.8165844847513));
#10387=CARTESIAN_POINT('',(-1.29124391978924,0.3,12.8165844847513));
#10388=CARTESIAN_POINT('Ctrl Pts',(-1.29124391978924,0.3,12.8165844847513));
#10389=CARTESIAN_POINT('Ctrl Pts',(-1.24194851236642,0.3,12.8129160483447));
#10390=CARTESIAN_POINT('Ctrl Pts',(-1.14642371980542,0.3,12.8058073409603));
#10391=CARTESIAN_POINT('Ctrl Pts',(-1.07307483560861,0.3,12.7444985327847));
#10392=CARTESIAN_POINT('Ctrl Pts',(-1.03757751887981,0.3,12.7148280312372));
#10393=CARTESIAN_POINT('',(-1.29124391978924,0.2,12.8165844847513));
#10394=CARTESIAN_POINT('Ctrl Pts',(-1.50403369373028,0.2,12.7414992024255));
#10395=CARTESIAN_POINT('Ctrl Pts',(-1.50403369373028,0.3,12.7414992024255));
#10396=CARTESIAN_POINT('Ctrl Pts',(-1.47468738520082,0.2,12.7633729638067));
#10397=CARTESIAN_POINT('Ctrl Pts',(-1.47468738520082,0.3,12.7633729638067));
#10398=CARTESIAN_POINT('Ctrl Pts',(-1.41179876236286,0.2,12.8102480495835));
#10399=CARTESIAN_POINT('Ctrl Pts',(-1.41179876236286,0.3,12.8102480495835));
#10400=CARTESIAN_POINT('Ctrl Pts',(-1.33317743760702,0.2,12.8143804337871));
#10401=CARTESIAN_POINT('Ctrl Pts',(-1.33317743760702,0.3,12.8143804337871));
#10402=CARTESIAN_POINT('Ctrl Pts',(-1.29124391978924,0.2,12.8165844847513));
#10403=CARTESIAN_POINT('Ctrl Pts',(-1.29124391978924,0.3,12.8165844847513));
#10404=CARTESIAN_POINT('',(-1.50403369373028,0.2,12.7414992024255));
#10405=CARTESIAN_POINT('Ctrl Pts',(-1.29124391978924,0.2,12.8165844847513));
#10406=CARTESIAN_POINT('Ctrl Pts',(-1.33317743760702,0.2,12.8143804337871));
#10407=CARTESIAN_POINT('Ctrl Pts',(-1.41179876236286,0.2,12.8102480495835));
#10408=CARTESIAN_POINT('Ctrl Pts',(-1.47468738520082,0.2,12.7633729638067));
#10409=CARTESIAN_POINT('Ctrl Pts',(-1.50403369373028,0.2,12.7414992024255));
#10410=CARTESIAN_POINT('',(-1.50403369373028,0.3,12.7414992024255));
#10411=CARTESIAN_POINT('Ctrl Pts',(-1.50403369373028,0.3,12.7414992024255));
#10412=CARTESIAN_POINT('Ctrl Pts',(-1.47468738520082,0.3,12.7633729638067));
#10413=CARTESIAN_POINT('Ctrl Pts',(-1.41179876236286,0.3,12.8102480495835));
#10414=CARTESIAN_POINT('Ctrl Pts',(-1.33317743760702,0.3,12.8143804337871));
#10415=CARTESIAN_POINT('Ctrl Pts',(-1.29124391978924,0.3,12.8165844847513));
#10416=CARTESIAN_POINT('',(-1.50403369373028,0.2,12.7414992024255));
#10417=CARTESIAN_POINT('Ctrl Pts',(-1.58056844180767,0.2,12.5394358207536));
#10418=CARTESIAN_POINT('Ctrl Pts',(-1.58056844180767,0.3,12.5394358207536));
#10419=CARTESIAN_POINT('Ctrl Pts',(-1.57803079877726,0.2,12.5789356847295));
#10420=CARTESIAN_POINT('Ctrl Pts',(-1.57803079877726,0.3,12.5789356847295));
#10421=CARTESIAN_POINT('Ctrl Pts',(-1.57318566320843,0.2,12.6543529887476));
#10422=CARTESIAN_POINT('Ctrl Pts',(-1.57318566320843,0.3,12.6543529887476));
#10423=CARTESIAN_POINT('Ctrl Pts',(-1.52634264803285,0.2,12.7133851673047));
#10424=CARTESIAN_POINT('Ctrl Pts',(-1.52634264803285,0.3,12.7133851673047));
#10425=CARTESIAN_POINT('Ctrl Pts',(-1.50403369373028,0.2,12.7414992024255));
#10426=CARTESIAN_POINT('Ctrl Pts',(-1.50403369373028,0.3,12.7414992024255));
#10427=CARTESIAN_POINT('',(-1.58056844180767,0.2,12.5394358207536));
#10428=CARTESIAN_POINT('Ctrl Pts',(-1.50403369373028,0.2,12.7414992024255));
#10429=CARTESIAN_POINT('Ctrl Pts',(-1.52634264803285,0.2,12.7133851673047));
#10430=CARTESIAN_POINT('Ctrl Pts',(-1.57318566320843,0.2,12.6543529887476));
#10431=CARTESIAN_POINT('Ctrl Pts',(-1.57803079877726,0.2,12.5789356847295));
#10432=CARTESIAN_POINT('Ctrl Pts',(-1.58056844180767,0.2,12.5394358207536));
#10433=CARTESIAN_POINT('',(-1.58056844180767,0.3,12.5394358207536));
#10434=CARTESIAN_POINT('Ctrl Pts',(-1.58056844180767,0.3,12.5394358207536));
#10435=CARTESIAN_POINT('Ctrl Pts',(-1.57803079877726,0.3,12.5789356847295));
#10436=CARTESIAN_POINT('Ctrl Pts',(-1.57318566320843,0.3,12.6543529887476));
#10437=CARTESIAN_POINT('Ctrl Pts',(-1.52634264803285,0.3,12.7133851673047));
#10438=CARTESIAN_POINT('Ctrl Pts',(-1.50403369373028,0.3,12.7414992024255));
#10439=CARTESIAN_POINT('',(-1.58056844180767,0.2,12.5394358207536));
#10440=CARTESIAN_POINT('Ctrl Pts',(-1.48490012592022,0.2,12.280841009791));
#10441=CARTESIAN_POINT('Ctrl Pts',(-1.48490012592022,0.3,12.280841009791));
#10442=CARTESIAN_POINT('Ctrl Pts',(-1.51280286874968,0.2,12.3190761483356));
#10443=CARTESIAN_POINT('Ctrl Pts',(-1.51280286874968,0.3,12.3190761483356));
#10444=CARTESIAN_POINT('Ctrl Pts',(-1.56908850006539,0.2,12.3962043691913));
#10445=CARTESIAN_POINT('Ctrl Pts',(-1.56908850006539,0.3,12.3962043691913));
#10446=CARTESIAN_POINT('Ctrl Pts',(-1.57672009407392,0.2,12.4914212537466));
#10447=CARTESIAN_POINT('Ctrl Pts',(-1.57672009407392,0.3,12.4914212537466));
#10448=CARTESIAN_POINT('Ctrl Pts',(-1.58056844180767,0.2,12.5394358207536));
#10449=CARTESIAN_POINT('Ctrl Pts',(-1.58056844180767,0.3,12.5394358207536));
#10450=CARTESIAN_POINT('',(-1.48490012592022,0.2,12.280841009791));
#10451=CARTESIAN_POINT('Ctrl Pts',(-1.58056844180767,0.2,12.5394358207536));
#10452=CARTESIAN_POINT('Ctrl Pts',(-1.57672009407392,0.2,12.4914212537466));
#10453=CARTESIAN_POINT('Ctrl Pts',(-1.56908850006539,0.2,12.3962043691913));
#10454=CARTESIAN_POINT('Ctrl Pts',(-1.51280286874968,0.2,12.3190761483356));
#10455=CARTESIAN_POINT('Ctrl Pts',(-1.48490012592022,0.2,12.280841009791));
#10456=CARTESIAN_POINT('',(-1.48490012592022,0.3,12.280841009791));
#10457=CARTESIAN_POINT('Ctrl Pts',(-1.48490012592022,0.3,12.280841009791));
#10458=CARTESIAN_POINT('Ctrl Pts',(-1.51280286874968,0.3,12.3190761483356));
#10459=CARTESIAN_POINT('Ctrl Pts',(-1.56908850006539,0.3,12.3962043691913));
#10460=CARTESIAN_POINT('Ctrl Pts',(-1.57672009407392,0.3,12.4914212537466));
#10461=CARTESIAN_POINT('Ctrl Pts',(-1.58056844180767,0.3,12.5394358207536));
#10462=CARTESIAN_POINT('',(-1.48490012592022,0.2,12.280841009791));
#10463=CARTESIAN_POINT('Ctrl Pts',(-1.22862447208111,0.2,12.1718368698908));
#10464=CARTESIAN_POINT('Ctrl Pts',(-1.22862447208111,0.3,12.1718368698908));
#10465=CARTESIAN_POINT('Ctrl Pts',(-1.27895607198119,0.2,12.1758242954069));
#10466=CARTESIAN_POINT('Ctrl Pts',(-1.27895607198119,0.3,12.1758242954069));
#10467=CARTESIAN_POINT('Ctrl Pts',(-1.37676340885354,0.2,12.1835728961166));
#10468=CARTESIAN_POINT('Ctrl Pts',(-1.37676340885354,0.3,12.1835728961166));
#10469=CARTESIAN_POINT('Ctrl Pts',(-1.44956310970322,0.2,12.2490556458226));
#10470=CARTESIAN_POINT('Ctrl Pts',(-1.44956310970322,0.3,12.2490556458226));
#10471=CARTESIAN_POINT('Ctrl Pts',(-1.48490012592022,0.2,12.280841009791));
#10472=CARTESIAN_POINT('Ctrl Pts',(-1.48490012592022,0.3,12.280841009791));
#10473=CARTESIAN_POINT('',(-1.22862447208111,0.2,12.1718368698908));
#10474=CARTESIAN_POINT('Ctrl Pts',(-1.48490012592022,0.2,12.280841009791));
#10475=CARTESIAN_POINT('Ctrl Pts',(-1.44956310970322,0.2,12.2490556458226));
#10476=CARTESIAN_POINT('Ctrl Pts',(-1.37676340885354,0.2,12.1835728961166));
#10477=CARTESIAN_POINT('Ctrl Pts',(-1.27895607198119,0.2,12.1758242954069));
#10478=CARTESIAN_POINT('Ctrl Pts',(-1.22862447208111,0.2,12.1718368698908));
#10479=CARTESIAN_POINT('',(-1.22862447208111,0.3,12.1718368698908));
#10480=CARTESIAN_POINT('Ctrl Pts',(-1.22862447208111,0.3,12.1718368698908));
#10481=CARTESIAN_POINT('Ctrl Pts',(-1.27895607198119,0.3,12.1758242954069));
#10482=CARTESIAN_POINT('Ctrl Pts',(-1.37676340885354,0.3,12.1835728961166));
#10483=CARTESIAN_POINT('Ctrl Pts',(-1.44956310970322,0.3,12.2490556458226));
#10484=CARTESIAN_POINT('Ctrl Pts',(-1.48490012592022,0.3,12.280841009791));
#10485=CARTESIAN_POINT('',(-1.22862447208111,0.2,12.1718368698908));
#10486=CARTESIAN_POINT('Ctrl Pts',(-1.07439530795757,0.2,12.2066254784418));
#10487=CARTESIAN_POINT('Ctrl Pts',(-1.07439530795757,0.3,12.2066254784418));
#10488=CARTESIAN_POINT('Ctrl Pts',(-1.0981246747245,0.2,12.196482442441));
#10489=CARTESIAN_POINT('Ctrl Pts',(-1.0981246747245,0.3,12.196482442441));
#10490=CARTESIAN_POINT('Ctrl Pts',(-1.14735956140905,0.2,12.1754371598998));
#10491=CARTESIAN_POINT('Ctrl Pts',(-1.14735956140905,0.3,12.1754371598998));
#10492=CARTESIAN_POINT('Ctrl Pts',(-1.20089243405806,0.2,12.173065486013));
#10493=CARTESIAN_POINT('Ctrl Pts',(-1.20089243405806,0.3,12.173065486013));
#10494=CARTESIAN_POINT('Ctrl Pts',(-1.22862447208111,0.2,12.1718368698908));
#10495=CARTESIAN_POINT('Ctrl Pts',(-1.22862447208111,0.3,12.1718368698908));
#10496=CARTESIAN_POINT('',(-1.07439530795757,0.2,12.2066254784418));
#10497=CARTESIAN_POINT('Ctrl Pts',(-1.22862447208111,0.2,12.1718368698908));
#10498=CARTESIAN_POINT('Ctrl Pts',(-1.20089243405806,0.2,12.173065486013));
#10499=CARTESIAN_POINT('Ctrl Pts',(-1.14735956140905,0.2,12.1754371598998));
#10500=CARTESIAN_POINT('Ctrl Pts',(-1.0981246747245,0.2,12.196482442441));
#10501=CARTESIAN_POINT('Ctrl Pts',(-1.07439530795757,0.2,12.2066254784418));
#10502=CARTESIAN_POINT('',(-1.07439530795757,0.3,12.2066254784418));
#10503=CARTESIAN_POINT('Ctrl Pts',(-1.07439530795757,0.3,12.2066254784418));
#10504=CARTESIAN_POINT('Ctrl Pts',(-1.0981246747245,0.3,12.196482442441));
#10505=CARTESIAN_POINT('Ctrl Pts',(-1.14735956140905,0.3,12.1754371598998));
#10506=CARTESIAN_POINT('Ctrl Pts',(-1.20089243405806,0.3,12.173065486013));
#10507=CARTESIAN_POINT('Ctrl Pts',(-1.22862447208111,0.3,12.1718368698908));
#10508=CARTESIAN_POINT('',(-1.07439530795757,0.2,12.2066254784418));
#10509=CARTESIAN_POINT('Ctrl Pts',(-0.974088320195122,0.2,12.3051929642511));
#10510=CARTESIAN_POINT('Ctrl Pts',(-0.974088320195122,0.3,12.3051929642511));
#10511=CARTESIAN_POINT('Ctrl Pts',(-0.986684769966578,0.2,12.2850619197868));
#10512=CARTESIAN_POINT('Ctrl Pts',(-0.986684769966578,0.3,12.2850619197868));
#10513=CARTESIAN_POINT('Ctrl Pts',(-1.01223931724773,0.2,12.2442218627139));
#10514=CARTESIAN_POINT('Ctrl Pts',(-1.01223931724773,0.3,12.2442218627139));
#10515=CARTESIAN_POINT('Ctrl Pts',(-1.05348208860315,0.2,12.2192752877721));
#10516=CARTESIAN_POINT('Ctrl Pts',(-1.05348208860315,0.3,12.2192752877721));
#10517=CARTESIAN_POINT('Ctrl Pts',(-1.07439530795757,0.2,12.2066254784418));
#10518=CARTESIAN_POINT('Ctrl Pts',(-1.07439530795757,0.3,12.2066254784418));
#10519=CARTESIAN_POINT('',(-0.974088320195122,0.2,12.3051929642511));
#10520=CARTESIAN_POINT('Ctrl Pts',(-1.07439530795757,0.2,12.2066254784418));
#10521=CARTESIAN_POINT('Ctrl Pts',(-1.05348208860315,0.2,12.2192752877721));
#10522=CARTESIAN_POINT('Ctrl Pts',(-1.01223931724773,0.2,12.2442218627139));
#10523=CARTESIAN_POINT('Ctrl Pts',(-0.986684769966578,0.2,12.2850619197868));
#10524=CARTESIAN_POINT('Ctrl Pts',(-0.974088320195122,0.2,12.3051929642511));
#10525=CARTESIAN_POINT('',(-0.974088320195122,0.3,12.3051929642511));
#10526=CARTESIAN_POINT('Ctrl Pts',(-0.974088320195122,0.3,12.3051929642511));
#10527=CARTESIAN_POINT('Ctrl Pts',(-0.986684769966578,0.3,12.2850619197868));
#10528=CARTESIAN_POINT('Ctrl Pts',(-1.01223931724773,0.3,12.2442218627139));
#10529=CARTESIAN_POINT('Ctrl Pts',(-1.05348208860315,0.3,12.2192752877721));
#10530=CARTESIAN_POINT('Ctrl Pts',(-1.07439530795757,0.3,12.2066254784418));
#10531=CARTESIAN_POINT('',(-0.974088320195122,0.2,12.3051929642511));
#10532=CARTESIAN_POINT('Ctrl Pts',(-0.941039213597221,0.2,12.4420279433084));
#10533=CARTESIAN_POINT('Ctrl Pts',(-0.941039213597221,0.3,12.4420279433084));
#10534=CARTESIAN_POINT('Ctrl Pts',(-0.942391775063081,0.2,12.4181097296246));
#10535=CARTESIAN_POINT('Ctrl Pts',(-0.942391775063081,0.3,12.4181097296246));
#10536=CARTESIAN_POINT('Ctrl Pts',(-0.945085034054446,0.2,12.370483099939));
#10537=CARTESIAN_POINT('Ctrl Pts',(-0.945085034054446,0.3,12.370483099939));
#10538=CARTESIAN_POINT('Ctrl Pts',(-0.964448991214334,0.2,12.3268923363169));
#10539=CARTESIAN_POINT('Ctrl Pts',(-0.964448991214334,0.3,12.3268923363169));
#10540=CARTESIAN_POINT('Ctrl Pts',(-0.974088320195122,0.2,12.3051929642511));
#10541=CARTESIAN_POINT('Ctrl Pts',(-0.974088320195122,0.3,12.3051929642511));
#10542=CARTESIAN_POINT('Ctrl Pts',(-0.974088320195122,0.2,12.3051929642511));
#10543=CARTESIAN_POINT('Ctrl Pts',(-0.964448991214334,0.2,12.3268923363169));
#10544=CARTESIAN_POINT('Ctrl Pts',(-0.945085034054446,0.2,12.370483099939));
#10545=CARTESIAN_POINT('Ctrl Pts',(-0.942391775063081,0.2,12.4181097296246));
#10546=CARTESIAN_POINT('Ctrl Pts',(-0.941039213597221,0.2,12.4420279433084));
#10547=CARTESIAN_POINT('Ctrl Pts',(-0.941039213597221,0.3,12.4420279433084));
#10548=CARTESIAN_POINT('Ctrl Pts',(-0.942391775063081,0.3,12.4181097296246));
#10549=CARTESIAN_POINT('Ctrl Pts',(-0.945085034054446,0.3,12.370483099939));
#10550=CARTESIAN_POINT('Ctrl Pts',(-0.964448991214334,0.3,12.3268923363169));
#10551=CARTESIAN_POINT('Ctrl Pts',(-0.974088320195122,0.3,12.3051929642511));
#10552=CARTESIAN_POINT('Origin',(-1.37734552068953,0.3,12.6110421885801));
#10553=CARTESIAN_POINT('Origin',(-0.5,0.2,12.5));
#10554=CARTESIAN_POINT('Origin',(-0.729408869206352,0.2,12.802089290793));
#10555=CARTESIAN_POINT('',(-0.574020037114066,0.2,12.802089290793));
#10556=CARTESIAN_POINT('',(-0.729408869206352,0.2,12.802089290793));
#10557=CARTESIAN_POINT('',(-0.614704434603176,0.2,12.802089290793));
#10558=CARTESIAN_POINT('',(-0.574020037114066,0.3,12.802089290793));
#10559=CARTESIAN_POINT('',(-0.574020037114066,0.2,12.802089290793));
#10560=CARTESIAN_POINT('',(-0.729408869206352,0.3,12.802089290793));
#10561=CARTESIAN_POINT('',(-0.574020037114066,0.3,12.802089290793));
#10562=CARTESIAN_POINT('',(-0.729408869206352,0.2,12.802089290793));
#10563=CARTESIAN_POINT('Origin',(-0.704477199971122,0.2,12.6826486756158));
#10564=CARTESIAN_POINT('',(-0.704477199971122,0.2,12.6826486756158));
#10565=CARTESIAN_POINT('',(-0.681941684533624,0.2,12.5746873593561));
#10566=CARTESIAN_POINT('',(-0.704477199971122,0.3,12.6826486756158));
#10567=CARTESIAN_POINT('',(-0.729408869206352,0.3,12.802089290793));
#10568=CARTESIAN_POINT('',(-0.704477199971122,0.2,12.6826486756158));
#10569=CARTESIAN_POINT('Ctrl Pts',(-0.892915138661308,0.2,12.8165845443559));
#10570=CARTESIAN_POINT('Ctrl Pts',(-0.892915138661308,0.3,12.8165845443559));
#10571=CARTESIAN_POINT('Ctrl Pts',(-0.858236898179367,0.2,12.8085507466968));
#10572=CARTESIAN_POINT('Ctrl Pts',(-0.858236898179367,0.3,12.8085507466968));
#10573=CARTESIAN_POINT('Ctrl Pts',(-0.778197699645414,0.2,12.7900083201814));
#10574=CARTESIAN_POINT('Ctrl Pts',(-0.778197699645414,0.3,12.7900083201814));
#10575=CARTESIAN_POINT('Ctrl Pts',(-0.731144092456273,0.2,12.7214838450941));
#10576=CARTESIAN_POINT('Ctrl Pts',(-0.731144092456273,0.3,12.7214838450941));
#10577=CARTESIAN_POINT('Ctrl Pts',(-0.704477199971123,0.2,12.6826486756158));
#10578=CARTESIAN_POINT('Ctrl Pts',(-0.704477199971123,0.3,12.6826486756158));
#10579=CARTESIAN_POINT('',(-0.892915138661308,0.2,12.8165845443559));
#10580=CARTESIAN_POINT('Ctrl Pts',(-0.704477199971123,0.2,12.6826486756158));
#10581=CARTESIAN_POINT('Ctrl Pts',(-0.731144092456273,0.2,12.7214838450941));
#10582=CARTESIAN_POINT('Ctrl Pts',(-0.778197699645414,0.2,12.7900083201814));
#10583=CARTESIAN_POINT('Ctrl Pts',(-0.858236898179367,0.2,12.8085507466968));
#10584=CARTESIAN_POINT('Ctrl Pts',(-0.892915138661308,0.2,12.8165845443559));
#10585=CARTESIAN_POINT('',(-0.892915138661308,0.3,12.8165845443559));
#10586=CARTESIAN_POINT('Ctrl Pts',(-0.892915138661308,0.3,12.8165845443559));
#10587=CARTESIAN_POINT('Ctrl Pts',(-0.858236898179367,0.3,12.8085507466968));
#10588=CARTESIAN_POINT('Ctrl Pts',(-0.778197699645414,0.3,12.7900083201814));
#10589=CARTESIAN_POINT('Ctrl Pts',(-0.731144092456273,0.3,12.7214838450941));
#10590=CARTESIAN_POINT('Ctrl Pts',(-0.704477199971123,0.3,12.6826486756158));
#10591=CARTESIAN_POINT('',(-0.892915138661308,0.2,12.8165845443559));
#10592=CARTESIAN_POINT('Ctrl Pts',(-0.970029720723075,0.2,12.7986104657007));
#10593=CARTESIAN_POINT('Ctrl Pts',(-0.970029720723075,0.3,12.7986104657007));
#10594=CARTESIAN_POINT('Ctrl Pts',(-0.956911127248909,0.2,12.8038477062934));
#10595=CARTESIAN_POINT('Ctrl Pts',(-0.956911127248909,0.3,12.8038477062934));
#10596=CARTESIAN_POINT('Ctrl Pts',(-0.932094604222315,0.2,12.8137550261613));
#10597=CARTESIAN_POINT('Ctrl Pts',(-0.932094604222315,0.3,12.8137550261613));
#10598=CARTESIAN_POINT('Ctrl Pts',(-0.905466843415543,0.2,12.8156780675455));
#10599=CARTESIAN_POINT('Ctrl Pts',(-0.905466843415543,0.3,12.8156780675455));
#10600=CARTESIAN_POINT('Ctrl Pts',(-0.892915138661308,0.2,12.8165845443559));
#10601=CARTESIAN_POINT('Ctrl Pts',(-0.892915138661308,0.3,12.8165845443559));
#10602=CARTESIAN_POINT('',(-0.970029720723075,0.2,12.7986104657007));
#10603=CARTESIAN_POINT('Ctrl Pts',(-0.892915138661308,0.2,12.8165845443559));
#10604=CARTESIAN_POINT('Ctrl Pts',(-0.905466843415543,0.2,12.8156780675455));
#10605=CARTESIAN_POINT('Ctrl Pts',(-0.932094604222315,0.2,12.8137550261613));
#10606=CARTESIAN_POINT('Ctrl Pts',(-0.956911127248909,0.2,12.8038477062934));
#10607=CARTESIAN_POINT('Ctrl Pts',(-0.970029720723075,0.2,12.7986104657007));
#10608=CARTESIAN_POINT('',(-0.970029720723075,0.3,12.7986104657007));
#10609=CARTESIAN_POINT('Ctrl Pts',(-0.970029720723075,0.3,12.7986104657007));
#10610=CARTESIAN_POINT('Ctrl Pts',(-0.956911127248909,0.3,12.8038477062934));
#10611=CARTESIAN_POINT('Ctrl Pts',(-0.932094604222315,0.3,12.8137550261613));
#10612=CARTESIAN_POINT('Ctrl Pts',(-0.905466843415543,0.3,12.8156780675455));
#10613=CARTESIAN_POINT('Ctrl Pts',(-0.892915138661308,0.3,12.8165845443559));
#10614=CARTESIAN_POINT('',(-0.970029720723075,0.2,12.7986104657007));
#10615=CARTESIAN_POINT('Origin',(-0.906250605046195,0.2,12.6623553206278));
#10616=CARTESIAN_POINT('',(-0.906250605046195,0.2,12.6623553206278));
#10617=CARTESIAN_POINT('',(-0.838574881509464,0.2,12.5177756187841));
#10618=CARTESIAN_POINT('',(-0.906250605046195,0.3,12.6623553206278));
#10619=CARTESIAN_POINT('',(-0.970029720723075,0.3,12.7986104657007));
#10620=CARTESIAN_POINT('',(-0.906250605046195,0.2,12.6623553206278));
#10621=CARTESIAN_POINT('Ctrl Pts',(-0.858126530110283,0.2,12.6704726387811));
#10622=CARTESIAN_POINT('Ctrl Pts',(-0.858126530110283,0.3,12.6704726387811));
#10623=CARTESIAN_POINT('Ctrl Pts',(-0.866449891770595,0.2,12.6701556641252));
#10624=CARTESIAN_POINT('Ctrl Pts',(-0.866449891770595,0.3,12.6701556641252));
#10625=CARTESIAN_POINT('Ctrl Pts',(-0.882845185030602,0.2,12.6695312899058));
#10626=CARTESIAN_POINT('Ctrl Pts',(-0.882845185030602,0.3,12.6695312899058));
#10627=CARTESIAN_POINT('Ctrl Pts',(-0.898528971288738,0.2,12.6647227298254));
#10628=CARTESIAN_POINT('Ctrl Pts',(-0.898528971288738,0.3,12.6647227298254));
#10629=CARTESIAN_POINT('Ctrl Pts',(-0.906250605046196,0.2,12.6623553206278));
#10630=CARTESIAN_POINT('Ctrl Pts',(-0.906250605046196,0.3,12.6623553206278));
#10631=CARTESIAN_POINT('',(-0.858126530110283,0.2,12.6704726387811));
#10632=CARTESIAN_POINT('Ctrl Pts',(-0.906250605046196,0.2,12.6623553206278));
#10633=CARTESIAN_POINT('Ctrl Pts',(-0.898528971288738,0.2,12.6647227298254));
#10634=CARTESIAN_POINT('Ctrl Pts',(-0.882845185030602,0.2,12.6695312899058));
#10635=CARTESIAN_POINT('Ctrl Pts',(-0.866449891770595,0.2,12.6701556641252));
#10636=CARTESIAN_POINT('Ctrl Pts',(-0.858126530110283,0.2,12.6704726387811));
#10637=CARTESIAN_POINT('',(-0.858126530110283,0.3,12.6704726387811));
#10638=CARTESIAN_POINT('Ctrl Pts',(-0.858126530110283,0.3,12.6704726387811));
#10639=CARTESIAN_POINT('Ctrl Pts',(-0.866449891770595,0.3,12.6701556641252));
#10640=CARTESIAN_POINT('Ctrl Pts',(-0.882845185030602,0.3,12.6695312899058));
#10641=CARTESIAN_POINT('Ctrl Pts',(-0.898528971288738,0.3,12.6647227298254));
#10642=CARTESIAN_POINT('Ctrl Pts',(-0.906250605046196,0.3,12.6623553206278));
#10643=CARTESIAN_POINT('',(-0.858126530110283,0.2,12.6704726387811));
#10644=CARTESIAN_POINT('Ctrl Pts',(-0.770865330159111,0.2,12.6380033661676));
#10645=CARTESIAN_POINT('Ctrl Pts',(-0.770865330159111,0.3,12.6380033661676));
#10646=CARTESIAN_POINT('Ctrl Pts',(-0.785047299165416,0.2,12.6474608000336));
#10647=CARTESIAN_POINT('Ctrl Pts',(-0.785047299165416,0.3,12.6474608000336));
#10648=CARTESIAN_POINT('Ctrl Pts',(-0.81164560766895,0.2,12.6651982343424));
#10649=CARTESIAN_POINT('Ctrl Pts',(-0.81164560766895,0.3,12.6651982343424));
#10650=CARTESIAN_POINT('Ctrl Pts',(-0.843334062594886,0.2,12.6687940693332));
#10651=CARTESIAN_POINT('Ctrl Pts',(-0.843334062594886,0.3,12.6687940693332));
#10652=CARTESIAN_POINT('Ctrl Pts',(-0.858126530110283,0.2,12.6704726387811));
#10653=CARTESIAN_POINT('Ctrl Pts',(-0.858126530110283,0.3,12.6704726387811));
#10654=CARTESIAN_POINT('',(-0.770865330159111,0.2,12.6380033661676));
#10655=CARTESIAN_POINT('Ctrl Pts',(-0.858126530110283,0.2,12.6704726387811));
#10656=CARTESIAN_POINT('Ctrl Pts',(-0.843334062594886,0.2,12.6687940693332));
#10657=CARTESIAN_POINT('Ctrl Pts',(-0.81164560766895,0.2,12.6651982343424));
#10658=CARTESIAN_POINT('Ctrl Pts',(-0.785047299165416,0.2,12.6474608000336));
#10659=CARTESIAN_POINT('Ctrl Pts',(-0.770865330159111,0.2,12.6380033661676));
#10660=CARTESIAN_POINT('',(-0.770865330159111,0.3,12.6380033661676));
#10661=CARTESIAN_POINT('Ctrl Pts',(-0.770865330159111,0.3,12.6380033661676));
#10662=CARTESIAN_POINT('Ctrl Pts',(-0.785047299165416,0.3,12.6474608000336));
#10663=CARTESIAN_POINT('Ctrl Pts',(-0.81164560766895,0.3,12.6651982343424));
#10664=CARTESIAN_POINT('Ctrl Pts',(-0.843334062594886,0.3,12.6687940693332));
#10665=CARTESIAN_POINT('Ctrl Pts',(-0.858126530110283,0.3,12.6704726387811));
#10666=CARTESIAN_POINT('',(-0.770865330159111,0.2,12.6380033661676));
#10667=CARTESIAN_POINT('Ctrl Pts',(-0.701578030049248,0.2,12.5513218809915));
#10668=CARTESIAN_POINT('Ctrl Pts',(-0.701578030049248,0.3,12.5513218809915));
#10669=CARTESIAN_POINT('Ctrl Pts',(-0.710532661231019,0.2,12.5683642133243));
#10670=CARTESIAN_POINT('Ctrl Pts',(-0.710532661231019,0.3,12.5683642133243));
#10671=CARTESIAN_POINT('Ctrl Pts',(-0.728064642154371,0.2,12.6017308410818));
#10672=CARTESIAN_POINT('Ctrl Pts',(-0.728064642154371,0.3,12.6017308410818));
#10673=CARTESIAN_POINT('Ctrl Pts',(-0.756804591685642,0.2,12.6260872378814));
#10674=CARTESIAN_POINT('Ctrl Pts',(-0.756804591685642,0.3,12.6260872378814));
#10675=CARTESIAN_POINT('Ctrl Pts',(-0.770865330159111,0.2,12.6380033661676));
#10676=CARTESIAN_POINT('Ctrl Pts',(-0.770865330159111,0.3,12.6380033661676));
#10677=CARTESIAN_POINT('',(-0.701578030049248,0.2,12.5513218809915));
#10678=CARTESIAN_POINT('Ctrl Pts',(-0.770865330159111,0.2,12.6380033661676));
#10679=CARTESIAN_POINT('Ctrl Pts',(-0.756804591685642,0.2,12.6260872378814));
#10680=CARTESIAN_POINT('Ctrl Pts',(-0.728064642154371,0.2,12.6017308410818));
#10681=CARTESIAN_POINT('Ctrl Pts',(-0.710532661231019,0.2,12.5683642133243));
#10682=CARTESIAN_POINT('Ctrl Pts',(-0.701578030049248,0.2,12.5513218809915));
#10683=CARTESIAN_POINT('',(-0.701578030049248,0.3,12.5513218809915));
#10684=CARTESIAN_POINT('Ctrl Pts',(-0.701578030049248,0.3,12.5513218809915));
#10685=CARTESIAN_POINT('Ctrl Pts',(-0.710532661231019,0.3,12.5683642133243));
#10686=CARTESIAN_POINT('Ctrl Pts',(-0.728064642154371,0.3,12.6017308410818));
#10687=CARTESIAN_POINT('Ctrl Pts',(-0.756804591685642,0.3,12.6260872378814));
#10688=CARTESIAN_POINT('Ctrl Pts',(-0.770865330159111,0.3,12.6380033661676));
#10689=CARTESIAN_POINT('',(-0.701578030049248,0.2,12.5513218809915));
#10690=CARTESIAN_POINT('Ctrl Pts',(-0.652294287144584,0.2,12.3794084956003));
#10691=CARTESIAN_POINT('Ctrl Pts',(-0.652294287144584,0.3,12.3794084956003));
#10692=CARTESIAN_POINT('Ctrl Pts',(-0.659443797016037,0.2,12.4136525318433));
#10693=CARTESIAN_POINT('Ctrl Pts',(-0.659443797016037,0.3,12.4136525318433));
#10694=CARTESIAN_POINT('Ctrl Pts',(-0.671667900413478,0.2,12.4722023691479));
#10695=CARTESIAN_POINT('Ctrl Pts',(-0.671667900413478,0.3,12.4722023691479));
#10696=CARTESIAN_POINT('Ctrl Pts',(-0.692803857585102,0.2,12.5281120771341));
#10697=CARTESIAN_POINT('Ctrl Pts',(-0.692803857585102,0.3,12.5281120771341));
#10698=CARTESIAN_POINT('Ctrl Pts',(-0.701578030049248,0.2,12.5513218809915));
#10699=CARTESIAN_POINT('Ctrl Pts',(-0.701578030049248,0.3,12.5513218809915));
#10700=CARTESIAN_POINT('',(-0.652294287144584,0.2,12.3794084956003));
#10701=CARTESIAN_POINT('Ctrl Pts',(-0.701578030049248,0.2,12.5513218809915));
#10702=CARTESIAN_POINT('Ctrl Pts',(-0.692803857585102,0.2,12.5281120771341));
#10703=CARTESIAN_POINT('Ctrl Pts',(-0.671667900413478,0.2,12.4722023691479));
#10704=CARTESIAN_POINT('Ctrl Pts',(-0.659443797016037,0.2,12.4136525318433));
#10705=CARTESIAN_POINT('Ctrl Pts',(-0.652294287144584,0.2,12.3794084956003));
#10706=CARTESIAN_POINT('',(-0.652294287144584,0.3,12.3794084956003));
#10707=CARTESIAN_POINT('Ctrl Pts',(-0.652294287144584,0.3,12.3794084956003));
#10708=CARTESIAN_POINT('Ctrl Pts',(-0.659443797016037,0.3,12.4136525318433));
#10709=CARTESIAN_POINT('Ctrl Pts',(-0.671667900413478,0.3,12.4722023691479));
#10710=CARTESIAN_POINT('Ctrl Pts',(-0.692803857585102,0.3,12.5281120771341));
#10711=CARTESIAN_POINT('Ctrl Pts',(-0.701578030049248,0.3,12.5513218809915));
#10712=CARTESIAN_POINT('',(-0.652294287144584,0.2,12.3794084956003));
#10713=CARTESIAN_POINT('Origin',(-0.611707577168388,0.2,12.1863321234537));
#10714=CARTESIAN_POINT('',(-0.611707577168388,0.2,12.1863321234537));
#10715=CARTESIAN_POINT('',(-0.640916927464934,0.2,12.325284883885));
#10716=CARTESIAN_POINT('',(-0.611707577168388,0.3,12.1863321234537));
#10717=CARTESIAN_POINT('',(-0.652294287144584,0.3,12.3794084956003));
#10718=CARTESIAN_POINT('',(-0.611707577168388,0.2,12.1863321234537));
#10719=CARTESIAN_POINT('Origin',(-0.445302495419426,0.2,12.1863321234537));
#10720=CARTESIAN_POINT('',(-0.445302495419426,0.2,12.1863321234537));
#10721=CARTESIAN_POINT('',(-0.472651247709713,0.2,12.1863321234537));
#10722=CARTESIAN_POINT('',(-0.445302495419426,0.3,12.1863321234537));
#10723=CARTESIAN_POINT('',(-0.611707577168388,0.3,12.1863321234537));
#10724=CARTESIAN_POINT('',(-0.445302495419426,0.2,12.1863321234537));
#10725=CARTESIAN_POINT('Origin',(-0.574020037114067,0.2,12.802089290793));
#10726=CARTESIAN_POINT('',(-0.542218164096031,0.2,12.6499559374997));
#10727=CARTESIAN_POINT('',(-0.445302495419426,0.3,12.1863321234537));
#10728=CARTESIAN_POINT('Origin',(-1.37734552068953,0.3,12.6110421885801));
#10729=CARTESIAN_POINT('Ctrl Pts',(0.14146422439869,0.2,12.5608887841058));
#10730=CARTESIAN_POINT('Ctrl Pts',(0.14146422439869,0.3,12.5608887841058));
#10731=CARTESIAN_POINT('Ctrl Pts',(0.141500381206588,0.2,12.5585208117756));
#10732=CARTESIAN_POINT('Ctrl Pts',(0.141500381206588,0.3,12.5585208117756));
#10733=CARTESIAN_POINT('Ctrl Pts',(0.141586015383455,0.2,12.5529124803678));
#10734=CARTESIAN_POINT('Ctrl Pts',(0.141586015383455,0.3,12.5529124803678));
#10735=CARTESIAN_POINT('Ctrl Pts',(0.141876324660865,0.2,12.5473108190656));
#10736=CARTESIAN_POINT('Ctrl Pts',(0.141876324660865,0.3,12.5473108190656));
#10737=CARTESIAN_POINT('Ctrl Pts',(0.142044058383065,0.2,12.5440743138147));
#10738=CARTESIAN_POINT('Ctrl Pts',(0.142044058383065,0.3,12.5440743138147));
#10739=CARTESIAN_POINT('',(0.142044058383065,0.2,12.5440743138147));
#10740=CARTESIAN_POINT('',(0.14146422439869,0.2,12.5608887841058));
#10741=CARTESIAN_POINT('Ctrl Pts',(0.142044058383065,0.2,12.5440743138147));
#10742=CARTESIAN_POINT('Ctrl Pts',(0.141876324660865,0.2,12.5473108190656));
#10743=CARTESIAN_POINT('Ctrl Pts',(0.141586015383455,0.2,12.5529124803678));
#10744=CARTESIAN_POINT('Ctrl Pts',(0.141500381206588,0.2,12.5585208117756));
#10745=CARTESIAN_POINT('Ctrl Pts',(0.14146422439869,0.2,12.5608887841058));
#10746=CARTESIAN_POINT('',(0.142044058383065,0.3,12.5440743138147));
#10747=CARTESIAN_POINT('',(0.142044058383065,0.2,12.5440743138147));
#10748=CARTESIAN_POINT('',(0.14146422439869,0.3,12.5608887841058));
#10749=CARTESIAN_POINT('Ctrl Pts',(0.14146422439869,0.3,12.5608887841058));
#10750=CARTESIAN_POINT('Ctrl Pts',(0.141500381206588,0.3,12.5585208117756));
#10751=CARTESIAN_POINT('Ctrl Pts',(0.141586015383455,0.3,12.5529124803678));
#10752=CARTESIAN_POINT('Ctrl Pts',(0.141876324660865,0.3,12.5473108190656));
#10753=CARTESIAN_POINT('Ctrl Pts',(0.142044058383065,0.3,12.5440743138147));
#10754=CARTESIAN_POINT('',(0.14146422439869,0.2,12.5608887841058));
#10755=CARTESIAN_POINT('Ctrl Pts',(0.17219411426838,0.2,12.6635149289919));
#10756=CARTESIAN_POINT('Ctrl Pts',(0.17219411426838,0.3,12.6635149289919));
#10757=CARTESIAN_POINT('Ctrl Pts',(0.163258238740547,0.2,12.6496641561178));
#10758=CARTESIAN_POINT('Ctrl Pts',(0.163258238740547,0.3,12.6496641561178));
#10759=CARTESIAN_POINT('Ctrl Pts',(0.143219572139019,0.2,12.6186038510664));
#10760=CARTESIAN_POINT('Ctrl Pts',(0.143219572139019,0.3,12.6186038510664));
#10761=CARTESIAN_POINT('Ctrl Pts',(0.142090054423277,0.2,12.5814658019497));
#10762=CARTESIAN_POINT('Ctrl Pts',(0.142090054423277,0.3,12.5814658019497));
#10763=CARTESIAN_POINT('Ctrl Pts',(0.14146422439869,0.2,12.5608887841058));
#10764=CARTESIAN_POINT('Ctrl Pts',(0.14146422439869,0.3,12.5608887841058));
#10765=CARTESIAN_POINT('',(0.17219411426838,0.2,12.6635149289919));
#10766=CARTESIAN_POINT('Ctrl Pts',(0.14146422439869,0.2,12.5608887841058));
#10767=CARTESIAN_POINT('Ctrl Pts',(0.142090054423277,0.2,12.5814658019497));
#10768=CARTESIAN_POINT('Ctrl Pts',(0.143219572139019,0.2,12.6186038510664));
#10769=CARTESIAN_POINT('Ctrl Pts',(0.163258238740547,0.2,12.6496641561178));
#10770=CARTESIAN_POINT('Ctrl Pts',(0.17219411426838,0.2,12.6635149289919));
#10771=CARTESIAN_POINT('',(0.17219411426838,0.3,12.6635149289919));
#10772=CARTESIAN_POINT('Ctrl Pts',(0.17219411426838,0.3,12.6635149289919));
#10773=CARTESIAN_POINT('Ctrl Pts',(0.163258238740547,0.3,12.6496641561178));
#10774=CARTESIAN_POINT('Ctrl Pts',(0.143219572139019,0.3,12.6186038510664));
#10775=CARTESIAN_POINT('Ctrl Pts',(0.142090054423277,0.3,12.5814658019497));
#10776=CARTESIAN_POINT('Ctrl Pts',(0.14146422439869,0.3,12.5608887841058));
#10777=CARTESIAN_POINT('',(0.17219411426838,0.2,12.6635149289919));
#10778=CARTESIAN_POINT('Ctrl Pts',(0.254526963770943,0.2,12.6977236439539));
#10779=CARTESIAN_POINT('Ctrl Pts',(0.254526963770943,0.3,12.6977236439539));
#10780=CARTESIAN_POINT('Ctrl Pts',(0.238377402710576,0.2,12.696495211958));
#10781=CARTESIAN_POINT('Ctrl Pts',(0.238377402710576,0.3,12.696495211958));
#10782=CARTESIAN_POINT('Ctrl Pts',(0.207106059658514,0.2,12.6941165269761));
#10783=CARTESIAN_POINT('Ctrl Pts',(0.207106059658514,0.3,12.6941165269761));
#10784=CARTESIAN_POINT('Ctrl Pts',(0.183573619886887,0.2,12.6734894821801));
#10785=CARTESIAN_POINT('Ctrl Pts',(0.183573619886887,0.3,12.6734894821801));
#10786=CARTESIAN_POINT('Ctrl Pts',(0.17219411426838,0.2,12.6635149289919));
#10787=CARTESIAN_POINT('Ctrl Pts',(0.17219411426838,0.3,12.6635149289919));
#10788=CARTESIAN_POINT('',(0.254526963770943,0.2,12.6977236439539));
#10789=CARTESIAN_POINT('Ctrl Pts',(0.17219411426838,0.2,12.6635149289919));
#10790=CARTESIAN_POINT('Ctrl Pts',(0.183573619886887,0.2,12.6734894821801));
#10791=CARTESIAN_POINT('Ctrl Pts',(0.207106059658514,0.2,12.6941165269761));
#10792=CARTESIAN_POINT('Ctrl Pts',(0.238377402710576,0.2,12.696495211958));
#10793=CARTESIAN_POINT('Ctrl Pts',(0.254526963770943,0.2,12.6977236439539));
#10794=CARTESIAN_POINT('',(0.254526963770943,0.3,12.6977236439539));
#10795=CARTESIAN_POINT('Ctrl Pts',(0.254526963770943,0.3,12.6977236439539));
#10796=CARTESIAN_POINT('Ctrl Pts',(0.238377402710576,0.3,12.696495211958));
#10797=CARTESIAN_POINT('Ctrl Pts',(0.207106059658514,0.3,12.6941165269761));
#10798=CARTESIAN_POINT('Ctrl Pts',(0.183573619886887,0.3,12.6734894821801));
#10799=CARTESIAN_POINT('Ctrl Pts',(0.17219411426838,0.3,12.6635149289919));
#10800=CARTESIAN_POINT('',(0.254526963770943,0.2,12.6977236439539));
#10801=CARTESIAN_POINT('Ctrl Pts',(0.3470065503722,0.2,12.6588764359308));
#10802=CARTESIAN_POINT('Ctrl Pts',(0.3470065503722,0.3,12.6588764359308));
#10803=CARTESIAN_POINT('Ctrl Pts',(0.333156900667074,0.2,12.6702048440139));
#10804=CARTESIAN_POINT('Ctrl Pts',(0.333156900667074,0.3,12.6702048440139));
#10805=CARTESIAN_POINT('Ctrl Pts',(0.3061256867922,0.2,12.6923151954144));
#10806=CARTESIAN_POINT('Ctrl Pts',(0.3061256867922,0.3,12.6923151954144));
#10807=CARTESIAN_POINT('Ctrl Pts',(0.271440788471813,0.2,12.6959507793335));
#10808=CARTESIAN_POINT('Ctrl Pts',(0.271440788471813,0.3,12.6959507793335));
#10809=CARTESIAN_POINT('Ctrl Pts',(0.254526963770943,0.2,12.6977236439539));
#10810=CARTESIAN_POINT('Ctrl Pts',(0.254526963770943,0.3,12.6977236439539));
#10811=CARTESIAN_POINT('',(0.3470065503722,0.2,12.6588764359308));
#10812=CARTESIAN_POINT('Ctrl Pts',(0.254526963770943,0.2,12.6977236439539));
#10813=CARTESIAN_POINT('Ctrl Pts',(0.271440788471813,0.2,12.6959507793335));
#10814=CARTESIAN_POINT('Ctrl Pts',(0.3061256867922,0.2,12.6923151954144));
#10815=CARTESIAN_POINT('Ctrl Pts',(0.333156900667074,0.2,12.6702048440139));
#10816=CARTESIAN_POINT('Ctrl Pts',(0.3470065503722,0.2,12.6588764359308));
#10817=CARTESIAN_POINT('',(0.3470065503722,0.3,12.6588764359308));
#10818=CARTESIAN_POINT('Ctrl Pts',(0.3470065503722,0.3,12.6588764359308));
#10819=CARTESIAN_POINT('Ctrl Pts',(0.333156900667074,0.3,12.6702048440139));
#10820=CARTESIAN_POINT('Ctrl Pts',(0.3061256867922,0.3,12.6923151954144));
#10821=CARTESIAN_POINT('Ctrl Pts',(0.271440788471813,0.3,12.6959507793335));
#10822=CARTESIAN_POINT('Ctrl Pts',(0.254526963770943,0.3,12.6977236439539));
#10823=CARTESIAN_POINT('',(0.3470065503722,0.2,12.6588764359308));
#10824=CARTESIAN_POINT('Ctrl Pts',(0.402378311694222,0.2,12.5440743138147));
#10825=CARTESIAN_POINT('Ctrl Pts',(0.402378311694222,0.3,12.5440743138147));
#10826=CARTESIAN_POINT('Ctrl Pts',(0.397108399604817,0.2,12.5671782590859));
#10827=CARTESIAN_POINT('Ctrl Pts',(0.397108399604817,0.3,12.5671782590859));
#10828=CARTESIAN_POINT('Ctrl Pts',(0.387386043530971,0.2,12.6098022685241));
#10829=CARTESIAN_POINT('Ctrl Pts',(0.387386043530971,0.3,12.6098022685241));
#10830=CARTESIAN_POINT('Ctrl Pts',(0.359690145955227,0.2,12.6434617577298));
#10831=CARTESIAN_POINT('Ctrl Pts',(0.359690145955227,0.3,12.6434617577298));
#10832=CARTESIAN_POINT('Ctrl Pts',(0.3470065503722,0.2,12.6588764359308));
#10833=CARTESIAN_POINT('Ctrl Pts',(0.3470065503722,0.3,12.6588764359308));
#10834=CARTESIAN_POINT('',(0.402378311694222,0.2,12.5440743138147));
#10835=CARTESIAN_POINT('Ctrl Pts',(0.3470065503722,0.2,12.6588764359308));
#10836=CARTESIAN_POINT('Ctrl Pts',(0.359690145955227,0.2,12.6434617577298));
#10837=CARTESIAN_POINT('Ctrl Pts',(0.387386043530971,0.2,12.6098022685241));
#10838=CARTESIAN_POINT('Ctrl Pts',(0.397108399604817,0.2,12.5671782590859));
#10839=CARTESIAN_POINT('Ctrl Pts',(0.402378311694222,0.2,12.5440743138147));
#10840=CARTESIAN_POINT('',(0.402378311694222,0.3,12.5440743138147));
#10841=CARTESIAN_POINT('Ctrl Pts',(0.402378311694222,0.3,12.5440743138147));
#10842=CARTESIAN_POINT('Ctrl Pts',(0.397108399604817,0.3,12.5671782590859));
#10843=CARTESIAN_POINT('Ctrl Pts',(0.387386043530971,0.3,12.6098022685241));
#10844=CARTESIAN_POINT('Ctrl Pts',(0.359690145955227,0.3,12.6434617577298));
#10845=CARTESIAN_POINT('Ctrl Pts',(0.3470065503722,0.3,12.6588764359308));
#10846=CARTESIAN_POINT('',(0.402378311694222,0.2,12.5440743138147));
#10847=CARTESIAN_POINT('Origin',(0.142044058383065,0.2,12.5440743138147));
#10848=CARTESIAN_POINT('',(-0.178977970808468,0.2,12.5440743138147));
#10849=CARTESIAN_POINT('',(0.402378311694222,0.3,12.5440743138147));
#10850=CARTESIAN_POINT('Origin',(0.419192781985359,0.2,12.4426077176881));
#10851=CARTESIAN_POINT('',(0.00173031383808153,0.2,12.4426077176881));
#10852=CARTESIAN_POINT('',(0.419192781985359,0.2,12.4426077176881));
#10853=CARTESIAN_POINT('',(-0.0404036090073203,0.2,12.4426077176881));
#10854=CARTESIAN_POINT('',(0.00173031383808153,0.3,12.4426077176881));
#10855=CARTESIAN_POINT('',(0.00173031383808153,0.2,12.4426077176881));
#10856=CARTESIAN_POINT('',(0.419192781985359,0.3,12.4426077176881));
#10857=CARTESIAN_POINT('',(0.00173031383808153,0.3,12.4426077176881));
#10858=CARTESIAN_POINT('',(0.419192781985359,0.2,12.4426077176881));
#10859=CARTESIAN_POINT('Ctrl Pts',(0.419772615969734,0.2,12.4275326897455));
#10860=CARTESIAN_POINT('Ctrl Pts',(0.419772615969734,0.3,12.4275326897455));
#10861=CARTESIAN_POINT('Ctrl Pts',(0.419736533248797,0.2,12.4296591131263));
#10862=CARTESIAN_POINT('Ctrl Pts',(0.419736533248797,0.3,12.4296591131263));
#10863=CARTESIAN_POINT('Ctrl Pts',(0.419651198586477,0.2,12.434688047099));
#10864=CARTESIAN_POINT('Ctrl Pts',(0.419651198586477,0.3,12.434688047099));
#10865=CARTESIAN_POINT('Ctrl Pts',(0.419360539451153,0.2,12.4397095157803));
#10866=CARTESIAN_POINT('Ctrl Pts',(0.419360539451153,0.3,12.4397095157803));
#10867=CARTESIAN_POINT('Ctrl Pts',(0.419192781985359,0.2,12.4426077176881));
#10868=CARTESIAN_POINT('Ctrl Pts',(0.419192781985359,0.3,12.4426077176881));
#10869=CARTESIAN_POINT('',(0.419772615969734,0.2,12.4275326897455));
#10870=CARTESIAN_POINT('Ctrl Pts',(0.419192781985359,0.2,12.4426077176881));
#10871=CARTESIAN_POINT('Ctrl Pts',(0.419360539451153,0.2,12.4397095157803));
#10872=CARTESIAN_POINT('Ctrl Pts',(0.419651198586477,0.2,12.434688047099));
#10873=CARTESIAN_POINT('Ctrl Pts',(0.419736533248797,0.2,12.4296591131263));
#10874=CARTESIAN_POINT('Ctrl Pts',(0.419772615969734,0.2,12.4275326897455));
#10875=CARTESIAN_POINT('',(0.419772615969734,0.3,12.4275326897455));
#10876=CARTESIAN_POINT('Ctrl Pts',(0.419772615969734,0.3,12.4275326897455));
#10877=CARTESIAN_POINT('Ctrl Pts',(0.419736533248797,0.3,12.4296591131263));
#10878=CARTESIAN_POINT('Ctrl Pts',(0.419651198586477,0.3,12.434688047099));
#10879=CARTESIAN_POINT('Ctrl Pts',(0.419360539451153,0.3,12.4397095157803));
#10880=CARTESIAN_POINT('Ctrl Pts',(0.419192781985359,0.3,12.4426077176881));
#10881=CARTESIAN_POINT('',(0.419772615969734,0.2,12.4275326897455));
#10882=CARTESIAN_POINT('Ctrl Pts',(0.384694209635811,0.2,12.3283853699518));
#10883=CARTESIAN_POINT('Ctrl Pts',(0.384694209635811,0.3,12.3283853699518));
#10884=CARTESIAN_POINT('Ctrl Pts',(0.394918691978549,0.2,12.3423984171418));
#10885=CARTESIAN_POINT('Ctrl Pts',(0.394918691978549,0.3,12.3423984171418));
#10886=CARTESIAN_POINT('Ctrl Pts',(0.416422496284225,0.2,12.371870209884));
#10887=CARTESIAN_POINT('Ctrl Pts',(0.416422496284225,0.3,12.371870209884));
#10888=CARTESIAN_POINT('Ctrl Pts',(0.418619977925467,0.2,12.4083815256232));
#10889=CARTESIAN_POINT('Ctrl Pts',(0.418619977925467,0.3,12.4083815256232));
#10890=CARTESIAN_POINT('Ctrl Pts',(0.419772615969734,0.2,12.4275326897455));
#10891=CARTESIAN_POINT('Ctrl Pts',(0.419772615969734,0.3,12.4275326897455));
#10892=CARTESIAN_POINT('',(0.384694209635811,0.2,12.3283853699518));
#10893=CARTESIAN_POINT('Ctrl Pts',(0.419772615969734,0.2,12.4275326897455));
#10894=CARTESIAN_POINT('Ctrl Pts',(0.418619977925467,0.2,12.4083815256232));
#10895=CARTESIAN_POINT('Ctrl Pts',(0.416422496284225,0.2,12.371870209884));
#10896=CARTESIAN_POINT('Ctrl Pts',(0.394918691978549,0.2,12.3423984171418));
#10897=CARTESIAN_POINT('Ctrl Pts',(0.384694209635811,0.2,12.3283853699518));
#10898=CARTESIAN_POINT('',(0.384694209635811,0.3,12.3283853699518));
#10899=CARTESIAN_POINT('Ctrl Pts',(0.384694209635811,0.3,12.3283853699518));
#10900=CARTESIAN_POINT('Ctrl Pts',(0.394918691978549,0.3,12.3423984171418));
#10901=CARTESIAN_POINT('Ctrl Pts',(0.416422496284225,0.3,12.371870209884));
#10902=CARTESIAN_POINT('Ctrl Pts',(0.418619977925467,0.3,12.4083815256232));
#10903=CARTESIAN_POINT('Ctrl Pts',(0.419772615969734,0.3,12.4275326897455));
#10904=CARTESIAN_POINT('',(0.384694209635811,0.2,12.3283853699518));
#10905=CARTESIAN_POINT('Ctrl Pts',(0.299172273219185,0.2,12.2906977702928));
#10906=CARTESIAN_POINT('Ctrl Pts',(0.299172273219185,0.3,12.2906977702928));
#10907=CARTESIAN_POINT('Ctrl Pts',(0.315380102157867,0.2,12.2923042576967));
#10908=CARTESIAN_POINT('Ctrl Pts',(0.315380102157867,0.3,12.2923042576967));
#10909=CARTESIAN_POINT('Ctrl Pts',(0.34798519681694,0.2,12.2955360090972));
#10910=CARTESIAN_POINT('Ctrl Pts',(0.34798519681694,0.3,12.2955360090972));
#10911=CARTESIAN_POINT('Ctrl Pts',(0.372410567932369,0.2,12.3173932525414));
#10912=CARTESIAN_POINT('Ctrl Pts',(0.372410567932369,0.3,12.3173932525414));
#10913=CARTESIAN_POINT('Ctrl Pts',(0.384694209635811,0.2,12.3283853699518));
#10914=CARTESIAN_POINT('Ctrl Pts',(0.384694209635811,0.3,12.3283853699518));
#10915=CARTESIAN_POINT('',(0.299172273219185,0.2,12.2906977702928));
#10916=CARTESIAN_POINT('Ctrl Pts',(0.384694209635811,0.2,12.3283853699518));
#10917=CARTESIAN_POINT('Ctrl Pts',(0.372410567932369,0.2,12.3173932525414));
#10918=CARTESIAN_POINT('Ctrl Pts',(0.34798519681694,0.2,12.2955360090972));
#10919=CARTESIAN_POINT('Ctrl Pts',(0.315380102157867,0.2,12.2923042576967));
#10920=CARTESIAN_POINT('Ctrl Pts',(0.299172273219185,0.2,12.2906977702928));
#10921=CARTESIAN_POINT('',(0.299172273219185,0.3,12.2906977702928));
#10922=CARTESIAN_POINT('Ctrl Pts',(0.299172273219185,0.3,12.2906977702928));
#10923=CARTESIAN_POINT('Ctrl Pts',(0.315380102157867,0.3,12.2923042576967));
#10924=CARTESIAN_POINT('Ctrl Pts',(0.34798519681694,0.3,12.2955360090972));
#10925=CARTESIAN_POINT('Ctrl Pts',(0.372410567932369,0.3,12.3173932525414));
#10926=CARTESIAN_POINT('Ctrl Pts',(0.384694209635811,0.3,12.3283853699518));
#10927=CARTESIAN_POINT('',(0.299172273219185,0.2,12.2906977702928));
#10928=CARTESIAN_POINT('Ctrl Pts',(0.169874897540169,0.2,12.3765094448877));
#10929=CARTESIAN_POINT('Ctrl Pts',(0.169874897540169,0.3,12.3765094448877));
#10930=CARTESIAN_POINT('Ctrl Pts',(0.186095976485179,0.2,12.3515002032803));
#10931=CARTESIAN_POINT('Ctrl Pts',(0.186095976485179,0.3,12.3515002032803));
#10932=CARTESIAN_POINT('Ctrl Pts',(0.216981064716547,0.2,12.3038823699498));
#10933=CARTESIAN_POINT('Ctrl Pts',(0.216981064716547,0.3,12.3038823699498));
#10934=CARTESIAN_POINT('Ctrl Pts',(0.272711756756249,0.2,12.2949424008639));
#10935=CARTESIAN_POINT('Ctrl Pts',(0.272711756756249,0.3,12.2949424008639));
#10936=CARTESIAN_POINT('Ctrl Pts',(0.299172273219185,0.2,12.2906977702928));
#10937=CARTESIAN_POINT('Ctrl Pts',(0.299172273219185,0.3,12.2906977702928));
#10938=CARTESIAN_POINT('',(0.169874897540169,0.2,12.3765094448877));
#10939=CARTESIAN_POINT('Ctrl Pts',(0.299172273219185,0.2,12.2906977702928));
#10940=CARTESIAN_POINT('Ctrl Pts',(0.272711756756249,0.2,12.2949424008639));
#10941=CARTESIAN_POINT('Ctrl Pts',(0.216981064716547,0.2,12.3038823699498));
#10942=CARTESIAN_POINT('Ctrl Pts',(0.186095976485179,0.2,12.3515002032803));
#10943=CARTESIAN_POINT('Ctrl Pts',(0.169874897540169,0.2,12.3765094448877));
#10944=CARTESIAN_POINT('',(0.169874897540169,0.3,12.3765094448877));
#10945=CARTESIAN_POINT('Ctrl Pts',(0.169874897540169,0.3,12.3765094448877));
#10946=CARTESIAN_POINT('Ctrl Pts',(0.186095976485179,0.3,12.3515002032803));
#10947=CARTESIAN_POINT('Ctrl Pts',(0.216981064716547,0.3,12.3038823699498));
#10948=CARTESIAN_POINT('Ctrl Pts',(0.272711756756249,0.3,12.2949424008639));
#10949=CARTESIAN_POINT('Ctrl Pts',(0.299172273219185,0.3,12.2906977702928));
#10950=CARTESIAN_POINT('',(0.169874897540169,0.2,12.3765094448877));
#10951=CARTESIAN_POINT('Origin',(0.0208640008574297,0.2,12.3515777160478));
#10952=CARTESIAN_POINT('',(0.0208640008574297,0.2,12.3515777160478));
#10953=CARTESIAN_POINT('',(-0.220397445329763,0.2,12.3112111046807));
#10954=CARTESIAN_POINT('',(0.0208640008574297,0.3,12.3515777160478));
#10955=CARTESIAN_POINT('',(0.169874897540169,0.3,12.3765094448877));
#10956=CARTESIAN_POINT('',(0.0208640008574297,0.2,12.3515777160478));
#10957=CARTESIAN_POINT('Ctrl Pts',(0.137115707934456,0.2,12.2167720963312));
#10958=CARTESIAN_POINT('Ctrl Pts',(0.137115707934456,0.3,12.2167720963312));
#10959=CARTESIAN_POINT('Ctrl Pts',(0.113810521750002,0.2,12.2341947566844));
#10960=CARTESIAN_POINT('Ctrl Pts',(0.113810521750002,0.3,12.2341947566844));
#10961=CARTESIAN_POINT('Ctrl Pts',(0.0652068017822418,0.2,12.2705302786664));
#10962=CARTESIAN_POINT('Ctrl Pts',(0.0652068017822418,0.3,12.2705302786664));
#10963=CARTESIAN_POINT('Ctrl Pts',(0.0360436170437164,0.2,12.3238332126183));
#10964=CARTESIAN_POINT('Ctrl Pts',(0.0360436170437164,0.3,12.3238332126183));
#10965=CARTESIAN_POINT('Ctrl Pts',(0.0208640008574297,0.2,12.3515777160478));
#10966=CARTESIAN_POINT('Ctrl Pts',(0.0208640008574297,0.3,12.3515777160478));
#10967=CARTESIAN_POINT('',(0.137115707934456,0.2,12.2167720963312));
#10968=CARTESIAN_POINT('Ctrl Pts',(0.0208640008574297,0.2,12.3515777160478));
#10969=CARTESIAN_POINT('Ctrl Pts',(0.0360436170437164,0.2,12.3238332126183));
#10970=CARTESIAN_POINT('Ctrl Pts',(0.0652068017822418,0.2,12.2705302786664));
#10971=CARTESIAN_POINT('Ctrl Pts',(0.113810521750002,0.2,12.2341947566844));
#10972=CARTESIAN_POINT('Ctrl Pts',(0.137115707934456,0.2,12.2167720963312));
#10973=CARTESIAN_POINT('',(0.137115707934456,0.3,12.2167720963312));
#10974=CARTESIAN_POINT('Ctrl Pts',(0.137115707934456,0.3,12.2167720963312));
#10975=CARTESIAN_POINT('Ctrl Pts',(0.113810521750002,0.3,12.2341947566844));
#10976=CARTESIAN_POINT('Ctrl Pts',(0.0652068017822418,0.3,12.2705302786664));
#10977=CARTESIAN_POINT('Ctrl Pts',(0.0360436170437164,0.3,12.3238332126183));
#10978=CARTESIAN_POINT('Ctrl Pts',(0.0208640008574297,0.3,12.3515777160478));
#10979=CARTESIAN_POINT('',(0.137115707934456,0.2,12.2167720963312));
#10980=CARTESIAN_POINT('Ctrl Pts',(0.300331941187935,0.2,12.1718368698908));
#10981=CARTESIAN_POINT('Ctrl Pts',(0.300331941187935,0.3,12.1718368698908));
#10982=CARTESIAN_POINT('Ctrl Pts',(0.271104318194257,0.2,12.173595590278));
#10983=CARTESIAN_POINT('Ctrl Pts',(0.271104318194257,0.3,12.173595590278));
#10984=CARTESIAN_POINT('Ctrl Pts',(0.213503353245553,0.2,12.1770616262058));
#10985=CARTESIAN_POINT('Ctrl Pts',(0.213503353245553,0.3,12.1770616262058));
#10986=CARTESIAN_POINT('Ctrl Pts',(0.162325248547304,0.2,12.2036668002417));
#10987=CARTESIAN_POINT('Ctrl Pts',(0.162325248547304,0.3,12.2036668002417));
#10988=CARTESIAN_POINT('Ctrl Pts',(0.137115707934456,0.2,12.2167720963312));
#10989=CARTESIAN_POINT('Ctrl Pts',(0.137115707934456,0.3,12.2167720963312));
#10990=CARTESIAN_POINT('',(0.300331941187935,0.2,12.1718368698908));
#10991=CARTESIAN_POINT('Ctrl Pts',(0.137115707934456,0.2,12.2167720963312));
#10992=CARTESIAN_POINT('Ctrl Pts',(0.162325248547304,0.2,12.2036668002417));
#10993=CARTESIAN_POINT('Ctrl Pts',(0.213503353245553,0.2,12.1770616262058));
#10994=CARTESIAN_POINT('Ctrl Pts',(0.271104318194257,0.2,12.173595590278));
#10995=CARTESIAN_POINT('Ctrl Pts',(0.300331941187935,0.2,12.1718368698908));
#10996=CARTESIAN_POINT('',(0.300331941187935,0.3,12.1718368698908));
#10997=CARTESIAN_POINT('Ctrl Pts',(0.300331941187935,0.3,12.1718368698908));
#10998=CARTESIAN_POINT('Ctrl Pts',(0.271104318194257,0.3,12.173595590278));
#10999=CARTESIAN_POINT('Ctrl Pts',(0.213503353245553,0.3,12.1770616262058));
#11000=CARTESIAN_POINT('Ctrl Pts',(0.162325248547304,0.3,12.2036668002417));
#11001=CARTESIAN_POINT('Ctrl Pts',(0.137115707934456,0.3,12.2167720963312));
#11002=CARTESIAN_POINT('',(0.300331941187935,0.2,12.1718368698908));
#11003=CARTESIAN_POINT('Ctrl Pts',(0.502105465472298,0.2,12.2504010369135));
#11004=CARTESIAN_POINT('Ctrl Pts',(0.502105465472298,0.3,12.2504010369135));
#11005=CARTESIAN_POINT('Ctrl Pts',(0.473639481630068,0.2,12.2274932167142));
#11006=CARTESIAN_POINT('Ctrl Pts',(0.473639481630068,0.3,12.2274932167142));
#11007=CARTESIAN_POINT('Ctrl Pts',(0.414790441976831,0.2,12.1801348247912));
#11008=CARTESIAN_POINT('Ctrl Pts',(0.414790441976831,0.3,12.1801348247912));
#11009=CARTESIAN_POINT('Ctrl Pts',(0.339304454378626,0.2,12.1746622795771));
#11010=CARTESIAN_POINT('Ctrl Pts',(0.339304454378626,0.3,12.1746622795771));
#11011=CARTESIAN_POINT('Ctrl Pts',(0.300331941187935,0.2,12.1718368698908));
#11012=CARTESIAN_POINT('Ctrl Pts',(0.300331941187935,0.3,12.1718368698908));
#11013=CARTESIAN_POINT('',(0.502105465472298,0.2,12.2504010369135));
#11014=CARTESIAN_POINT('Ctrl Pts',(0.300331941187935,0.2,12.1718368698908));
#11015=CARTESIAN_POINT('Ctrl Pts',(0.339304454378626,0.2,12.1746622795771));
#11016=CARTESIAN_POINT('Ctrl Pts',(0.414790441976831,0.2,12.1801348247912));
#11017=CARTESIAN_POINT('Ctrl Pts',(0.473639481630068,0.2,12.2274932167142));
#11018=CARTESIAN_POINT('Ctrl Pts',(0.502105465472298,0.2,12.2504010369135));
#11019=CARTESIAN_POINT('',(0.502105465472298,0.3,12.2504010369135));
#11020=CARTESIAN_POINT('Ctrl Pts',(0.502105465472298,0.3,12.2504010369135));
#11021=CARTESIAN_POINT('Ctrl Pts',(0.473639481630068,0.3,12.2274932167142));
#11022=CARTESIAN_POINT('Ctrl Pts',(0.414790441976831,0.3,12.1801348247912));
#11023=CARTESIAN_POINT('Ctrl Pts',(0.339304454378626,0.3,12.1746622795771));
#11024=CARTESIAN_POINT('Ctrl Pts',(0.300331941187935,0.3,12.1718368698908));
#11025=CARTESIAN_POINT('',(0.502105465472298,0.2,12.2504010369135));
#11026=CARTESIAN_POINT('Ctrl Pts',(0.579799881518441,0.2,12.4582625796152));
#11027=CARTESIAN_POINT('Ctrl Pts',(0.579799881518441,0.3,12.4582625796152));
#11028=CARTESIAN_POINT('Ctrl Pts',(0.577170989149891,0.2,12.4179142788771));
#11029=CARTESIAN_POINT('Ctrl Pts',(0.577170989149891,0.3,12.4179142788771));
#11030=CARTESIAN_POINT('Ctrl Pts',(0.572134562174389,0.2,12.3406150814341));
#11031=CARTESIAN_POINT('Ctrl Pts',(0.572134562174389,0.3,12.3406150814341));
#11032=CARTESIAN_POINT('Ctrl Pts',(0.524754356380231,0.2,12.2795781668342));
#11033=CARTESIAN_POINT('Ctrl Pts',(0.524754356380231,0.3,12.2795781668342));
#11034=CARTESIAN_POINT('Ctrl Pts',(0.502105465472298,0.2,12.2504010369135));
#11035=CARTESIAN_POINT('Ctrl Pts',(0.502105465472298,0.3,12.2504010369135));
#11036=CARTESIAN_POINT('',(0.579799881518441,0.2,12.4582625796152));
#11037=CARTESIAN_POINT('Ctrl Pts',(0.502105465472298,0.2,12.2504010369135));
#11038=CARTESIAN_POINT('Ctrl Pts',(0.524754356380231,0.2,12.2795781668342));
#11039=CARTESIAN_POINT('Ctrl Pts',(0.572134562174389,0.2,12.3406150814341));
#11040=CARTESIAN_POINT('Ctrl Pts',(0.577170989149891,0.2,12.4179142788771));
#11041=CARTESIAN_POINT('Ctrl Pts',(0.579799881518441,0.2,12.4582625796152));
#11042=CARTESIAN_POINT('',(0.579799881518441,0.3,12.4582625796152));
#11043=CARTESIAN_POINT('Ctrl Pts',(0.579799881518441,0.3,12.4582625796152));
#11044=CARTESIAN_POINT('Ctrl Pts',(0.577170989149891,0.3,12.4179142788771));
#11045=CARTESIAN_POINT('Ctrl Pts',(0.572134562174389,0.3,12.3406150814341));
#11046=CARTESIAN_POINT('Ctrl Pts',(0.524754356380231,0.3,12.2795781668342));
#11047=CARTESIAN_POINT('Ctrl Pts',(0.502105465472298,0.3,12.2504010369135));
#11048=CARTESIAN_POINT('',(0.579799881518441,0.2,12.4582625796152));
#11049=CARTESIAN_POINT('Ctrl Pts',(0.509643009245949,0.2,12.6832283903909));
#11050=CARTESIAN_POINT('Ctrl Pts',(0.509643009245949,0.3,12.6832283903909));
#11051=CARTESIAN_POINT('Ctrl Pts',(0.530104609476021,0.2,12.6489707157461));
#11052=CARTESIAN_POINT('Ctrl Pts',(0.530104609476021,0.3,12.6489707157461));
#11053=CARTESIAN_POINT('Ctrl Pts',(0.571514646328163,0.2,12.579640284423));
#11054=CARTESIAN_POINT('Ctrl Pts',(0.571514646328163,0.3,12.579640284423));
#11055=CARTESIAN_POINT('Ctrl Pts',(0.577016575343471,0.2,12.499037682257));
#11056=CARTESIAN_POINT('Ctrl Pts',(0.577016575343471,0.3,12.499037682257));
#11057=CARTESIAN_POINT('Ctrl Pts',(0.579799881518441,0.2,12.4582625796152));
#11058=CARTESIAN_POINT('Ctrl Pts',(0.579799881518441,0.3,12.4582625796152));
#11059=CARTESIAN_POINT('',(0.509643009245949,0.2,12.6832283903909));
#11060=CARTESIAN_POINT('Ctrl Pts',(0.579799881518441,0.2,12.4582625796152));
#11061=CARTESIAN_POINT('Ctrl Pts',(0.577016575343471,0.2,12.499037682257));
#11062=CARTESIAN_POINT('Ctrl Pts',(0.571514646328163,0.2,12.579640284423));
#11063=CARTESIAN_POINT('Ctrl Pts',(0.530104609476021,0.2,12.6489707157461));
#11064=CARTESIAN_POINT('Ctrl Pts',(0.509643009245949,0.2,12.6832283903909));
#11065=CARTESIAN_POINT('',(0.509643009245949,0.3,12.6832283903909));
#11066=CARTESIAN_POINT('Ctrl Pts',(0.509643009245949,0.3,12.6832283903909));
#11067=CARTESIAN_POINT('Ctrl Pts',(0.530104609476021,0.3,12.6489707157461));
#11068=CARTESIAN_POINT('Ctrl Pts',(0.571514646328163,0.3,12.579640284423));
#11069=CARTESIAN_POINT('Ctrl Pts',(0.577016575343471,0.3,12.499037682257));
#11070=CARTESIAN_POINT('Ctrl Pts',(0.579799881518441,0.3,12.4582625796152));
#11071=CARTESIAN_POINT('',(0.509643009245949,0.2,12.6832283903909));
#11072=CARTESIAN_POINT('Ctrl Pts',(0.236552944720345,0.2,12.8165844847513));
#11073=CARTESIAN_POINT('Ctrl Pts',(0.236552944720345,0.3,12.8165844847513));
#11074=CARTESIAN_POINT('Ctrl Pts',(0.291898077575756,0.2,12.811558977518));
#11075=CARTESIAN_POINT('Ctrl Pts',(0.291898077575756,0.3,12.811558977518));
#11076=CARTESIAN_POINT('Ctrl Pts',(0.400091948929781,0.2,12.8017346432896));
#11077=CARTESIAN_POINT('Ctrl Pts',(0.400091948929781,0.3,12.8017346432896));
#11078=CARTESIAN_POINT('Ctrl Pts',(0.473692055990827,0.2,12.7221181350096));
#11079=CARTESIAN_POINT('Ctrl Pts',(0.473692055990827,0.3,12.7221181350096));
#11080=CARTESIAN_POINT('Ctrl Pts',(0.509643009245949,0.2,12.6832283903909));
#11081=CARTESIAN_POINT('Ctrl Pts',(0.509643009245949,0.3,12.6832283903909));
#11082=CARTESIAN_POINT('',(0.236552944720345,0.2,12.8165844847513));
#11083=CARTESIAN_POINT('Ctrl Pts',(0.509643009245949,0.2,12.6832283903909));
#11084=CARTESIAN_POINT('Ctrl Pts',(0.473692055990827,0.2,12.7221181350096));
#11085=CARTESIAN_POINT('Ctrl Pts',(0.400091948929781,0.2,12.8017346432896));
#11086=CARTESIAN_POINT('Ctrl Pts',(0.291898077575756,0.2,12.811558977518));
#11087=CARTESIAN_POINT('Ctrl Pts',(0.236552944720345,0.2,12.8165844847513));
#11088=CARTESIAN_POINT('',(0.236552944720345,0.3,12.8165844847513));
#11089=CARTESIAN_POINT('Ctrl Pts',(0.236552944720345,0.3,12.8165844847513));
#11090=CARTESIAN_POINT('Ctrl Pts',(0.291898077575756,0.3,12.811558977518));
#11091=CARTESIAN_POINT('Ctrl Pts',(0.400091948929781,0.3,12.8017346432896));
#11092=CARTESIAN_POINT('Ctrl Pts',(0.473692055990827,0.3,12.7221181350096));
#11093=CARTESIAN_POINT('Ctrl Pts',(0.509643009245949,0.3,12.6832283903909));
#11094=CARTESIAN_POINT('',(0.236552944720345,0.2,12.8165844847513));
#11095=CARTESIAN_POINT('Ctrl Pts',(0.0568121581679157,0.2,12.746717529471));
#11096=CARTESIAN_POINT('Ctrl Pts',(0.0568121581679157,0.3,12.746717529471));
#11097=CARTESIAN_POINT('Ctrl Pts',(0.0817445702142081,0.2,12.7670843827604));
#11098=CARTESIAN_POINT('Ctrl Pts',(0.0817445702142081,0.3,12.7670843827604));
#11099=CARTESIAN_POINT('Ctrl Pts',(0.133929202577406,0.2,12.8097131003241));
#11100=CARTESIAN_POINT('Ctrl Pts',(0.133929202577406,0.3,12.8097131003241));
#11101=CARTESIAN_POINT('Ctrl Pts',(0.201346050989456,0.2,12.8142271345294));
#11102=CARTESIAN_POINT('Ctrl Pts',(0.201346050989456,0.3,12.8142271345294));
#11103=CARTESIAN_POINT('Ctrl Pts',(0.236552944720345,0.2,12.8165844847513));
#11104=CARTESIAN_POINT('Ctrl Pts',(0.236552944720345,0.3,12.8165844847513));
#11105=CARTESIAN_POINT('',(0.0568121581679157,0.2,12.746717529471));
#11106=CARTESIAN_POINT('Ctrl Pts',(0.236552944720345,0.2,12.8165844847513));
#11107=CARTESIAN_POINT('Ctrl Pts',(0.201346050989456,0.2,12.8142271345294));
#11108=CARTESIAN_POINT('Ctrl Pts',(0.133929202577406,0.2,12.8097131003241));
#11109=CARTESIAN_POINT('Ctrl Pts',(0.0817445702142081,0.2,12.7670843827604));
#11110=CARTESIAN_POINT('Ctrl Pts',(0.0568121581679157,0.2,12.746717529471));
#11111=CARTESIAN_POINT('',(0.0568121581679157,0.3,12.746717529471));
#11112=CARTESIAN_POINT('Ctrl Pts',(0.0568121581679157,0.3,12.746717529471));
#11113=CARTESIAN_POINT('Ctrl Pts',(0.0817445702142081,0.3,12.7670843827604));
#11114=CARTESIAN_POINT('Ctrl Pts',(0.133929202577406,0.3,12.8097131003241));
#11115=CARTESIAN_POINT('Ctrl Pts',(0.201346050989456,0.3,12.8142271345294));
#11116=CARTESIAN_POINT('Ctrl Pts',(0.236552944720345,0.3,12.8165844847513));
#11117=CARTESIAN_POINT('',(0.0568121581679157,0.2,12.746717529471));
#11118=CARTESIAN_POINT('Ctrl Pts',(-0.00986588901226004,0.2,12.5510319639993));
#11119=CARTESIAN_POINT('Ctrl Pts',(-0.00986588901226004,0.3,12.5510319639993));
#11120=CARTESIAN_POINT('Ctrl Pts',(-0.00799804181537533,0.2,12.5896255571037));
#11121=CARTESIAN_POINT('Ctrl Pts',(-0.00799804181537533,0.3,12.5896255571037));
#11122=CARTESIAN_POINT('Ctrl Pts',(-0.00451727963619741,0.2,12.6615453155617));
#11123=CARTESIAN_POINT('Ctrl Pts',(-0.00451727963619741,0.3,12.6615453155617));
#11124=CARTESIAN_POINT('Ctrl Pts',(0.0373921662928682,0.2,12.7197477126698));
#11125=CARTESIAN_POINT('Ctrl Pts',(0.0373921662928682,0.3,12.7197477126698));
#11126=CARTESIAN_POINT('Ctrl Pts',(0.0568121581679157,0.2,12.746717529471));
#11127=CARTESIAN_POINT('Ctrl Pts',(0.0568121581679157,0.3,12.746717529471));
#11128=CARTESIAN_POINT('',(-0.00986588901226004,0.2,12.5510319639993));
#11129=CARTESIAN_POINT('Ctrl Pts',(0.0568121581679157,0.2,12.746717529471));
#11130=CARTESIAN_POINT('Ctrl Pts',(0.0373921662928682,0.2,12.7197477126698));
#11131=CARTESIAN_POINT('Ctrl Pts',(-0.00451727963619741,0.2,12.6615453155617));
#11132=CARTESIAN_POINT('Ctrl Pts',(-0.00799804181537533,0.2,12.5896255571037));
#11133=CARTESIAN_POINT('Ctrl Pts',(-0.00986588901226004,0.2,12.5510319639993));
#11134=CARTESIAN_POINT('',(-0.00986588901226004,0.3,12.5510319639993));
#11135=CARTESIAN_POINT('Ctrl Pts',(-0.00986588901226004,0.3,12.5510319639993));
#11136=CARTESIAN_POINT('Ctrl Pts',(-0.00799804181537533,0.3,12.5896255571037));
#11137=CARTESIAN_POINT('Ctrl Pts',(-0.00451727963619741,0.3,12.6615453155617));
#11138=CARTESIAN_POINT('Ctrl Pts',(0.0373921662928682,0.3,12.7197477126698));
#11139=CARTESIAN_POINT('Ctrl Pts',(0.0568121581679157,0.3,12.746717529471));
#11140=CARTESIAN_POINT('',(-0.00986588901226004,0.2,12.5510319639993));
#11141=CARTESIAN_POINT('Ctrl Pts',(0.00173031383808153,0.2,12.4426077176881));
#11142=CARTESIAN_POINT('Ctrl Pts',(0.00173031383808153,0.3,12.4426077176881));
#11143=CARTESIAN_POINT('Ctrl Pts',(-0.00164963915858229,0.2,12.4596109068146));
#11144=CARTESIAN_POINT('Ctrl Pts',(-0.00164963915858229,0.3,12.4596109068146));
#11145=CARTESIAN_POINT('Ctrl Pts',(-0.00876298933203068,0.2,12.4953953211071));
#11146=CARTESIAN_POINT('Ctrl Pts',(-0.00876298933203068,0.3,12.4953953211071));
#11147=CARTESIAN_POINT('Ctrl Pts',(-0.0094862763579322,0.2,12.5318821047104));
#11148=CARTESIAN_POINT('Ctrl Pts',(-0.0094862763579322,0.3,12.5318821047104));
#11149=CARTESIAN_POINT('Ctrl Pts',(-0.00986588901226004,0.2,12.5510319639993));
#11150=CARTESIAN_POINT('Ctrl Pts',(-0.00986588901226004,0.3,12.5510319639993));
#11151=CARTESIAN_POINT('Ctrl Pts',(-0.00986588901226004,0.2,12.5510319639993));
#11152=CARTESIAN_POINT('Ctrl Pts',(-0.0094862763579322,0.2,12.5318821047104));
#11153=CARTESIAN_POINT('Ctrl Pts',(-0.00876298933203068,0.2,12.4953953211071));
#11154=CARTESIAN_POINT('Ctrl Pts',(-0.00164963915858229,0.2,12.4596109068146));
#11155=CARTESIAN_POINT('Ctrl Pts',(0.00173031383808153,0.2,12.4426077176881));
#11156=CARTESIAN_POINT('Ctrl Pts',(0.00173031383808153,0.3,12.4426077176881));
#11157=CARTESIAN_POINT('Ctrl Pts',(-0.00164963915858229,0.3,12.4596109068146));
#11158=CARTESIAN_POINT('Ctrl Pts',(-0.00876298933203068,0.3,12.4953953211071));
#11159=CARTESIAN_POINT('Ctrl Pts',(-0.0094862763579322,0.3,12.5318821047104));
#11160=CARTESIAN_POINT('Ctrl Pts',(-0.00986588901226004,0.3,12.5510319639993));
#11161=CARTESIAN_POINT('Origin',(-1.37734552068953,0.3,12.6110421885801));
#11162=CARTESIAN_POINT('Origin',(-0.5,0.2,12.5));
#11163=CARTESIAN_POINT('Origin',(9.40000014007092,0.2,18.4000002741814));
#11164=CARTESIAN_POINT('',(9.52500014007092,0.2,18.4000002741814));
#11165=CARTESIAN_POINT('Origin',(9.40000014007092,0.2,18.4000002741814));
#11166=CARTESIAN_POINT('',(9.52500014007092,0.,18.4000002741814));
#11167=CARTESIAN_POINT('',(9.52500014007092,0.2,18.4000002741814));
#11168=CARTESIAN_POINT('Origin',(9.40000014007092,0.,18.4000002741814));
#11169=CARTESIAN_POINT('Origin',(-10.4000001549721,0.2,6.60000009834766));
#11170=CARTESIAN_POINT('',(-10.2750001549721,0.2,6.60000009834766));
#11171=CARTESIAN_POINT('Origin',(-10.4000001549721,0.2,6.60000009834766));
#11172=CARTESIAN_POINT('',(-10.2750001549721,0.,6.60000009834766));
#11173=CARTESIAN_POINT('',(-10.2750001549721,0.2,6.60000009834766));
#11174=CARTESIAN_POINT('Origin',(-10.4000001549721,0.,6.60000009834766));
#11175=CARTESIAN_POINT('Origin',(9.40000014007092,0.2,6.60000009834766));
#11176=CARTESIAN_POINT('',(9.52500014007092,0.2,6.60000009834766));
#11177=CARTESIAN_POINT('Origin',(9.40000014007092,0.2,6.60000009834766));
#11178=CARTESIAN_POINT('',(9.52500014007092,0.,6.60000009834766));
#11179=CARTESIAN_POINT('',(9.52500014007092,0.2,6.60000009834766));
#11180=CARTESIAN_POINT('Origin',(9.40000014007092,0.,6.60000009834766));
#11181=CARTESIAN_POINT('Origin',(-10.3999999985099,0.2,18.2999999970198));
#11182=CARTESIAN_POINT('',(-10.2749999985099,0.2,18.2999999970198));
#11183=CARTESIAN_POINT('Origin',(-10.3999999985099,0.2,18.2999999970198));
#11184=CARTESIAN_POINT('',(-10.2749999985099,0.,18.2999999970198));
#11185=CARTESIAN_POINT('',(-10.2749999985099,0.2,18.2999999970198));
#11186=CARTESIAN_POINT('Origin',(-10.3999999985099,0.,18.2999999970198));
#11187=CARTESIAN_POINT('Origin',(1.45251985063442,0.,13.3000001981854));
#11188=CARTESIAN_POINT('',(1.45251985063442,0.2,17.6000002622604));
#11189=CARTESIAN_POINT('',(1.45251985063442,0.2,13.3000001981854));
#11190=CARTESIAN_POINT('',(1.45251985063442,0.2,12.9000000990927));
#11191=CARTESIAN_POINT('',(1.45251985063442,0.25,17.6000002622604));
#11192=CARTESIAN_POINT('',(1.45251985063442,0.,17.6000002622604));
#11193=CARTESIAN_POINT('',(1.45251985063442,0.25,13.3000001981854));
#11194=CARTESIAN_POINT('',(1.45251985063442,0.25,13.3000001981854));
#11195=CARTESIAN_POINT('',(1.45251985063442,0.,13.3000001981854));
#11196=CARTESIAN_POINT('Origin',(1.45251985063442,0.,17.6000002622604));
#11197=CARTESIAN_POINT('',(1.55850496065607,0.2,17.6000002622604));
#11198=CARTESIAN_POINT('',(0.476259925317211,0.2,17.6000002622604));
#11199=CARTESIAN_POINT('',(1.55850496065607,0.25,17.6000002622604));
#11200=CARTESIAN_POINT('',(1.55850496065607,0.,17.6000002622604));
#11201=CARTESIAN_POINT('',(1.45251985063442,0.25,17.6000002622604));
#11202=CARTESIAN_POINT('Origin',(1.55850496065607,0.,13.3000001981854));
#11203=CARTESIAN_POINT('',(1.55850496065607,0.2,13.3000001981854));
#11204=CARTESIAN_POINT('',(0.529252480328037,0.2,13.3000001981854));
#11205=CARTESIAN_POINT('',(1.55850496065607,0.25,13.3000001981854));
#11206=CARTESIAN_POINT('',(1.55850496065607,0.25,13.3000001981854));
#11207=CARTESIAN_POINT('',(1.55850496065607,0.,13.3000001981854));
#11208=CARTESIAN_POINT('Origin',(1.55850496065607,0.,17.6000002622604));
#11209=CARTESIAN_POINT('',(1.55850496065607,0.2,15.0500001311302));
#11210=CARTESIAN_POINT('',(1.55850496065607,0.25,17.6000002622604));
#11211=CARTESIAN_POINT('Origin',(1.50551240564525,0.25,15.4500002302229));
#11212=CARTESIAN_POINT('Origin',(-4.30000006407499,0.,17.6000002622604));
#11213=CARTESIAN_POINT('',(-4.20000006258488,0.2,17.6000002622604));
#11214=CARTESIAN_POINT('',(-4.30000006407499,0.2,17.6000002622604));
#11215=CARTESIAN_POINT('',(-2.4000000320375,0.2,17.6000002622604));
#11216=CARTESIAN_POINT('',(-4.20000006258488,0.25,17.6000002622604));
#11217=CARTESIAN_POINT('',(-4.20000006258488,0.,17.6000002622604));
#11218=CARTESIAN_POINT('',(-4.30000006407499,0.25,17.6000002622604));
#11219=CARTESIAN_POINT('',(-4.20000006258488,0.25,17.6000002622604));
#11220=CARTESIAN_POINT('',(-4.30000006407499,0.,17.6000002622604));
#11221=CARTESIAN_POINT('Origin',(-4.20000006258488,0.,17.6000002622604));
#11222=CARTESIAN_POINT('',(-4.20000006258488,0.2,13.3000001981854));
#11223=CARTESIAN_POINT('',(-4.20000006258488,0.2,15.0500001311302));
#11224=CARTESIAN_POINT('',(-4.20000006258488,0.25,13.3000001981854));
#11225=CARTESIAN_POINT('',(-4.20000006258488,0.,13.3000001981854));
#11226=CARTESIAN_POINT('',(-4.20000006258488,0.25,13.3000001981854));
#11227=CARTESIAN_POINT('Origin',(-4.30000006407499,0.,13.3000001981854));
#11228=CARTESIAN_POINT('',(-4.30000006407499,0.2,13.3000001981854));
#11229=CARTESIAN_POINT('',(-4.30000006407499,0.2,12.9000000990927));
#11230=CARTESIAN_POINT('',(-4.30000006407499,0.25,13.3000001981854));
#11231=CARTESIAN_POINT('',(-4.30000006407499,0.25,17.6000002622604));
#11232=CARTESIAN_POINT('',(-4.30000006407499,0.,13.3000001981854));
#11233=CARTESIAN_POINT('Origin',(-4.20000006258488,0.,13.3000001981854));
#11234=CARTESIAN_POINT('',(-2.35000003129244,0.2,13.3000001981854));
#11235=CARTESIAN_POINT('',(-4.30000006407499,0.25,13.3000001981854));
#11236=CARTESIAN_POINT('Origin',(-4.25000006332994,0.25,15.4500002302229));
#11237=CARTESIAN_POINT('Origin',(1.09999994188547,0.2,16.8000002503395));
#11238=CARTESIAN_POINT('',(1.2999999448657,0.,16.8000002503395));
#11239=CARTESIAN_POINT('',(1.09999994188547,0.,16.8000002503395));
#11240=CARTESIAN_POINT('',(0.299999970942736,0.,16.8000002503395));
#11241=CARTESIAN_POINT('',(1.2999999448657,0.2,16.8000002503395));
#11242=CARTESIAN_POINT('',(1.2999999448657,0.2,16.8000002503395));
#11243=CARTESIAN_POINT('',(1.09999994188547,0.2,16.8000002503395));
#11244=CARTESIAN_POINT('',(0.299999970942736,0.2,16.8000002503395));
#11245=CARTESIAN_POINT('',(1.09999994188547,0.2,16.8000002503395));
#11246=CARTESIAN_POINT('Origin',(1.09999994188547,0.2,17.3000002577901));
#11247=CARTESIAN_POINT('',(1.09999994188547,0.,17.3000002577901));
#11248=CARTESIAN_POINT('',(1.09999994188547,0.,14.900000128895));
#11249=CARTESIAN_POINT('',(1.09999994188547,0.2,17.3000002577901));
#11250=CARTESIAN_POINT('',(1.09999994188547,0.2,14.900000128895));
#11251=CARTESIAN_POINT('',(1.09999994188547,0.2,17.3000002577901));
#11252=CARTESIAN_POINT('Origin',(1.2999999448657,0.2,17.3000002577901));
#11253=CARTESIAN_POINT('',(1.2999999448657,0.,17.3000002577901));
#11254=CARTESIAN_POINT('',(0.399999972432852,0.,17.3000002577901));
#11255=CARTESIAN_POINT('',(1.2999999448657,0.2,17.3000002577901));
#11256=CARTESIAN_POINT('',(0.399999972432852,0.2,17.3000002577901));
#11257=CARTESIAN_POINT('',(1.2999999448657,0.2,17.3000002577901));
#11258=CARTESIAN_POINT('Origin',(1.2999999448657,0.2,16.8000002503395));
#11259=CARTESIAN_POINT('',(1.2999999448657,0.,14.6500001251698));
#11260=CARTESIAN_POINT('',(1.2999999448657,0.2,14.6500001251698));
#11261=CARTESIAN_POINT('Origin',(0.0999999418854713,0.2,16.8000002503395));
#11262=CARTESIAN_POINT('',(0.299999944865704,0.,16.8000002503395));
#11263=CARTESIAN_POINT('',(0.0999999418854713,0.,16.8000002503395));
#11264=CARTESIAN_POINT('',(-0.200000029057264,0.,16.8000002503395));
#11265=CARTESIAN_POINT('',(0.299999944865704,0.2,16.8000002503395));
#11266=CARTESIAN_POINT('',(0.299999944865704,0.2,16.8000002503395));
#11267=CARTESIAN_POINT('',(0.0999999418854713,0.2,16.8000002503395));
#11268=CARTESIAN_POINT('',(-0.200000029057264,0.2,16.8000002503395));
#11269=CARTESIAN_POINT('',(0.0999999418854713,0.2,16.8000002503395));
#11270=CARTESIAN_POINT('Origin',(0.0999999418854713,0.2,17.3000002577901));
#11271=CARTESIAN_POINT('',(0.0999999418854713,0.,17.3000002577901));
#11272=CARTESIAN_POINT('',(0.0999999418854713,0.,14.900000128895));
#11273=CARTESIAN_POINT('',(0.0999999418854713,0.2,17.3000002577901));
#11274=CARTESIAN_POINT('',(0.0999999418854713,0.2,14.900000128895));
#11275=CARTESIAN_POINT('',(0.0999999418854713,0.2,17.3000002577901));
#11276=CARTESIAN_POINT('Origin',(0.299999944865704,0.2,17.3000002577901));
#11277=CARTESIAN_POINT('',(0.299999944865704,0.,17.3000002577901));
#11278=CARTESIAN_POINT('',(-0.100000027567148,0.,17.3000002577901));
#11279=CARTESIAN_POINT('',(0.299999944865704,0.2,17.3000002577901));
#11280=CARTESIAN_POINT('',(-0.100000027567148,0.2,17.3000002577901));
#11281=CARTESIAN_POINT('',(0.299999944865704,0.2,17.3000002577901));
#11282=CARTESIAN_POINT('Origin',(0.299999944865704,0.2,16.8000002503395));
#11283=CARTESIAN_POINT('',(0.299999944865704,0.,14.6500001251698));
#11284=CARTESIAN_POINT('',(0.299999944865704,0.2,14.6500001251698));
#11285=CARTESIAN_POINT('Origin',(-0.900000058114529,0.2,16.8000002503395));
#11286=CARTESIAN_POINT('',(-0.700000055134296,0.,16.8000002503395));
#11287=CARTESIAN_POINT('',(-0.900000058114529,0.,16.8000002503395));
#11288=CARTESIAN_POINT('',(-0.700000029057264,0.,16.8000002503395));
#11289=CARTESIAN_POINT('',(-0.700000055134296,0.2,16.8000002503395));
#11290=CARTESIAN_POINT('',(-0.700000055134296,0.2,16.8000002503395));
#11291=CARTESIAN_POINT('',(-0.900000058114529,0.2,16.8000002503395));
#11292=CARTESIAN_POINT('',(-0.700000029057264,0.2,16.8000002503395));
#11293=CARTESIAN_POINT('',(-0.900000058114529,0.2,16.8000002503395));
#11294=CARTESIAN_POINT('Origin',(-0.900000058114529,0.2,17.3000002577901));
#11295=CARTESIAN_POINT('',(-0.900000058114529,0.,17.3000002577901));
#11296=CARTESIAN_POINT('',(-0.900000058114529,0.,14.900000128895));
#11297=CARTESIAN_POINT('',(-0.900000058114529,0.2,17.3000002577901));
#11298=CARTESIAN_POINT('',(-0.900000058114529,0.2,14.900000128895));
#11299=CARTESIAN_POINT('',(-0.900000058114529,0.2,17.3000002577901));
#11300=CARTESIAN_POINT('Origin',(-0.700000055134296,0.2,17.3000002577901));
#11301=CARTESIAN_POINT('',(-0.700000055134296,0.,17.3000002577901));
#11302=CARTESIAN_POINT('',(-0.600000027567148,0.,17.3000002577901));
#11303=CARTESIAN_POINT('',(-0.700000055134296,0.2,17.3000002577901));
#11304=CARTESIAN_POINT('',(-0.600000027567148,0.2,17.3000002577901));
#11305=CARTESIAN_POINT('',(-0.700000055134296,0.2,17.3000002577901));
#11306=CARTESIAN_POINT('Origin',(-0.700000055134296,0.2,16.8000002503395));
#11307=CARTESIAN_POINT('',(-0.700000055134296,0.,14.6500001251698));
#11308=CARTESIAN_POINT('',(-0.700000055134296,0.2,14.6500001251698));
#11309=CARTESIAN_POINT('Origin',(-1.90000005811453,0.2,16.8000002503395));
#11310=CARTESIAN_POINT('',(-1.7000000551343,0.,16.8000002503395));
#11311=CARTESIAN_POINT('',(-1.90000005811453,0.,16.8000002503395));
#11312=CARTESIAN_POINT('',(-1.20000002905726,0.,16.8000002503395));
#11313=CARTESIAN_POINT('',(-1.7000000551343,0.2,16.8000002503395));
#11314=CARTESIAN_POINT('',(-1.7000000551343,0.2,16.8000002503395));
#11315=CARTESIAN_POINT('',(-1.90000005811453,0.2,16.8000002503395));
#11316=CARTESIAN_POINT('',(-1.20000002905726,0.2,16.8000002503395));
#11317=CARTESIAN_POINT('',(-1.90000005811453,0.2,16.8000002503395));
#11318=CARTESIAN_POINT('Origin',(-1.90000005811453,0.2,17.3000002577901));
#11319=CARTESIAN_POINT('',(-1.90000005811453,0.,17.3000002577901));
#11320=CARTESIAN_POINT('',(-1.90000005811453,0.,14.900000128895));
#11321=CARTESIAN_POINT('',(-1.90000005811453,0.2,17.3000002577901));
#11322=CARTESIAN_POINT('',(-1.90000005811453,0.2,14.900000128895));
#11323=CARTESIAN_POINT('',(-1.90000005811453,0.2,17.3000002577901));
#11324=CARTESIAN_POINT('Origin',(-1.7000000551343,0.2,17.3000002577901));
#11325=CARTESIAN_POINT('',(-1.7000000551343,0.,17.3000002577901));
#11326=CARTESIAN_POINT('',(-1.10000002756715,0.,17.3000002577901));
#11327=CARTESIAN_POINT('',(-1.7000000551343,0.2,17.3000002577901));
#11328=CARTESIAN_POINT('',(-1.10000002756715,0.2,17.3000002577901));
#11329=CARTESIAN_POINT('',(-1.7000000551343,0.2,17.3000002577901));
#11330=CARTESIAN_POINT('Origin',(-1.7000000551343,0.2,16.8000002503395));
#11331=CARTESIAN_POINT('',(-1.7000000551343,0.,14.6500001251698));
#11332=CARTESIAN_POINT('',(-1.7000000551343,0.2,14.6500001251698));
#11333=CARTESIAN_POINT('Origin',(-2.90000005811453,0.2,16.8000002503395));
#11334=CARTESIAN_POINT('',(-2.7000000551343,0.,16.8000002503395));
#11335=CARTESIAN_POINT('',(-2.90000005811453,0.,16.8000002503395));
#11336=CARTESIAN_POINT('',(-1.70000002905726,0.,16.8000002503395));
#11337=CARTESIAN_POINT('',(-2.7000000551343,0.2,16.8000002503395));
#11338=CARTESIAN_POINT('',(-2.7000000551343,0.2,16.8000002503395));
#11339=CARTESIAN_POINT('',(-2.90000005811453,0.2,16.8000002503395));
#11340=CARTESIAN_POINT('',(-1.70000002905726,0.2,16.8000002503395));
#11341=CARTESIAN_POINT('',(-2.90000005811453,0.2,16.8000002503395));
#11342=CARTESIAN_POINT('Origin',(-2.90000005811453,0.2,17.3000002577901));
#11343=CARTESIAN_POINT('',(-2.90000005811453,0.,17.3000002577901));
#11344=CARTESIAN_POINT('',(-2.90000005811453,0.,14.900000128895));
#11345=CARTESIAN_POINT('',(-2.90000005811453,0.2,17.3000002577901));
#11346=CARTESIAN_POINT('',(-2.90000005811453,0.2,14.900000128895));
#11347=CARTESIAN_POINT('',(-2.90000005811453,0.2,17.3000002577901));
#11348=CARTESIAN_POINT('Origin',(-2.7000000551343,0.2,17.3000002577901));
#11349=CARTESIAN_POINT('',(-2.7000000551343,0.,17.3000002577901));
#11350=CARTESIAN_POINT('',(-1.60000002756715,0.,17.3000002577901));
#11351=CARTESIAN_POINT('',(-2.7000000551343,0.2,17.3000002577901));
#11352=CARTESIAN_POINT('',(-1.60000002756715,0.2,17.3000002577901));
#11353=CARTESIAN_POINT('',(-2.7000000551343,0.2,17.3000002577901));
#11354=CARTESIAN_POINT('Origin',(-2.7000000551343,0.2,16.8000002503395));
#11355=CARTESIAN_POINT('',(-2.7000000551343,0.,14.6500001251698));
#11356=CARTESIAN_POINT('',(-2.7000000551343,0.2,14.6500001251698));
#11357=CARTESIAN_POINT('Origin',(1.09999994188547,0.2,13.6000002503395));
#11358=CARTESIAN_POINT('',(1.2999999448657,0.,13.6000002503395));
#11359=CARTESIAN_POINT('',(1.09999994188547,0.,13.6000002503395));
#11360=CARTESIAN_POINT('',(0.299999970942736,0.,13.6000002503395));
#11361=CARTESIAN_POINT('',(1.2999999448657,0.2,13.6000002503395));
#11362=CARTESIAN_POINT('',(1.2999999448657,0.2,13.6000002503395));
#11363=CARTESIAN_POINT('',(1.09999994188547,0.2,13.6000002503395));
#11364=CARTESIAN_POINT('',(0.299999970942736,0.2,13.6000002503395));
#11365=CARTESIAN_POINT('',(1.09999994188547,0.2,13.6000002503395));
#11366=CARTESIAN_POINT('Origin',(1.09999994188547,0.2,14.1000002577901));
#11367=CARTESIAN_POINT('',(1.09999994188547,0.,14.1000002577901));
#11368=CARTESIAN_POINT('',(1.09999994188547,0.,13.300000128895));
#11369=CARTESIAN_POINT('',(1.09999994188547,0.2,14.1000002577901));
#11370=CARTESIAN_POINT('',(1.09999994188547,0.2,13.300000128895));
#11371=CARTESIAN_POINT('',(1.09999994188547,0.2,14.1000002577901));
#11372=CARTESIAN_POINT('Origin',(1.2999999448657,0.2,14.1000002577901));
#11373=CARTESIAN_POINT('',(1.2999999448657,0.,14.1000002577901));
#11374=CARTESIAN_POINT('',(0.399999972432852,0.,14.1000002577901));
#11375=CARTESIAN_POINT('',(1.2999999448657,0.2,14.1000002577901));
#11376=CARTESIAN_POINT('',(0.399999972432852,0.2,14.1000002577901));
#11377=CARTESIAN_POINT('',(1.2999999448657,0.2,14.1000002577901));
#11378=CARTESIAN_POINT('Origin',(1.2999999448657,0.2,13.6000002503395));
#11379=CARTESIAN_POINT('',(1.2999999448657,0.,13.0500001251698));
#11380=CARTESIAN_POINT('',(1.2999999448657,0.2,13.0500001251698));
#11381=CARTESIAN_POINT('Origin',(1.09999994188547,0.2,14.4000002503395));
#11382=CARTESIAN_POINT('',(1.2999999448657,0.,14.4000002503395));
#11383=CARTESIAN_POINT('',(1.09999994188547,0.,14.4000002503395));
#11384=CARTESIAN_POINT('',(0.299999970942736,0.,14.4000002503395));
#11385=CARTESIAN_POINT('',(1.2999999448657,0.2,14.4000002503395));
#11386=CARTESIAN_POINT('',(1.2999999448657,0.2,14.4000002503395));
#11387=CARTESIAN_POINT('',(1.09999994188547,0.2,14.4000002503395));
#11388=CARTESIAN_POINT('',(0.299999970942736,0.2,14.4000002503395));
#11389=CARTESIAN_POINT('',(1.09999994188547,0.2,14.4000002503395));
#11390=CARTESIAN_POINT('Origin',(1.09999994188547,0.2,14.9000002577901));
#11391=CARTESIAN_POINT('',(1.09999994188547,0.,14.9000002577901));
#11392=CARTESIAN_POINT('',(1.09999994188547,0.,13.700000128895));
#11393=CARTESIAN_POINT('',(1.09999994188547,0.2,14.9000002577901));
#11394=CARTESIAN_POINT('',(1.09999994188547,0.2,13.700000128895));
#11395=CARTESIAN_POINT('',(1.09999994188547,0.2,14.9000002577901));
#11396=CARTESIAN_POINT('Origin',(1.2999999448657,0.2,14.9000002577901));
#11397=CARTESIAN_POINT('',(1.2999999448657,0.,14.9000002577901));
#11398=CARTESIAN_POINT('',(0.399999972432852,0.,14.9000002577901));
#11399=CARTESIAN_POINT('',(1.2999999448657,0.2,14.9000002577901));
#11400=CARTESIAN_POINT('',(0.399999972432852,0.2,14.9000002577901));
#11401=CARTESIAN_POINT('',(1.2999999448657,0.2,14.9000002577901));
#11402=CARTESIAN_POINT('Origin',(1.2999999448657,0.2,14.4000002503395));
#11403=CARTESIAN_POINT('',(1.2999999448657,0.,13.4500001251698));
#11404=CARTESIAN_POINT('',(1.2999999448657,0.2,13.4500001251698));
#11405=CARTESIAN_POINT('Origin',(1.09999994188547,0.2,15.2000002503395));
#11406=CARTESIAN_POINT('',(1.2999999448657,0.,15.2000002503395));
#11407=CARTESIAN_POINT('',(1.09999994188547,0.,15.2000002503395));
#11408=CARTESIAN_POINT('',(0.299999970942736,0.,15.2000002503395));
#11409=CARTESIAN_POINT('',(1.2999999448657,0.2,15.2000002503395));
#11410=CARTESIAN_POINT('',(1.2999999448657,0.2,15.2000002503395));
#11411=CARTESIAN_POINT('',(1.09999994188547,0.2,15.2000002503395));
#11412=CARTESIAN_POINT('',(0.299999970942736,0.2,15.2000002503395));
#11413=CARTESIAN_POINT('',(1.09999994188547,0.2,15.2000002503395));
#11414=CARTESIAN_POINT('Origin',(1.09999994188547,0.2,15.7000002577901));
#11415=CARTESIAN_POINT('',(1.09999994188547,0.,15.7000002577901));
#11416=CARTESIAN_POINT('',(1.09999994188547,0.,14.100000128895));
#11417=CARTESIAN_POINT('',(1.09999994188547,0.2,15.7000002577901));
#11418=CARTESIAN_POINT('',(1.09999994188547,0.2,14.100000128895));
#11419=CARTESIAN_POINT('',(1.09999994188547,0.2,15.7000002577901));
#11420=CARTESIAN_POINT('Origin',(1.2999999448657,0.2,15.7000002577901));
#11421=CARTESIAN_POINT('',(1.2999999448657,0.,15.7000002577901));
#11422=CARTESIAN_POINT('',(0.399999972432852,0.,15.7000002577901));
#11423=CARTESIAN_POINT('',(1.2999999448657,0.2,15.7000002577901));
#11424=CARTESIAN_POINT('',(0.399999972432852,0.2,15.7000002577901));
#11425=CARTESIAN_POINT('',(1.2999999448657,0.2,15.7000002577901));
#11426=CARTESIAN_POINT('Origin',(1.2999999448657,0.2,15.2000002503395));
#11427=CARTESIAN_POINT('',(1.2999999448657,0.,13.8500001251698));
#11428=CARTESIAN_POINT('',(1.2999999448657,0.2,13.8500001251698));
#11429=CARTESIAN_POINT('Origin',(1.09999994188547,0.2,16.0000002503395));
#11430=CARTESIAN_POINT('',(1.2999999448657,0.,16.0000002503395));
#11431=CARTESIAN_POINT('',(1.09999994188547,0.,16.0000002503395));
#11432=CARTESIAN_POINT('',(0.299999970942736,0.,16.0000002503395));
#11433=CARTESIAN_POINT('',(1.2999999448657,0.2,16.0000002503395));
#11434=CARTESIAN_POINT('',(1.2999999448657,0.2,16.0000002503395));
#11435=CARTESIAN_POINT('',(1.09999994188547,0.2,16.0000002503395));
#11436=CARTESIAN_POINT('',(0.299999970942736,0.2,16.0000002503395));
#11437=CARTESIAN_POINT('',(1.09999994188547,0.2,16.0000002503395));
#11438=CARTESIAN_POINT('Origin',(1.09999994188547,0.2,16.5000002577901));
#11439=CARTESIAN_POINT('',(1.09999994188547,0.,16.5000002577901));
#11440=CARTESIAN_POINT('',(1.09999994188547,0.,14.500000128895));
#11441=CARTESIAN_POINT('',(1.09999994188547,0.2,16.5000002577901));
#11442=CARTESIAN_POINT('',(1.09999994188547,0.2,14.500000128895));
#11443=CARTESIAN_POINT('',(1.09999994188547,0.2,16.5000002577901));
#11444=CARTESIAN_POINT('Origin',(1.2999999448657,0.2,16.5000002577901));
#11445=CARTESIAN_POINT('',(1.2999999448657,0.,16.5000002577901));
#11446=CARTESIAN_POINT('',(0.399999972432852,0.,16.5000002577901));
#11447=CARTESIAN_POINT('',(1.2999999448657,0.2,16.5000002577901));
#11448=CARTESIAN_POINT('',(0.399999972432852,0.2,16.5000002577901));
#11449=CARTESIAN_POINT('',(1.2999999448657,0.2,16.5000002577901));
#11450=CARTESIAN_POINT('Origin',(1.2999999448657,0.2,16.0000002503395));
#11451=CARTESIAN_POINT('',(1.2999999448657,0.,14.2500001251698));
#11452=CARTESIAN_POINT('',(1.2999999448657,0.2,14.2500001251698));
#11453=CARTESIAN_POINT('Origin',(0.0999999418854713,0.2,13.6000002503395));
#11454=CARTESIAN_POINT('',(0.299999944865704,0.,13.6000002503395));
#11455=CARTESIAN_POINT('',(0.0999999418854713,0.,13.6000002503395));
#11456=CARTESIAN_POINT('',(-0.200000029057264,0.,13.6000002503395));
#11457=CARTESIAN_POINT('',(0.299999944865704,0.2,13.6000002503395));
#11458=CARTESIAN_POINT('',(0.299999944865704,0.2,13.6000002503395));
#11459=CARTESIAN_POINT('',(0.0999999418854713,0.2,13.6000002503395));
#11460=CARTESIAN_POINT('',(-0.200000029057264,0.2,13.6000002503395));
#11461=CARTESIAN_POINT('',(0.0999999418854713,0.2,13.6000002503395));
#11462=CARTESIAN_POINT('Origin',(0.0999999418854713,0.2,14.1000002577901));
#11463=CARTESIAN_POINT('',(0.0999999418854713,0.,14.1000002577901));
#11464=CARTESIAN_POINT('',(0.0999999418854713,0.,13.300000128895));
#11465=CARTESIAN_POINT('',(0.0999999418854713,0.2,14.1000002577901));
#11466=CARTESIAN_POINT('',(0.0999999418854713,0.2,13.300000128895));
#11467=CARTESIAN_POINT('',(0.0999999418854713,0.2,14.1000002577901));
#11468=CARTESIAN_POINT('Origin',(0.299999944865704,0.2,14.1000002577901));
#11469=CARTESIAN_POINT('',(0.299999944865704,0.,14.1000002577901));
#11470=CARTESIAN_POINT('',(-0.100000027567148,0.,14.1000002577901));
#11471=CARTESIAN_POINT('',(0.299999944865704,0.2,14.1000002577901));
#11472=CARTESIAN_POINT('',(-0.100000027567148,0.2,14.1000002577901));
#11473=CARTESIAN_POINT('',(0.299999944865704,0.2,14.1000002577901));
#11474=CARTESIAN_POINT('Origin',(0.299999944865704,0.2,13.6000002503395));
#11475=CARTESIAN_POINT('',(0.299999944865704,0.,13.0500001251698));
#11476=CARTESIAN_POINT('',(0.299999944865704,0.2,13.0500001251698));
#11477=CARTESIAN_POINT('Origin',(0.0999999418854713,0.2,14.4000002503395));
#11478=CARTESIAN_POINT('',(0.299999944865704,0.,14.4000002503395));
#11479=CARTESIAN_POINT('',(0.0999999418854713,0.,14.4000002503395));
#11480=CARTESIAN_POINT('',(-0.200000029057264,0.,14.4000002503395));
#11481=CARTESIAN_POINT('',(0.299999944865704,0.2,14.4000002503395));
#11482=CARTESIAN_POINT('',(0.299999944865704,0.2,14.4000002503395));
#11483=CARTESIAN_POINT('',(0.0999999418854713,0.2,14.4000002503395));
#11484=CARTESIAN_POINT('',(-0.200000029057264,0.2,14.4000002503395));
#11485=CARTESIAN_POINT('',(0.0999999418854713,0.2,14.4000002503395));
#11486=CARTESIAN_POINT('Origin',(0.0999999418854713,0.2,14.9000002577901));
#11487=CARTESIAN_POINT('',(0.0999999418854713,0.,14.9000002577901));
#11488=CARTESIAN_POINT('',(0.0999999418854713,0.,13.700000128895));
#11489=CARTESIAN_POINT('',(0.0999999418854713,0.2,14.9000002577901));
#11490=CARTESIAN_POINT('',(0.0999999418854713,0.2,13.700000128895));
#11491=CARTESIAN_POINT('',(0.0999999418854713,0.2,14.9000002577901));
#11492=CARTESIAN_POINT('Origin',(0.299999944865704,0.2,14.9000002577901));
#11493=CARTESIAN_POINT('',(0.299999944865704,0.,14.9000002577901));
#11494=CARTESIAN_POINT('',(-0.100000027567148,0.,14.9000002577901));
#11495=CARTESIAN_POINT('',(0.299999944865704,0.2,14.9000002577901));
#11496=CARTESIAN_POINT('',(-0.100000027567148,0.2,14.9000002577901));
#11497=CARTESIAN_POINT('',(0.299999944865704,0.2,14.9000002577901));
#11498=CARTESIAN_POINT('Origin',(0.299999944865704,0.2,14.4000002503395));
#11499=CARTESIAN_POINT('',(0.299999944865704,0.,13.4500001251698));
#11500=CARTESIAN_POINT('',(0.299999944865704,0.2,13.4500001251698));
#11501=CARTESIAN_POINT('Origin',(0.0999999418854713,0.2,15.2000002503395));
#11502=CARTESIAN_POINT('',(0.299999944865704,0.,15.2000002503395));
#11503=CARTESIAN_POINT('',(0.0999999418854713,0.,15.2000002503395));
#11504=CARTESIAN_POINT('',(-0.200000029057264,0.,15.2000002503395));
#11505=CARTESIAN_POINT('',(0.299999944865704,0.2,15.2000002503395));
#11506=CARTESIAN_POINT('',(0.299999944865704,0.2,15.2000002503395));
#11507=CARTESIAN_POINT('',(0.0999999418854713,0.2,15.2000002503395));
#11508=CARTESIAN_POINT('',(-0.200000029057264,0.2,15.2000002503395));
#11509=CARTESIAN_POINT('',(0.0999999418854713,0.2,15.2000002503395));
#11510=CARTESIAN_POINT('Origin',(0.0999999418854713,0.2,15.7000002577901));
#11511=CARTESIAN_POINT('',(0.0999999418854713,0.,15.7000002577901));
#11512=CARTESIAN_POINT('',(0.0999999418854713,0.,14.100000128895));
#11513=CARTESIAN_POINT('',(0.0999999418854713,0.2,15.7000002577901));
#11514=CARTESIAN_POINT('',(0.0999999418854713,0.2,14.100000128895));
#11515=CARTESIAN_POINT('',(0.0999999418854713,0.2,15.7000002577901));
#11516=CARTESIAN_POINT('Origin',(0.299999944865704,0.2,15.7000002577901));
#11517=CARTESIAN_POINT('',(0.299999944865704,0.,15.7000002577901));
#11518=CARTESIAN_POINT('',(-0.100000027567148,0.,15.7000002577901));
#11519=CARTESIAN_POINT('',(0.299999944865704,0.2,15.7000002577901));
#11520=CARTESIAN_POINT('',(-0.100000027567148,0.2,15.7000002577901));
#11521=CARTESIAN_POINT('',(0.299999944865704,0.2,15.7000002577901));
#11522=CARTESIAN_POINT('Origin',(0.299999944865704,0.2,15.2000002503395));
#11523=CARTESIAN_POINT('',(0.299999944865704,0.,13.8500001251698));
#11524=CARTESIAN_POINT('',(0.299999944865704,0.2,13.8500001251698));
#11525=CARTESIAN_POINT('Origin',(0.0999999418854713,0.2,16.0000002503395));
#11526=CARTESIAN_POINT('',(0.299999944865704,0.,16.0000002503395));
#11527=CARTESIAN_POINT('',(0.0999999418854713,0.,16.0000002503395));
#11528=CARTESIAN_POINT('',(-0.200000029057264,0.,16.0000002503395));
#11529=CARTESIAN_POINT('',(0.299999944865704,0.2,16.0000002503395));
#11530=CARTESIAN_POINT('',(0.299999944865704,0.2,16.0000002503395));
#11531=CARTESIAN_POINT('',(0.0999999418854713,0.2,16.0000002503395));
#11532=CARTESIAN_POINT('',(-0.200000029057264,0.2,16.0000002503395));
#11533=CARTESIAN_POINT('',(0.0999999418854713,0.2,16.0000002503395));
#11534=CARTESIAN_POINT('Origin',(0.0999999418854713,0.2,16.5000002577901));
#11535=CARTESIAN_POINT('',(0.0999999418854713,0.,16.5000002577901));
#11536=CARTESIAN_POINT('',(0.0999999418854713,0.,14.500000128895));
#11537=CARTESIAN_POINT('',(0.0999999418854713,0.2,16.5000002577901));
#11538=CARTESIAN_POINT('',(0.0999999418854713,0.2,14.500000128895));
#11539=CARTESIAN_POINT('',(0.0999999418854713,0.2,16.5000002577901));
#11540=CARTESIAN_POINT('Origin',(0.299999944865704,0.2,16.5000002577901));
#11541=CARTESIAN_POINT('',(0.299999944865704,0.,16.5000002577901));
#11542=CARTESIAN_POINT('',(-0.100000027567148,0.,16.5000002577901));
#11543=CARTESIAN_POINT('',(0.299999944865704,0.2,16.5000002577901));
#11544=CARTESIAN_POINT('',(-0.100000027567148,0.2,16.5000002577901));
#11545=CARTESIAN_POINT('',(0.299999944865704,0.2,16.5000002577901));
#11546=CARTESIAN_POINT('Origin',(0.299999944865704,0.2,16.0000002503395));
#11547=CARTESIAN_POINT('',(0.299999944865704,0.,14.2500001251698));
#11548=CARTESIAN_POINT('',(0.299999944865704,0.2,14.2500001251698));
#11549=CARTESIAN_POINT('Origin',(-0.900000058114529,0.2,13.6000002503395));
#11550=CARTESIAN_POINT('',(-0.700000055134296,0.,13.6000002503395));
#11551=CARTESIAN_POINT('',(-0.900000058114529,0.,13.6000002503395));
#11552=CARTESIAN_POINT('',(-0.700000029057264,0.,13.6000002503395));
#11553=CARTESIAN_POINT('',(-0.700000055134296,0.2,13.6000002503395));
#11554=CARTESIAN_POINT('',(-0.700000055134296,0.2,13.6000002503395));
#11555=CARTESIAN_POINT('',(-0.900000058114529,0.2,13.6000002503395));
#11556=CARTESIAN_POINT('',(-0.700000029057264,0.2,13.6000002503395));
#11557=CARTESIAN_POINT('',(-0.900000058114529,0.2,13.6000002503395));
#11558=CARTESIAN_POINT('Origin',(-0.900000058114529,0.2,14.1000002577901));
#11559=CARTESIAN_POINT('',(-0.900000058114529,0.,14.1000002577901));
#11560=CARTESIAN_POINT('',(-0.900000058114529,0.,13.300000128895));
#11561=CARTESIAN_POINT('',(-0.900000058114529,0.2,14.1000002577901));
#11562=CARTESIAN_POINT('',(-0.900000058114529,0.2,13.300000128895));
#11563=CARTESIAN_POINT('',(-0.900000058114529,0.2,14.1000002577901));
#11564=CARTESIAN_POINT('Origin',(-0.700000055134296,0.2,14.1000002577901));
#11565=CARTESIAN_POINT('',(-0.700000055134296,0.,14.1000002577901));
#11566=CARTESIAN_POINT('',(-0.600000027567148,0.,14.1000002577901));
#11567=CARTESIAN_POINT('',(-0.700000055134296,0.2,14.1000002577901));
#11568=CARTESIAN_POINT('',(-0.600000027567148,0.2,14.1000002577901));
#11569=CARTESIAN_POINT('',(-0.700000055134296,0.2,14.1000002577901));
#11570=CARTESIAN_POINT('Origin',(-0.700000055134296,0.2,13.6000002503395));
#11571=CARTESIAN_POINT('',(-0.700000055134296,0.,13.0500001251698));
#11572=CARTESIAN_POINT('',(-0.700000055134296,0.2,13.0500001251698));
#11573=CARTESIAN_POINT('Origin',(-0.900000058114529,0.2,14.4000002503395));
#11574=CARTESIAN_POINT('',(-0.700000055134296,0.,14.4000002503395));
#11575=CARTESIAN_POINT('',(-0.900000058114529,0.,14.4000002503395));
#11576=CARTESIAN_POINT('',(-0.700000029057264,0.,14.4000002503395));
#11577=CARTESIAN_POINT('',(-0.700000055134296,0.2,14.4000002503395));
#11578=CARTESIAN_POINT('',(-0.700000055134296,0.2,14.4000002503395));
#11579=CARTESIAN_POINT('',(-0.900000058114529,0.2,14.4000002503395));
#11580=CARTESIAN_POINT('',(-0.700000029057264,0.2,14.4000002503395));
#11581=CARTESIAN_POINT('',(-0.900000058114529,0.2,14.4000002503395));
#11582=CARTESIAN_POINT('Origin',(-0.900000058114529,0.2,14.9000002577901));
#11583=CARTESIAN_POINT('',(-0.900000058114529,0.,14.9000002577901));
#11584=CARTESIAN_POINT('',(-0.900000058114529,0.,13.700000128895));
#11585=CARTESIAN_POINT('',(-0.900000058114529,0.2,14.9000002577901));
#11586=CARTESIAN_POINT('',(-0.900000058114529,0.2,13.700000128895));
#11587=CARTESIAN_POINT('',(-0.900000058114529,0.2,14.9000002577901));
#11588=CARTESIAN_POINT('Origin',(-0.700000055134296,0.2,14.9000002577901));
#11589=CARTESIAN_POINT('',(-0.700000055134296,0.,14.9000002577901));
#11590=CARTESIAN_POINT('',(-0.600000027567148,0.,14.9000002577901));
#11591=CARTESIAN_POINT('',(-0.700000055134296,0.2,14.9000002577901));
#11592=CARTESIAN_POINT('',(-0.600000027567148,0.2,14.9000002577901));
#11593=CARTESIAN_POINT('',(-0.700000055134296,0.2,14.9000002577901));
#11594=CARTESIAN_POINT('Origin',(-0.700000055134296,0.2,14.4000002503395));
#11595=CARTESIAN_POINT('',(-0.700000055134296,0.,13.4500001251698));
#11596=CARTESIAN_POINT('',(-0.700000055134296,0.2,13.4500001251698));
#11597=CARTESIAN_POINT('Origin',(-0.900000058114529,0.2,15.2000002503395));
#11598=CARTESIAN_POINT('',(-0.700000055134296,0.,15.2000002503395));
#11599=CARTESIAN_POINT('',(-0.900000058114529,0.,15.2000002503395));
#11600=CARTESIAN_POINT('',(-0.700000029057264,0.,15.2000002503395));
#11601=CARTESIAN_POINT('',(-0.700000055134296,0.2,15.2000002503395));
#11602=CARTESIAN_POINT('',(-0.700000055134296,0.2,15.2000002503395));
#11603=CARTESIAN_POINT('',(-0.900000058114529,0.2,15.2000002503395));
#11604=CARTESIAN_POINT('',(-0.700000029057264,0.2,15.2000002503395));
#11605=CARTESIAN_POINT('',(-0.900000058114529,0.2,15.2000002503395));
#11606=CARTESIAN_POINT('Origin',(-0.900000058114529,0.2,15.7000002577901));
#11607=CARTESIAN_POINT('',(-0.900000058114529,0.,15.7000002577901));
#11608=CARTESIAN_POINT('',(-0.900000058114529,0.,14.100000128895));
#11609=CARTESIAN_POINT('',(-0.900000058114529,0.2,15.7000002577901));
#11610=CARTESIAN_POINT('',(-0.900000058114529,0.2,14.100000128895));
#11611=CARTESIAN_POINT('',(-0.900000058114529,0.2,15.7000002577901));
#11612=CARTESIAN_POINT('Origin',(-0.700000055134296,0.2,15.7000002577901));
#11613=CARTESIAN_POINT('',(-0.700000055134296,0.,15.7000002577901));
#11614=CARTESIAN_POINT('',(-0.600000027567148,0.,15.7000002577901));
#11615=CARTESIAN_POINT('',(-0.700000055134296,0.2,15.7000002577901));
#11616=CARTESIAN_POINT('',(-0.600000027567148,0.2,15.7000002577901));
#11617=CARTESIAN_POINT('',(-0.700000055134296,0.2,15.7000002577901));
#11618=CARTESIAN_POINT('Origin',(-0.700000055134296,0.2,15.2000002503395));
#11619=CARTESIAN_POINT('',(-0.700000055134296,0.,13.8500001251698));
#11620=CARTESIAN_POINT('',(-0.700000055134296,0.2,13.8500001251698));
#11621=CARTESIAN_POINT('Origin',(-0.900000058114529,0.2,16.0000002503395));
#11622=CARTESIAN_POINT('',(-0.700000055134296,0.,16.0000002503395));
#11623=CARTESIAN_POINT('',(-0.900000058114529,0.,16.0000002503395));
#11624=CARTESIAN_POINT('',(-0.700000029057264,0.,16.0000002503395));
#11625=CARTESIAN_POINT('',(-0.700000055134296,0.2,16.0000002503395));
#11626=CARTESIAN_POINT('',(-0.700000055134296,0.2,16.0000002503395));
#11627=CARTESIAN_POINT('',(-0.900000058114529,0.2,16.0000002503395));
#11628=CARTESIAN_POINT('',(-0.700000029057264,0.2,16.0000002503395));
#11629=CARTESIAN_POINT('',(-0.900000058114529,0.2,16.0000002503395));
#11630=CARTESIAN_POINT('Origin',(-0.900000058114529,0.2,16.5000002577901));
#11631=CARTESIAN_POINT('',(-0.900000058114529,0.,16.5000002577901));
#11632=CARTESIAN_POINT('',(-0.900000058114529,0.,14.500000128895));
#11633=CARTESIAN_POINT('',(-0.900000058114529,0.2,16.5000002577901));
#11634=CARTESIAN_POINT('',(-0.900000058114529,0.2,14.500000128895));
#11635=CARTESIAN_POINT('',(-0.900000058114529,0.2,16.5000002577901));
#11636=CARTESIAN_POINT('Origin',(-0.700000055134296,0.2,16.5000002577901));
#11637=CARTESIAN_POINT('',(-0.700000055134296,0.,16.5000002577901));
#11638=CARTESIAN_POINT('',(-0.600000027567148,0.,16.5000002577901));
#11639=CARTESIAN_POINT('',(-0.700000055134296,0.2,16.5000002577901));
#11640=CARTESIAN_POINT('',(-0.600000027567148,0.2,16.5000002577901));
#11641=CARTESIAN_POINT('',(-0.700000055134296,0.2,16.5000002577901));
#11642=CARTESIAN_POINT('Origin',(-0.700000055134296,0.2,16.0000002503395));
#11643=CARTESIAN_POINT('',(-0.700000055134296,0.,14.2500001251698));
#11644=CARTESIAN_POINT('',(-0.700000055134296,0.2,14.2500001251698));
#11645=CARTESIAN_POINT('Origin',(-1.90000005811453,0.2,13.6000002503395));
#11646=CARTESIAN_POINT('',(-1.7000000551343,0.,13.6000002503395));
#11647=CARTESIAN_POINT('',(-1.90000005811453,0.,13.6000002503395));
#11648=CARTESIAN_POINT('',(-1.20000002905726,0.,13.6000002503395));
#11649=CARTESIAN_POINT('',(-1.7000000551343,0.2,13.6000002503395));
#11650=CARTESIAN_POINT('',(-1.7000000551343,0.2,13.6000002503395));
#11651=CARTESIAN_POINT('',(-1.90000005811453,0.2,13.6000002503395));
#11652=CARTESIAN_POINT('',(-1.20000002905726,0.2,13.6000002503395));
#11653=CARTESIAN_POINT('',(-1.90000005811453,0.2,13.6000002503395));
#11654=CARTESIAN_POINT('Origin',(-1.90000005811453,0.2,14.1000002577901));
#11655=CARTESIAN_POINT('',(-1.90000005811453,0.,14.1000002577901));
#11656=CARTESIAN_POINT('',(-1.90000005811453,0.,13.300000128895));
#11657=CARTESIAN_POINT('',(-1.90000005811453,0.2,14.1000002577901));
#11658=CARTESIAN_POINT('',(-1.90000005811453,0.2,13.300000128895));
#11659=CARTESIAN_POINT('',(-1.90000005811453,0.2,14.1000002577901));
#11660=CARTESIAN_POINT('Origin',(-1.7000000551343,0.2,14.1000002577901));
#11661=CARTESIAN_POINT('',(-1.7000000551343,0.,14.1000002577901));
#11662=CARTESIAN_POINT('',(-1.10000002756715,0.,14.1000002577901));
#11663=CARTESIAN_POINT('',(-1.7000000551343,0.2,14.1000002577901));
#11664=CARTESIAN_POINT('',(-1.10000002756715,0.2,14.1000002577901));
#11665=CARTESIAN_POINT('',(-1.7000000551343,0.2,14.1000002577901));
#11666=CARTESIAN_POINT('Origin',(-1.7000000551343,0.2,13.6000002503395));
#11667=CARTESIAN_POINT('',(-1.7000000551343,0.,13.0500001251698));
#11668=CARTESIAN_POINT('',(-1.7000000551343,0.2,13.0500001251698));
#11669=CARTESIAN_POINT('Origin',(-1.90000005811453,0.2,14.4000002503395));
#11670=CARTESIAN_POINT('',(-1.7000000551343,0.,14.4000002503395));
#11671=CARTESIAN_POINT('',(-1.90000005811453,0.,14.4000002503395));
#11672=CARTESIAN_POINT('',(-1.20000002905726,0.,14.4000002503395));
#11673=CARTESIAN_POINT('',(-1.7000000551343,0.2,14.4000002503395));
#11674=CARTESIAN_POINT('',(-1.7000000551343,0.2,14.4000002503395));
#11675=CARTESIAN_POINT('',(-1.90000005811453,0.2,14.4000002503395));
#11676=CARTESIAN_POINT('',(-1.20000002905726,0.2,14.4000002503395));
#11677=CARTESIAN_POINT('',(-1.90000005811453,0.2,14.4000002503395));
#11678=CARTESIAN_POINT('Origin',(-1.90000005811453,0.2,14.9000002577901));
#11679=CARTESIAN_POINT('',(-1.90000005811453,0.,14.9000002577901));
#11680=CARTESIAN_POINT('',(-1.90000005811453,0.,13.700000128895));
#11681=CARTESIAN_POINT('',(-1.90000005811453,0.2,14.9000002577901));
#11682=CARTESIAN_POINT('',(-1.90000005811453,0.2,13.700000128895));
#11683=CARTESIAN_POINT('',(-1.90000005811453,0.2,14.9000002577901));
#11684=CARTESIAN_POINT('Origin',(-1.7000000551343,0.2,14.9000002577901));
#11685=CARTESIAN_POINT('',(-1.7000000551343,0.,14.9000002577901));
#11686=CARTESIAN_POINT('',(-1.10000002756715,0.,14.9000002577901));
#11687=CARTESIAN_POINT('',(-1.7000000551343,0.2,14.9000002577901));
#11688=CARTESIAN_POINT('',(-1.10000002756715,0.2,14.9000002577901));
#11689=CARTESIAN_POINT('',(-1.7000000551343,0.2,14.9000002577901));
#11690=CARTESIAN_POINT('Origin',(-1.7000000551343,0.2,14.4000002503395));
#11691=CARTESIAN_POINT('',(-1.7000000551343,0.,13.4500001251698));
#11692=CARTESIAN_POINT('',(-1.7000000551343,0.2,13.4500001251698));
#11693=CARTESIAN_POINT('Origin',(-1.90000005811453,0.2,15.2000002503395));
#11694=CARTESIAN_POINT('',(-1.7000000551343,0.,15.2000002503395));
#11695=CARTESIAN_POINT('',(-1.90000005811453,0.,15.2000002503395));
#11696=CARTESIAN_POINT('',(-1.20000002905726,0.,15.2000002503395));
#11697=CARTESIAN_POINT('',(-1.7000000551343,0.2,15.2000002503395));
#11698=CARTESIAN_POINT('',(-1.7000000551343,0.2,15.2000002503395));
#11699=CARTESIAN_POINT('',(-1.90000005811453,0.2,15.2000002503395));
#11700=CARTESIAN_POINT('',(-1.20000002905726,0.2,15.2000002503395));
#11701=CARTESIAN_POINT('',(-1.90000005811453,0.2,15.2000002503395));
#11702=CARTESIAN_POINT('Origin',(-1.90000005811453,0.2,15.7000002577901));
#11703=CARTESIAN_POINT('',(-1.90000005811453,0.,15.7000002577901));
#11704=CARTESIAN_POINT('',(-1.90000005811453,0.,14.100000128895));
#11705=CARTESIAN_POINT('',(-1.90000005811453,0.2,15.7000002577901));
#11706=CARTESIAN_POINT('',(-1.90000005811453,0.2,14.100000128895));
#11707=CARTESIAN_POINT('',(-1.90000005811453,0.2,15.7000002577901));
#11708=CARTESIAN_POINT('Origin',(-1.7000000551343,0.2,15.7000002577901));
#11709=CARTESIAN_POINT('',(-1.7000000551343,0.,15.7000002577901));
#11710=CARTESIAN_POINT('',(-1.10000002756715,0.,15.7000002577901));
#11711=CARTESIAN_POINT('',(-1.7000000551343,0.2,15.7000002577901));
#11712=CARTESIAN_POINT('',(-1.10000002756715,0.2,15.7000002577901));
#11713=CARTESIAN_POINT('',(-1.7000000551343,0.2,15.7000002577901));
#11714=CARTESIAN_POINT('Origin',(-1.7000000551343,0.2,15.2000002503395));
#11715=CARTESIAN_POINT('',(-1.7000000551343,0.,13.8500001251698));
#11716=CARTESIAN_POINT('',(-1.7000000551343,0.2,13.8500001251698));
#11717=CARTESIAN_POINT('Origin',(-1.90000005811453,0.2,16.0000002503395));
#11718=CARTESIAN_POINT('',(-1.7000000551343,0.,16.0000002503395));
#11719=CARTESIAN_POINT('',(-1.90000005811453,0.,16.0000002503395));
#11720=CARTESIAN_POINT('',(-1.20000002905726,0.,16.0000002503395));
#11721=CARTESIAN_POINT('',(-1.7000000551343,0.2,16.0000002503395));
#11722=CARTESIAN_POINT('',(-1.7000000551343,0.2,16.0000002503395));
#11723=CARTESIAN_POINT('',(-1.90000005811453,0.2,16.0000002503395));
#11724=CARTESIAN_POINT('',(-1.20000002905726,0.2,16.0000002503395));
#11725=CARTESIAN_POINT('',(-1.90000005811453,0.2,16.0000002503395));
#11726=CARTESIAN_POINT('Origin',(-1.90000005811453,0.2,16.5000002577901));
#11727=CARTESIAN_POINT('',(-1.90000005811453,0.,16.5000002577901));
#11728=CARTESIAN_POINT('',(-1.90000005811453,0.,14.500000128895));
#11729=CARTESIAN_POINT('',(-1.90000005811453,0.2,16.5000002577901));
#11730=CARTESIAN_POINT('',(-1.90000005811453,0.2,14.500000128895));
#11731=CARTESIAN_POINT('',(-1.90000005811453,0.2,16.5000002577901));
#11732=CARTESIAN_POINT('Origin',(-1.7000000551343,0.2,16.5000002577901));
#11733=CARTESIAN_POINT('',(-1.7000000551343,0.,16.5000002577901));
#11734=CARTESIAN_POINT('',(-1.10000002756715,0.,16.5000002577901));
#11735=CARTESIAN_POINT('',(-1.7000000551343,0.2,16.5000002577901));
#11736=CARTESIAN_POINT('',(-1.10000002756715,0.2,16.5000002577901));
#11737=CARTESIAN_POINT('',(-1.7000000551343,0.2,16.5000002577901));
#11738=CARTESIAN_POINT('Origin',(-1.7000000551343,0.2,16.0000002503395));
#11739=CARTESIAN_POINT('',(-1.7000000551343,0.,14.2500001251698));
#11740=CARTESIAN_POINT('',(-1.7000000551343,0.2,14.2500001251698));
#11741=CARTESIAN_POINT('Origin',(-2.90000005811453,0.2,13.6000002503395));
#11742=CARTESIAN_POINT('',(-2.7000000551343,0.,13.6000002503395));
#11743=CARTESIAN_POINT('',(-2.90000005811453,0.,13.6000002503395));
#11744=CARTESIAN_POINT('',(-1.70000002905726,0.,13.6000002503395));
#11745=CARTESIAN_POINT('',(-2.7000000551343,0.2,13.6000002503395));
#11746=CARTESIAN_POINT('',(-2.7000000551343,0.2,13.6000002503395));
#11747=CARTESIAN_POINT('',(-2.90000005811453,0.2,13.6000002503395));
#11748=CARTESIAN_POINT('',(-1.70000002905726,0.2,13.6000002503395));
#11749=CARTESIAN_POINT('',(-2.90000005811453,0.2,13.6000002503395));
#11750=CARTESIAN_POINT('Origin',(-2.90000005811453,0.2,14.1000002577901));
#11751=CARTESIAN_POINT('',(-2.90000005811453,0.,14.1000002577901));
#11752=CARTESIAN_POINT('',(-2.90000005811453,0.,13.300000128895));
#11753=CARTESIAN_POINT('',(-2.90000005811453,0.2,14.1000002577901));
#11754=CARTESIAN_POINT('',(-2.90000005811453,0.2,13.300000128895));
#11755=CARTESIAN_POINT('',(-2.90000005811453,0.2,14.1000002577901));
#11756=CARTESIAN_POINT('Origin',(-2.7000000551343,0.2,14.1000002577901));
#11757=CARTESIAN_POINT('',(-2.7000000551343,0.,14.1000002577901));
#11758=CARTESIAN_POINT('',(-1.60000002756715,0.,14.1000002577901));
#11759=CARTESIAN_POINT('',(-2.7000000551343,0.2,14.1000002577901));
#11760=CARTESIAN_POINT('',(-1.60000002756715,0.2,14.1000002577901));
#11761=CARTESIAN_POINT('',(-2.7000000551343,0.2,14.1000002577901));
#11762=CARTESIAN_POINT('Origin',(-2.7000000551343,0.2,13.6000002503395));
#11763=CARTESIAN_POINT('',(-2.7000000551343,0.,13.0500001251698));
#11764=CARTESIAN_POINT('',(-2.7000000551343,0.2,13.0500001251698));
#11765=CARTESIAN_POINT('Origin',(-2.90000005811453,0.2,14.4000002503395));
#11766=CARTESIAN_POINT('',(-2.7000000551343,0.,14.4000002503395));
#11767=CARTESIAN_POINT('',(-2.90000005811453,0.,14.4000002503395));
#11768=CARTESIAN_POINT('',(-1.70000002905726,0.,14.4000002503395));
#11769=CARTESIAN_POINT('',(-2.7000000551343,0.2,14.4000002503395));
#11770=CARTESIAN_POINT('',(-2.7000000551343,0.2,14.4000002503395));
#11771=CARTESIAN_POINT('',(-2.90000005811453,0.2,14.4000002503395));
#11772=CARTESIAN_POINT('',(-1.70000002905726,0.2,14.4000002503395));
#11773=CARTESIAN_POINT('',(-2.90000005811453,0.2,14.4000002503395));
#11774=CARTESIAN_POINT('Origin',(-2.90000005811453,0.2,14.9000002577901));
#11775=CARTESIAN_POINT('',(-2.90000005811453,0.,14.9000002577901));
#11776=CARTESIAN_POINT('',(-2.90000005811453,0.,13.700000128895));
#11777=CARTESIAN_POINT('',(-2.90000005811453,0.2,14.9000002577901));
#11778=CARTESIAN_POINT('',(-2.90000005811453,0.2,13.700000128895));
#11779=CARTESIAN_POINT('',(-2.90000005811453,0.2,14.9000002577901));
#11780=CARTESIAN_POINT('Origin',(-2.7000000551343,0.2,14.9000002577901));
#11781=CARTESIAN_POINT('',(-2.7000000551343,0.,14.9000002577901));
#11782=CARTESIAN_POINT('',(-1.60000002756715,0.,14.9000002577901));
#11783=CARTESIAN_POINT('',(-2.7000000551343,0.2,14.9000002577901));
#11784=CARTESIAN_POINT('',(-1.60000002756715,0.2,14.9000002577901));
#11785=CARTESIAN_POINT('',(-2.7000000551343,0.2,14.9000002577901));
#11786=CARTESIAN_POINT('Origin',(-2.7000000551343,0.2,14.4000002503395));
#11787=CARTESIAN_POINT('',(-2.7000000551343,0.,13.4500001251698));
#11788=CARTESIAN_POINT('',(-2.7000000551343,0.2,13.4500001251698));
#11789=CARTESIAN_POINT('Origin',(-2.90000005811453,0.2,15.2000002503395));
#11790=CARTESIAN_POINT('',(-2.7000000551343,0.,15.2000002503395));
#11791=CARTESIAN_POINT('',(-2.90000005811453,0.,15.2000002503395));
#11792=CARTESIAN_POINT('',(-1.70000002905726,0.,15.2000002503395));
#11793=CARTESIAN_POINT('',(-2.7000000551343,0.2,15.2000002503395));
#11794=CARTESIAN_POINT('',(-2.7000000551343,0.2,15.2000002503395));
#11795=CARTESIAN_POINT('',(-2.90000005811453,0.2,15.2000002503395));
#11796=CARTESIAN_POINT('',(-1.70000002905726,0.2,15.2000002503395));
#11797=CARTESIAN_POINT('',(-2.90000005811453,0.2,15.2000002503395));
#11798=CARTESIAN_POINT('Origin',(-2.90000005811453,0.2,15.7000002577901));
#11799=CARTESIAN_POINT('',(-2.90000005811453,0.,15.7000002577901));
#11800=CARTESIAN_POINT('',(-2.90000005811453,0.,14.100000128895));
#11801=CARTESIAN_POINT('',(-2.90000005811453,0.2,15.7000002577901));
#11802=CARTESIAN_POINT('',(-2.90000005811453,0.2,14.100000128895));
#11803=CARTESIAN_POINT('',(-2.90000005811453,0.2,15.7000002577901));
#11804=CARTESIAN_POINT('Origin',(-2.7000000551343,0.2,15.7000002577901));
#11805=CARTESIAN_POINT('',(-2.7000000551343,0.,15.7000002577901));
#11806=CARTESIAN_POINT('',(-1.60000002756715,0.,15.7000002577901));
#11807=CARTESIAN_POINT('',(-2.7000000551343,0.2,15.7000002577901));
#11808=CARTESIAN_POINT('',(-1.60000002756715,0.2,15.7000002577901));
#11809=CARTESIAN_POINT('',(-2.7000000551343,0.2,15.7000002577901));
#11810=CARTESIAN_POINT('Origin',(-2.7000000551343,0.2,15.2000002503395));
#11811=CARTESIAN_POINT('',(-2.7000000551343,0.,13.8500001251698));
#11812=CARTESIAN_POINT('',(-2.7000000551343,0.2,13.8500001251698));
#11813=CARTESIAN_POINT('Origin',(-2.90000005811453,0.2,16.0000002503395));
#11814=CARTESIAN_POINT('',(-2.7000000551343,0.,16.0000002503395));
#11815=CARTESIAN_POINT('',(-2.90000005811453,0.,16.0000002503395));
#11816=CARTESIAN_POINT('',(-1.70000002905726,0.,16.0000002503395));
#11817=CARTESIAN_POINT('',(-2.7000000551343,0.2,16.0000002503395));
#11818=CARTESIAN_POINT('',(-2.7000000551343,0.2,16.0000002503395));
#11819=CARTESIAN_POINT('',(-2.90000005811453,0.2,16.0000002503395));
#11820=CARTESIAN_POINT('',(-1.70000002905726,0.2,16.0000002503395));
#11821=CARTESIAN_POINT('',(-2.90000005811453,0.2,16.0000002503395));
#11822=CARTESIAN_POINT('Origin',(-2.90000005811453,0.2,16.5000002577901));
#11823=CARTESIAN_POINT('',(-2.90000005811453,0.,16.5000002577901));
#11824=CARTESIAN_POINT('',(-2.90000005811453,0.,14.500000128895));
#11825=CARTESIAN_POINT('',(-2.90000005811453,0.2,16.5000002577901));
#11826=CARTESIAN_POINT('',(-2.90000005811453,0.2,14.500000128895));
#11827=CARTESIAN_POINT('',(-2.90000005811453,0.2,16.5000002577901));
#11828=CARTESIAN_POINT('Origin',(-2.7000000551343,0.2,16.5000002577901));
#11829=CARTESIAN_POINT('',(-2.7000000551343,0.,16.5000002577901));
#11830=CARTESIAN_POINT('',(-1.60000002756715,0.,16.5000002577901));
#11831=CARTESIAN_POINT('',(-2.7000000551343,0.2,16.5000002577901));
#11832=CARTESIAN_POINT('',(-1.60000002756715,0.2,16.5000002577901));
#11833=CARTESIAN_POINT('',(-2.7000000551343,0.2,16.5000002577901));
#11834=CARTESIAN_POINT('Origin',(-2.7000000551343,0.2,16.0000002503395));
#11835=CARTESIAN_POINT('',(-2.7000000551343,0.,14.2500001251698));
#11836=CARTESIAN_POINT('',(-2.7000000551343,0.2,14.2500001251698));
#11837=CARTESIAN_POINT('Origin',(-3.90000005811453,0.2,13.6000002503395));
#11838=CARTESIAN_POINT('',(-3.7000000551343,0.,13.6000002503395));
#11839=CARTESIAN_POINT('',(-3.90000005811453,0.,13.6000002503395));
#11840=CARTESIAN_POINT('',(-2.20000002905726,0.,13.6000002503395));
#11841=CARTESIAN_POINT('',(-3.7000000551343,0.2,13.6000002503395));
#11842=CARTESIAN_POINT('',(-3.7000000551343,0.2,13.6000002503395));
#11843=CARTESIAN_POINT('',(-3.90000005811453,0.2,13.6000002503395));
#11844=CARTESIAN_POINT('',(-2.20000002905726,0.2,13.6000002503395));
#11845=CARTESIAN_POINT('',(-3.90000005811453,0.2,13.6000002503395));
#11846=CARTESIAN_POINT('Origin',(-3.90000005811453,0.2,14.1000002577901));
#11847=CARTESIAN_POINT('',(-3.90000005811453,0.,14.1000002577901));
#11848=CARTESIAN_POINT('',(-3.90000005811453,0.,13.300000128895));
#11849=CARTESIAN_POINT('',(-3.90000005811453,0.2,14.1000002577901));
#11850=CARTESIAN_POINT('',(-3.90000005811453,0.2,13.300000128895));
#11851=CARTESIAN_POINT('',(-3.90000005811453,0.2,14.1000002577901));
#11852=CARTESIAN_POINT('Origin',(-3.7000000551343,0.2,14.1000002577901));
#11853=CARTESIAN_POINT('',(-3.7000000551343,0.,14.1000002577901));
#11854=CARTESIAN_POINT('',(-2.10000002756715,0.,14.1000002577901));
#11855=CARTESIAN_POINT('',(-3.7000000551343,0.2,14.1000002577901));
#11856=CARTESIAN_POINT('',(-2.10000002756715,0.2,14.1000002577901));
#11857=CARTESIAN_POINT('',(-3.7000000551343,0.2,14.1000002577901));
#11858=CARTESIAN_POINT('Origin',(-3.7000000551343,0.2,13.6000002503395));
#11859=CARTESIAN_POINT('',(-3.7000000551343,0.,13.0500001251698));
#11860=CARTESIAN_POINT('',(-3.7000000551343,0.2,13.0500001251698));
#11861=CARTESIAN_POINT('Origin',(-3.90000005811453,0.2,14.4000002503395));
#11862=CARTESIAN_POINT('',(-3.7000000551343,0.,14.4000002503395));
#11863=CARTESIAN_POINT('',(-3.90000005811453,0.,14.4000002503395));
#11864=CARTESIAN_POINT('',(-2.20000002905726,0.,14.4000002503395));
#11865=CARTESIAN_POINT('',(-3.7000000551343,0.2,14.4000002503395));
#11866=CARTESIAN_POINT('',(-3.7000000551343,0.2,14.4000002503395));
#11867=CARTESIAN_POINT('',(-3.90000005811453,0.2,14.4000002503395));
#11868=CARTESIAN_POINT('',(-2.20000002905726,0.2,14.4000002503395));
#11869=CARTESIAN_POINT('',(-3.90000005811453,0.2,14.4000002503395));
#11870=CARTESIAN_POINT('Origin',(-3.90000005811453,0.2,14.9000002577901));
#11871=CARTESIAN_POINT('',(-3.90000005811453,0.,14.9000002577901));
#11872=CARTESIAN_POINT('',(-3.90000005811453,0.,13.700000128895));
#11873=CARTESIAN_POINT('',(-3.90000005811453,0.2,14.9000002577901));
#11874=CARTESIAN_POINT('',(-3.90000005811453,0.2,13.700000128895));
#11875=CARTESIAN_POINT('',(-3.90000005811453,0.2,14.9000002577901));
#11876=CARTESIAN_POINT('Origin',(-3.7000000551343,0.2,14.9000002577901));
#11877=CARTESIAN_POINT('',(-3.7000000551343,0.,14.9000002577901));
#11878=CARTESIAN_POINT('',(-2.10000002756715,0.,14.9000002577901));
#11879=CARTESIAN_POINT('',(-3.7000000551343,0.2,14.9000002577901));
#11880=CARTESIAN_POINT('',(-2.10000002756715,0.2,14.9000002577901));
#11881=CARTESIAN_POINT('',(-3.7000000551343,0.2,14.9000002577901));
#11882=CARTESIAN_POINT('Origin',(-3.7000000551343,0.2,14.4000002503395));
#11883=CARTESIAN_POINT('',(-3.7000000551343,0.,13.4500001251698));
#11884=CARTESIAN_POINT('',(-3.7000000551343,0.2,13.4500001251698));
#11885=CARTESIAN_POINT('Origin',(-3.90000005811453,0.2,15.2000002503395));
#11886=CARTESIAN_POINT('',(-3.7000000551343,0.,15.2000002503395));
#11887=CARTESIAN_POINT('',(-3.90000005811453,0.,15.2000002503395));
#11888=CARTESIAN_POINT('',(-2.20000002905726,0.,15.2000002503395));
#11889=CARTESIAN_POINT('',(-3.7000000551343,0.2,15.2000002503395));
#11890=CARTESIAN_POINT('',(-3.7000000551343,0.2,15.2000002503395));
#11891=CARTESIAN_POINT('',(-3.90000005811453,0.2,15.2000002503395));
#11892=CARTESIAN_POINT('',(-2.20000002905726,0.2,15.2000002503395));
#11893=CARTESIAN_POINT('',(-3.90000005811453,0.2,15.2000002503395));
#11894=CARTESIAN_POINT('Origin',(-3.90000005811453,0.2,15.7000002577901));
#11895=CARTESIAN_POINT('',(-3.90000005811453,0.,15.7000002577901));
#11896=CARTESIAN_POINT('',(-3.90000005811453,0.,14.100000128895));
#11897=CARTESIAN_POINT('',(-3.90000005811453,0.2,15.7000002577901));
#11898=CARTESIAN_POINT('',(-3.90000005811453,0.2,14.100000128895));
#11899=CARTESIAN_POINT('',(-3.90000005811453,0.2,15.7000002577901));
#11900=CARTESIAN_POINT('Origin',(-3.7000000551343,0.2,15.7000002577901));
#11901=CARTESIAN_POINT('',(-3.7000000551343,0.,15.7000002577901));
#11902=CARTESIAN_POINT('',(-2.10000002756715,0.,15.7000002577901));
#11903=CARTESIAN_POINT('',(-3.7000000551343,0.2,15.7000002577901));
#11904=CARTESIAN_POINT('',(-2.10000002756715,0.2,15.7000002577901));
#11905=CARTESIAN_POINT('',(-3.7000000551343,0.2,15.7000002577901));
#11906=CARTESIAN_POINT('Origin',(-3.7000000551343,0.2,15.2000002503395));
#11907=CARTESIAN_POINT('',(-3.7000000551343,0.,13.8500001251698));
#11908=CARTESIAN_POINT('',(-3.7000000551343,0.2,13.8500001251698));
#11909=CARTESIAN_POINT('Origin',(-3.90000005811453,0.2,16.0000002503395));
#11910=CARTESIAN_POINT('',(-3.7000000551343,0.,16.0000002503395));
#11911=CARTESIAN_POINT('',(-3.90000005811453,0.,16.0000002503395));
#11912=CARTESIAN_POINT('',(-2.20000002905726,0.,16.0000002503395));
#11913=CARTESIAN_POINT('',(-3.7000000551343,0.2,16.0000002503395));
#11914=CARTESIAN_POINT('',(-3.7000000551343,0.2,16.0000002503395));
#11915=CARTESIAN_POINT('',(-3.90000005811453,0.2,16.0000002503395));
#11916=CARTESIAN_POINT('',(-2.20000002905726,0.2,16.0000002503395));
#11917=CARTESIAN_POINT('',(-3.90000005811453,0.2,16.0000002503395));
#11918=CARTESIAN_POINT('Origin',(-3.90000005811453,0.2,16.5000002577901));
#11919=CARTESIAN_POINT('',(-3.90000005811453,0.,16.5000002577901));
#11920=CARTESIAN_POINT('',(-3.90000005811453,0.,14.500000128895));
#11921=CARTESIAN_POINT('',(-3.90000005811453,0.2,16.5000002577901));
#11922=CARTESIAN_POINT('',(-3.90000005811453,0.2,14.500000128895));
#11923=CARTESIAN_POINT('',(-3.90000005811453,0.2,16.5000002577901));
#11924=CARTESIAN_POINT('Origin',(-3.7000000551343,0.2,16.5000002577901));
#11925=CARTESIAN_POINT('',(-3.7000000551343,0.,16.5000002577901));
#11926=CARTESIAN_POINT('',(-2.10000002756715,0.,16.5000002577901));
#11927=CARTESIAN_POINT('',(-3.7000000551343,0.2,16.5000002577901));
#11928=CARTESIAN_POINT('',(-2.10000002756715,0.2,16.5000002577901));
#11929=CARTESIAN_POINT('',(-3.7000000551343,0.2,16.5000002577901));
#11930=CARTESIAN_POINT('Origin',(-3.7000000551343,0.2,16.0000002503395));
#11931=CARTESIAN_POINT('',(-3.7000000551343,0.,14.2500001251698));
#11932=CARTESIAN_POINT('',(-3.7000000551343,0.2,14.2500001251698));
#11933=CARTESIAN_POINT('Origin',(-3.90000005811453,0.2,16.8000002503395));
#11934=CARTESIAN_POINT('',(-3.7000000551343,0.,16.8000002503395));
#11935=CARTESIAN_POINT('',(-3.90000005811453,0.,16.8000002503395));
#11936=CARTESIAN_POINT('',(-2.20000002905726,0.,16.8000002503395));
#11937=CARTESIAN_POINT('',(-3.7000000551343,0.2,16.8000002503395));
#11938=CARTESIAN_POINT('',(-3.7000000551343,0.2,16.8000002503395));
#11939=CARTESIAN_POINT('',(-3.90000005811453,0.2,16.8000002503395));
#11940=CARTESIAN_POINT('',(-2.20000002905726,0.2,16.8000002503395));
#11941=CARTESIAN_POINT('',(-3.90000005811453,0.2,16.8000002503395));
#11942=CARTESIAN_POINT('Origin',(-3.90000005811453,0.2,17.3000002577901));
#11943=CARTESIAN_POINT('',(-3.90000005811453,0.,17.3000002577901));
#11944=CARTESIAN_POINT('',(-3.90000005811453,0.,14.900000128895));
#11945=CARTESIAN_POINT('',(-3.90000005811453,0.2,17.3000002577901));
#11946=CARTESIAN_POINT('',(-3.90000005811453,0.2,14.900000128895));
#11947=CARTESIAN_POINT('',(-3.90000005811453,0.2,17.3000002577901));
#11948=CARTESIAN_POINT('Origin',(-3.7000000551343,0.2,17.3000002577901));
#11949=CARTESIAN_POINT('',(-3.7000000551343,0.,17.3000002577901));
#11950=CARTESIAN_POINT('',(-2.10000002756715,0.,17.3000002577901));
#11951=CARTESIAN_POINT('',(-3.7000000551343,0.2,17.3000002577901));
#11952=CARTESIAN_POINT('',(-2.10000002756715,0.2,17.3000002577901));
#11953=CARTESIAN_POINT('',(-3.7000000551343,0.2,17.3000002577901));
#11954=CARTESIAN_POINT('Origin',(-3.7000000551343,0.2,16.8000002503395));
#11955=CARTESIAN_POINT('',(-3.7000000551343,0.,14.6500001251698));
#11956=CARTESIAN_POINT('',(-3.7000000551343,0.2,14.6500001251698));
#11957=CARTESIAN_POINT('Origin',(-7.00000012665987,0.2,8.20000011473895));
#11958=CARTESIAN_POINT('',(-6.25000012665987,0.2,8.20000011473895));
#11959=CARTESIAN_POINT('Origin',(-7.00000012665987,0.2,8.20000011473895));
#11960=CARTESIAN_POINT('',(-6.25000012665987,0.,8.20000011473895));
#11961=CARTESIAN_POINT('',(-6.25000012665987,0.2,8.20000011473895));
#11962=CARTESIAN_POINT('Origin',(-7.00000012665987,0.,8.20000011473895));
#11963=CARTESIAN_POINT('Origin',(-5.00000012665987,0.2,8.20000011473895));
#11964=CARTESIAN_POINT('',(-4.25000012665988,0.2,8.20000011473895));
#11965=CARTESIAN_POINT('Origin',(-5.00000012665987,0.2,8.20000011473895));
#11966=CARTESIAN_POINT('',(-4.25000012665988,0.,8.20000011473895));
#11967=CARTESIAN_POINT('',(-4.25000012665988,0.2,8.20000011473895));
#11968=CARTESIAN_POINT('Origin',(-5.00000012665987,0.,8.20000011473895));
#11969=CARTESIAN_POINT('Origin',(-2.87209982650104,0.2,7.29999230277534));
#11970=CARTESIAN_POINT('',(-2.87209982650104,0.2,6.99999230277534));
#11971=CARTESIAN_POINT('Origin',(-2.87209982650104,0.2,7.29999230277534));
#11972=CARTESIAN_POINT('',(-2.87209982650104,0.,6.99999230277534));
#11973=CARTESIAN_POINT('',(-2.87209982650104,0.2,6.99999230277534));
#11974=CARTESIAN_POINT('Origin',(-2.87209982650104,0.,7.29999230277534));
#11975=CARTESIAN_POINT('Origin',(-3.8000000566244,0.2,9.10000013560057));
#11976=CARTESIAN_POINT('',(-3.8000000566244,0.2,8.80000013560057));
#11977=CARTESIAN_POINT('Origin',(-3.8000000566244,0.2,9.10000013560057));
#11978=CARTESIAN_POINT('',(-3.8000000566244,0.,8.80000013560057));
#11979=CARTESIAN_POINT('',(-3.8000000566244,0.2,8.80000013560057));
#11980=CARTESIAN_POINT('Origin',(-3.8000000566244,0.,9.10000013560057));
#11981=CARTESIAN_POINT('Origin',(-3.77209983991207,0.2,7.29999230277535));
#11982=CARTESIAN_POINT('',(-3.77209983991207,0.2,6.99999230277535));
#11983=CARTESIAN_POINT('Origin',(-3.77209983991207,0.2,7.29999230277535));
#11984=CARTESIAN_POINT('',(-3.77209983991207,0.,6.99999230277535));
#11985=CARTESIAN_POINT('',(-3.77209983991207,0.2,6.99999230277535));
#11986=CARTESIAN_POINT('Origin',(-3.77209983991207,0.,7.29999230277535));
#11987=CARTESIAN_POINT('Origin',(-1.87209981159988,0.2,7.29999230277534));
#11988=CARTESIAN_POINT('',(-1.87209981159988,0.2,6.99999230277534));
#11989=CARTESIAN_POINT('Origin',(-1.87209981159988,0.2,7.29999230277534));
#11990=CARTESIAN_POINT('',(-1.87209981159988,0.,6.99999230277534));
#11991=CARTESIAN_POINT('',(-1.87209981159988,0.2,6.99999230277534));
#11992=CARTESIAN_POINT('Origin',(-1.87209981159988,0.,7.29999230277534));
#11993=CARTESIAN_POINT('Origin',(-2.90000004321337,0.2,9.10000013560057));
#11994=CARTESIAN_POINT('',(-2.90000004321337,0.2,8.80000013560056));
#11995=CARTESIAN_POINT('Origin',(-2.90000004321337,0.2,9.10000013560057));
#11996=CARTESIAN_POINT('',(-2.90000004321337,0.,8.80000013560056));
#11997=CARTESIAN_POINT('',(-2.90000004321337,0.2,8.80000013560056));
#11998=CARTESIAN_POINT('Origin',(-2.90000004321337,0.,9.10000013560057));
#11999=CARTESIAN_POINT('Origin',(-1.90000002831221,0.2,9.10000013560056));
#12000=CARTESIAN_POINT('',(-1.90000002831221,0.2,8.80000013560056));
#12001=CARTESIAN_POINT('Origin',(-1.90000002831221,0.2,9.10000013560056));
#12002=CARTESIAN_POINT('',(-1.90000002831221,0.,8.80000013560056));
#12003=CARTESIAN_POINT('',(-1.90000002831221,0.2,8.80000013560056));
#12004=CARTESIAN_POINT('Origin',(-1.90000002831221,0.,9.10000013560056));
#12005=CARTESIAN_POINT('Origin',(-2.90000004321337,0.2,8.20000012218952));
#12006=CARTESIAN_POINT('',(-2.90000004321337,0.2,7.90000012218952));
#12007=CARTESIAN_POINT('Origin',(-2.90000004321337,0.2,8.20000012218952));
#12008=CARTESIAN_POINT('',(-2.90000004321337,0.,7.90000012218952));
#12009=CARTESIAN_POINT('',(-2.90000004321337,0.2,7.90000012218952));
#12010=CARTESIAN_POINT('Origin',(-2.90000004321337,0.,8.20000012218952));
#12011=CARTESIAN_POINT('Origin',(-8.50000012665986,0.2,7.70000011473894));
#12012=CARTESIAN_POINT('',(-8.05000012665987,0.2,7.70000011473894));
#12013=CARTESIAN_POINT('Origin',(-8.50000012665986,0.2,7.70000011473894));
#12014=CARTESIAN_POINT('',(-8.05000012665987,0.,7.70000011473894));
#12015=CARTESIAN_POINT('',(-8.05000012665987,0.2,7.70000011473894));
#12016=CARTESIAN_POINT('Origin',(-8.50000012665986,0.,7.70000011473894));
#12017=CARTESIAN_POINT('Origin',(-8.50000025331974,0.2,8.8000002503395));
#12018=CARTESIAN_POINT('',(-8.05000025331974,0.2,8.8000002503395));
#12019=CARTESIAN_POINT('Origin',(-8.50000025331974,0.2,8.8000002503395));
#12020=CARTESIAN_POINT('',(-8.05000025331974,0.,8.8000002503395));
#12021=CARTESIAN_POINT('',(-8.05000025331974,0.2,8.8000002503395));
#12022=CARTESIAN_POINT('Origin',(-8.50000025331974,0.,8.8000002503395));
#12023=CARTESIAN_POINT('Origin',(-9.50000014156103,0.2,7.70000011473894));
#12024=CARTESIAN_POINT('',(-9.05000014156104,0.2,7.70000011473894));
#12025=CARTESIAN_POINT('Origin',(-9.50000014156103,0.2,7.70000011473894));
#12026=CARTESIAN_POINT('',(-9.05000014156104,0.,7.70000011473894));
#12027=CARTESIAN_POINT('',(-9.05000014156104,0.2,7.70000011473894));
#12028=CARTESIAN_POINT('Origin',(-9.50000014156103,0.,7.70000011473894));
#12029=CARTESIAN_POINT('Origin',(-9.97026828802797,0.2,10.3897381828868));
#12030=CARTESIAN_POINT('',(-6.37026836849424,0.,10.3897381828868));
#12031=CARTESIAN_POINT('',(-9.97026828802797,0.,10.3897381828868));
#12032=CARTESIAN_POINT('',(-5.23513414401398,0.,10.3897381828868));
#12033=CARTESIAN_POINT('',(-6.37026836849424,0.2,10.3897381828868));
#12034=CARTESIAN_POINT('',(-6.37026836849424,0.2,10.3897381828868));
#12035=CARTESIAN_POINT('',(-9.97026828802797,0.2,10.3897381828868));
#12036=CARTESIAN_POINT('',(-5.23513414401398,0.2,10.3897381828868));
#12037=CARTESIAN_POINT('',(-9.97026828802797,0.2,10.3897381828868));
#12038=CARTESIAN_POINT('Origin',(-9.97026828802797,0.2,18.3897380413258));
#12039=CARTESIAN_POINT('',(-9.97026828802797,0.,18.3897380413258));
#12040=CARTESIAN_POINT('',(-9.97026828802797,0.,15.4448690206629));
#12041=CARTESIAN_POINT('',(-9.97026828802797,0.2,18.3897380413258));
#12042=CARTESIAN_POINT('',(-9.97026828802797,0.2,15.4448690206629));
#12043=CARTESIAN_POINT('',(-9.97026828802797,0.2,18.3897380413258));
#12044=CARTESIAN_POINT('Origin',(-6.37026836849424,0.2,18.3897380413258));
#12045=CARTESIAN_POINT('',(-6.37026836849424,0.,18.3897380413258));
#12046=CARTESIAN_POINT('',(-3.43513418424712,0.,18.3897380413258));
#12047=CARTESIAN_POINT('',(-6.37026836849424,0.2,18.3897380413258));
#12048=CARTESIAN_POINT('',(-3.43513418424712,0.2,18.3897380413258));
#12049=CARTESIAN_POINT('',(-6.37026836849424,0.2,18.3897380413258));
#12050=CARTESIAN_POINT('Origin',(-6.37026836849424,0.2,10.3897381828868));
#12051=CARTESIAN_POINT('',(-6.37026836849424,0.,11.4448690914434));
#12052=CARTESIAN_POINT('',(-6.37026836849424,0.2,11.4448690914434));
#12053=CARTESIAN_POINT('Origin',(-9.5000002682209,0.2,8.8000002503395));
#12054=CARTESIAN_POINT('',(-9.0500002682209,0.2,8.8000002503395));
#12055=CARTESIAN_POINT('Origin',(-9.5000002682209,0.2,8.8000002503395));
#12056=CARTESIAN_POINT('',(-9.0500002682209,0.,8.8000002503395));
#12057=CARTESIAN_POINT('',(-9.0500002682209,0.2,8.8000002503395));
#12058=CARTESIAN_POINT('Origin',(-9.5000002682209,0.,8.8000002503395));
#12059=CARTESIAN_POINT('Origin',(-0.5,0.2,12.5));
#12060=CARTESIAN_POINT('',(-11.,0.2,19.));
#12061=CARTESIAN_POINT('',(10.,0.2,19.));
#12062=CARTESIAN_POINT('',(-0.5,0.2,19.));
#12063=CARTESIAN_POINT('',(10.,0.2,6.));
#12064=CARTESIAN_POINT('',(10.,0.2,12.5));
#12065=CARTESIAN_POINT('',(-11.,0.2,6.));
#12066=CARTESIAN_POINT('',(-0.5,0.2,6.));
#12067=CARTESIAN_POINT('',(-11.,0.2,12.5));
#12068=CARTESIAN_POINT('Origin',(-0.5,0.,12.5));
#12069=CARTESIAN_POINT('',(10.,0.,19.));
#12070=CARTESIAN_POINT('',(-11.,0.,19.));
#12071=CARTESIAN_POINT('',(-0.5,0.,19.));
#12072=CARTESIAN_POINT('',(-11.,0.,6.));
#12073=CARTESIAN_POINT('',(-11.,0.,12.5));
#12074=CARTESIAN_POINT('',(10.,0.,6.));
#12075=CARTESIAN_POINT('',(-0.5,0.,6.));
#12076=CARTESIAN_POINT('',(10.,0.,12.5));
#12077=CARTESIAN_POINT('Origin',(-11.,0.1,12.5));
#12078=CARTESIAN_POINT('',(-11.,0.1,6.));
#12079=CARTESIAN_POINT('',(-11.,0.1,19.));
#12080=CARTESIAN_POINT('Origin',(-0.5,0.1,6.));
#12081=CARTESIAN_POINT('',(10.,0.1,6.));
#12082=CARTESIAN_POINT('Origin',(10.,0.1,12.5));
#12083=CARTESIAN_POINT('',(10.,0.1,19.));
#12084=CARTESIAN_POINT('Origin',(-0.5,0.1,19.));
#12085=UNCERTAINTY_MEASURE_WITH_UNIT(LENGTH_MEASURE(0.001),#12089,
'DISTANCE_ACCURACY_VALUE',
'Maximum model space distance between geometric entities at asserted c
onnectivities');
#12086=UNCERTAINTY_MEASURE_WITH_UNIT(LENGTH_MEASURE(0.001),#12089,
'DISTANCE_ACCURACY_VALUE',
'Maximum model space distance between geometric entities at asserted c
onnectivities');
#12087=(
GEOMETRIC_REPRESENTATION_CONTEXT(3)
GLOBAL_UNCERTAINTY_ASSIGNED_CONTEXT((#12085))
GLOBAL_UNIT_ASSIGNED_CONTEXT((#12089,#12091,#12092))
REPRESENTATION_CONTEXT('','3D')
);
#12088=(
GEOMETRIC_REPRESENTATION_CONTEXT(3)
GLOBAL_UNCERTAINTY_ASSIGNED_CONTEXT((#12086))
GLOBAL_UNIT_ASSIGNED_CONTEXT((#12089,#12091,#12092))
REPRESENTATION_CONTEXT('','3D')
);
#12089=(
LENGTH_UNIT()
NAMED_UNIT(*)
SI_UNIT(.CENTI.,.METRE.)
);
#12090=(
LENGTH_UNIT()
NAMED_UNIT(*)
SI_UNIT($,.METRE.)
);
#12091=(
NAMED_UNIT(*)
PLANE_ANGLE_UNIT()
SI_UNIT($,.RADIAN.)
);
#12092=(
NAMED_UNIT(*)
SI_UNIT($,.STERADIAN.)
SOLID_ANGLE_UNIT()
);
#12093=SHAPE_DEFINITION_REPRESENTATION(#12094,#12095);
#12094=PRODUCT_DEFINITION_SHAPE('',$,#12097);
#12095=SHAPE_REPRESENTATION('',(#6693),#12087);
#12096=PRODUCT_DEFINITION_CONTEXT('part definition',#12101,'design');
#12097=PRODUCT_DEFINITION('2026-08-05-16-23-52-796','FusionComponent',#12098,
#12096);
#12098=PRODUCT_DEFINITION_FORMATION('',$,#12103);
#12099=PRODUCT_RELATED_PRODUCT_CATEGORY('FusionComponent',
'FusionComponent',(#12103));
#12100=APPLICATION_PROTOCOL_DEFINITION('international standard',
'automotive_design',2009,#12101);
#12101=APPLICATION_CONTEXT(
'Core Data for Automotive Mechanical Design Process');
#12102=PRODUCT_CONTEXT('part definition',#12101,'mechanical');
#12103=PRODUCT('2026-08-05-16-23-52-796','FusionComponent',$,(#12102));
#12104=PRESENTATION_STYLE_ASSIGNMENT((#12105));
#12105=SURFACE_STYLE_USAGE(.BOTH.,#12106);
#12106=SURFACE_SIDE_STYLE('',(#12107));
#12107=SURFACE_STYLE_FILL_AREA(#12108);
#12108=FILL_AREA_STYLE('Plastic - Glossy (White)',(#12109));
#12109=FILL_AREA_STYLE_COLOUR('Plastic - Glossy (White)',#12110);
#12110=COLOUR_RGB('Plastic - Glossy (White)',0.964705882352941,0.964705882352941,
0.952941176470588);
ENDSEC;
END-ISO-10303-21;
